"gene_id","baseMean","log2FoldChange","lfcSE","pvalue","padj"
"AFAP1-AS1",5077.84605084855,6.84987765026001,0.301723082731615,2.68098001946999e-115,5.4265716574092e-111
"ETV4",2738.8494725597,4.13918038786749,0.226920736825598,1.23316405252583e-75,1.24802367935876e-71
"GCNT3",2541.87720364466,5.93617587038577,0.336013389215022,4.38124900464388e-71,2.95602870343323e-67
"COL10A1",4101.2377514448,4.27674225081462,0.247124693298336,2.38712801463914e-68,1.20794645360777e-64
"LOC154860",443.240222040496,6.81474304570003,0.41025822707395,3.45496347415516e-63,1.39863831360749e-59
"ACVRL1",15253.8496951312,-2.25381373179824,0.135889782795813,1.0400067972641e-62,3.50846293057046e-59
"PROM2",4851.34424458806,2.95663869058119,0.179735697495206,5.92284900423336e-62,1.57289751206176e-58
"TMEM184A",1959.20796191932,2.76347213646084,0.167863655287133,6.21667906550767e-62,1.57289751206176e-58
"XDH",2041.93167689139,4.61625344054131,0.281772904101952,1.56720471998596e-61,3.52464341524842e-58
"PYCR1",4498.07222454258,3.2110979949167,0.196362700516799,4.10065673764619e-61,8.30013930266964e-58
"GPT2",2789.90583670917,2.63647252260031,0.16694153413257,2.8370128767367e-57,5.22036160345705e-54
"ABCC3",13584.784496963,2.55101751838394,0.161952708732447,6.88076443005368e-57,1.1606129402393e-53
"SPINK1",5056.57835376975,7.47529807337835,0.476294537008974,9.04363748353145e-57,1.40809435618585e-53
"ABCA12",808.442748855872,5.91766218085593,0.379966943895183,6.34496922169221e-56,9.17346585830515e-53
"RASAL1",495.337076966733,4.02004486877142,0.258956235377443,9.81079983147827e-56,1.32386932925968e-52
"PODXL2",2452.1428765582,3.12002038606526,0.202793728940076,1.08136149603435e-54,1.36798987757695e-51
"SPDEF",1714.69776108773,3.70592175510284,0.241118227458448,1.81859307614871e-54,2.1653024973133e-51
"HSPA12B",3552.07926315425,-2.40771638743136,0.158904181427492,5.69626107095715e-53,6.40544557429131e-50
"HABP2",3854.58316186717,6.12903790936517,0.405064421724202,6.10845518801917e-53,6.50743376108926e-50
"C14orf132",9185.39843681912,-1.85041036981315,0.124017076727768,2.65087220403331e-51,2.68281521409192e-48
"TMPRSS4",4996.75235409602,4.66663349449735,0.31387170410502,2.92908185876812e-51,2.82321647158693e-48
"LOC100505495",2003.68577643447,-2.19143595367904,0.147057780015474,3.1501205898635e-51,2.89825412997396e-48
"RAMP2",7546.96005998319,-2.39118429062683,0.160757218212408,3.75098021716495e-51,3.30102567720156e-48
"UNC5CL",896.393226219687,3.19728672415961,0.215390041296626,5.11601768850944e-51,4.31472141804665e-48
"ARHGEF26",7559.93550046031,-2.09394432136804,0.143327415375661,2.36758245215327e-49,1.91688945656137e-46
"ADM2",1038.51282690424,3.33093181602256,0.228499281591929,2.9749151923135e-49,2.31597147721606e-46
"USHBP1",1030.97599630922,-2.2216830487873,0.152365990574456,3.1434094414868e-49,2.35650927796794e-46
"ARHGAP40",530.132610378275,4.77200455829165,0.328028639695159,3.54796412681908e-49,2.5647979246766e-46
"LOC100506385",348.058792186729,2.66237114099478,0.182948712354084,4.17315536045465e-49,2.91271853968836e-46
"RAMP3",7751.38860547939,-2.66901962920525,0.183691367874278,5.67261399246958e-49,3.82731266071923e-46
"METTL7B",1069.22860075286,3.3966189134722,0.23404323935923,7.12665219623379e-49,4.507830221999e-46
"IGSF9",1576.3700797705,4.02900534968485,0.277905523783603,7.11248931350375e-49,4.507830221999e-46
"SCUBE1",1939.96644163045,-2.80972554855145,0.193990171750283,1.11563819557135e-48,6.84291900501807e-46
"TMEM100",12860.3649703368,-3.64007806475123,0.252283981273537,5.38101309148215e-48,3.20344370543206e-45
"LIMS2",6526.18287052643,-2.1945940341056,0.152585779604845,6.10691465794158e-48,3.53171598832559e-45
"CAV1",91285.6902248986,-2.50304385965529,0.176289037818656,1.04984731850381e-47,5.90276654828766e-45
"UPK3B",8119.4048937385,-3.12137992561577,0.218481887496287,1.23846101914152e-47,6.77505121309284e-45
"CEACAM5",48468.2171380545,6.45049775109235,0.453778832264177,4.41811429078342e-47,2.35334345683545e-44
"NOVA2",746.663241993566,-2.21788746505183,0.155985760665521,6.9945119046076e-47,3.63015167849134e-44
"PVRL4",4164.16696510822,2.67804340943657,0.189000319547609,1.12793696421784e-46,5.70764302318332e-44
"SERINC2",10151.8988363178,2.43850313097215,0.171759735261587,1.20623385828138e-46,5.95497061596913e-44
"HS6ST2",2347.14615181893,4.33429427125339,0.306738356938403,1.42021279256931e-46,6.84441122247511e-44
"MNX1",202.158890370072,5.01077411447392,0.356811362705682,4.47831374343787e-46,2.10803601118433e-43
"GCOM1",5730.13917157247,-2.69241087726724,0.192218223035869,1.12267340672764e-45,5.16455282399413e-43
"CRABP2",5099.27818188868,4.92344789670339,0.353869526112,3.11555537551758e-45,1.38365740688868e-42
"SMPDL3B",2587.74677223775,2.31310626925623,0.165684385862476,3.14452056305911e-45,1.38365740688868e-42
"ROBO4",11524.3234291329,-2.424556417864,0.174069433452644,3.37281292377713e-45,1.45253417851432e-42
"C20orf202",142.480587524196,-2.15377140910271,0.154718250695952,3.5969169694449e-45,1.5167749245528e-42
"SPOCK2",45099.8314587001,-2.26123484570178,0.162910380569356,6.7436986400755e-45,2.78569804436262e-42
"SYT12",819.919456825053,5.61906501781723,0.406427089520575,1.02487613405045e-44,4.14890356586301e-42
"ITLN2",1888.1012046699,-3.66333232414372,0.264611563777146,1.06174047990994e-44,4.21386059879551e-42
"ABCA4",2576.20871503582,5.10850080868903,0.369636317537675,1.12926788879532e-44,4.39567525713579e-42
"C20orf160",1682.4962923312,-2.21050954223571,0.15992633347906,1.59526784408819e-44,5.97959563559057e-42
"ECSCR",2386.27430399269,-1.91951956461108,0.138793208719724,1.58314756507923e-44,5.97959563559057e-42
"PTRF",59809.7089500814,-1.65041751281588,0.120633025337279,1.65278643223467e-44,6.08255457724763e-42
"FAM83A",2033.60459476368,5.46345186949099,0.396447599774162,1.86346888455374e-44,6.73544173075933e-42
"LOC158376",459.759993516862,-2.3640295085152,0.171223751060706,1.99723285380905e-44,7.09227898139454e-42
"PLEKHN1",331.158578743239,2.79735237526427,0.202954867138561,2.85506488906077e-44,9.96368421025503e-42
"RHBDL2",699.326134810553,2.47140629044771,0.179447710283099,3.58592236744242e-44,1.23021448541359e-41
"EPAS1",207767.723267205,-2.32677395681602,0.170525952402407,3.76019887063847e-44,1.26850308900989e-41
"SPP1",22781.5551524428,5.25514678391401,0.383047321020784,4.73516134938517e-44,1.57121968644107e-41
"EXOC3L1",1150.88885392072,-1.49826752730706,0.108778995855873,5.58755097514741e-44,1.82415514980579e-41
"TOX3",2155.83193932667,3.41059344545068,0.248726722727782,6.07896083370882e-44,1.95308327357302e-41
"GLB1L3",676.582012532597,5.21133155104324,0.381465686376768,1.01409575760232e-43,3.20723628587945e-41
"AGER",106394.702862571,-3.30036733908715,0.241636706443056,1.16918430028394e-43,3.6408399110842e-41
"SEMA5A",12911.9653785255,-2.27121021160864,0.166286663721222,1.47719255075159e-43,4.53028097269135e-41
"ST6GALNAC5",1929.02289463357,-2.01592181258305,0.14785136393873,3.33204780435989e-43,1.00662656131416e-40
"BCL2L15",1163.76102793455,2.88727361208729,0.21254802440222,3.47313439752799e-43,1.03381931382888e-40
"SH2D3C",6945.98465185459,-1.91644260022601,0.140954539077813,4.09496502150231e-43,1.20124908695983e-40
"PECAM1",31482.2632487684,-1.67697470696126,0.124133428174139,4.63361488260079e-43,1.33984284055318e-40
"MMP11",4380.8156710616,5.16528228943053,0.381292584144717,5.06376188253574e-43,1.44360006006206e-40
"PRX",10107.8800606985,-2.42578782508242,0.179212840526104,7.5612317632299e-43,2.12565127943801e-40
"FUT2",1392.82614037397,2.93743596593357,0.216952781274982,8.12900267601276e-43,2.25396086527636e-40
"OCIAD2",4767.93755394651,2.03968973691989,0.151397786747812,1.58154344151296e-42,4.32594875671133e-40
"EPCAM",28187.5068791091,1.6704486662381,0.123475496306185,6.50356090501545e-42,1.75518101704557e-39
"AMOTL1",18038.7871520629,-1.17526385145143,0.0878771509172128,1.73342836603421e-41,4.61662152064452e-39
"NCKAP5",5136.83326141849,-2.64420479754389,0.199359061620305,2.37793012424922e-41,6.25086800583486e-39
"EMCN",7716.43377687984,-2.23132484452975,0.169910302271337,3.45054017449668e-41,8.95415175281888e-39
"DNAH14",595.601906209096,1.72979670977559,0.130474017257396,5.24663429338209e-41,1.34426740167528e-38
"CA10",265.254593862597,5.67890887295094,0.431040544955359,6.8186365427443e-41,1.72520027827109e-38
"GRHL3",180.542336919379,3.2253340789623,0.244882779058017,8.92844595083722e-41,2.23111943815921e-38
"NDRG4",2966.58913585905,-2.58530377717089,0.196387297891482,1.06546847679769e-40,2.63001798034902e-38
"PDLIM2",7751.45445296669,-1.41302970420793,0.106252113427029,1.18784082339777e-40,2.89675736221618e-38
"CCDC85A",2246.68224515281,-2.47887327291223,0.188474448423909,1.2883299429676e-40,3.10441504471515e-38
"SGPP2",3249.31078857459,2.3402808595432,0.177866072486726,1.6898481394451e-40,4.02402543417745e-38
"ARHGEF15",4862.79894606471,-2.10986568443559,0.161028746265236,3.71377101928586e-40,8.72643197621599e-38
"EMP2",105593.081546164,-1.8175173666183,0.138731518465883,3.75080076049005e-40,8.72643197621599e-38
"LOC645249",91.3662025754802,5.98105514450445,0.460238561678681,7.10532283296449e-40,1.63430499388675e-37
"C10orf67",332.732873292395,-2.86909617686995,0.22161327483088,1.5830367912877e-39,3.60025254971397e-37
"CA9",1693.96361898874,7.15907310887066,0.553804254845262,1.76456016679239e-39,3.96849581511608e-37
"AKAP2",44198.9122956492,-1.95578844732083,0.151991472457137,2.19917596058359e-39,4.89159567232665e-37
"FERMT2",13067.6759320943,-1.38474143597331,0.105717589968357,2.45100672058871e-39,5.39248119906915e-37
"B3GNT6",1093.47235448487,5.09260510722491,0.394649396434345,2.52044742108589e-39,5.48563185486016e-37
"CLEC14A",9277.50556365165,-1.88747417125879,0.146137655760951,2.7246190441884e-39,5.86691639078909e-37
"GATA2",4355.18674729394,-2.07132359850306,0.160213158619339,2.94816472477468e-39,6.28145286254361e-37
"TRIM2",14307.7880932521,1.68709750837599,0.129934212405475,3.55606286849336e-39,7.49773630428896e-37
"RASIP1",4324.00974178823,-2.07101558839051,0.1606709798998,4.89764401106614e-39,1.02199188070093e-36
"SH3GL3",283.4822737077,-3.26436300652267,0.25405239312174,5.19478641510751e-39,1.07293542681828e-36
"FZD4",13603.8208771021,-1.79885881550908,0.140524301447946,5.25929391064342e-39,1.07528654591246e-36
"NELL1",1287.28386178134,6.72581949979784,0.525168079739463,7.55248174637665e-39,1.51356220820208e-36
"CLEC3B",11197.1026107279,-2.81063186979468,0.21918972795161,9.08631826864215e-39,1.80309968701555e-36
"MSL3P1",521.686496802438,2.60378189536143,0.203042255193578,9.26876095347343e-39,1.82144650931316e-36
"LMO2",4177.62942208017,-1.60531327963304,0.124915252021007,1.60493569399868e-38,3.10488884719961e-36
"GIMAP1",3256.17346033206,-1.65149498263857,0.128874217660838,1.61065821330942e-38,3.10488884719961e-36
"C2CD4A",571.913785640687,4.00982174393113,0.31328744868378,1.64602781188008e-38,3.1431366924778e-36
"STX2",2974.07392473675,-1.08836121107203,0.0845860762608747,1.78797359965507e-38,3.38227790940357e-36
"CBLC",495.973308414576,2.67089882527502,0.209278152529723,1.95227592149682e-38,3.6588904562053e-36
"RTKN2",20180.6183474297,-2.96448863589989,0.23247518046505,2.27819892898558e-38,4.23055270840342e-36
"GRK5",9151.19130373419,-1.95838972723495,0.153682871471966,3.24831879834189e-38,5.97720189065802e-36
"GYLTL1B",1424.72769712578,2.22918950307308,0.17498968726099,3.57862826721419e-38,6.52567700510652e-36
"FOXF1",4369.70491888184,-2.25839100675896,0.1780350720529,6.07309347423894e-38,1.09754897332206e-35
"FAM124A",535.417111075071,-1.57701468029078,0.124189601340902,8.68537660568515e-38,1.55575847677587e-35
"CLIC5",30256.5194277764,-2.25141890984157,0.178476899998441,1.46723809505225e-37,2.60511984929409e-35
"MANEAL",1665.61437852704,1.7533631171504,0.138329297134535,1.6817065718489e-37,2.95994980180814e-35
"STK39",5152.62396101746,1.54820593768688,0.121941956889413,2.09754197592585e-37,3.66002992540648e-35
"STARD13",5458.23641614706,-1.59535826122435,0.126241001725796,2.51083133245202e-37,4.34373820514199e-35
"CDH5",24034.6400382741,-2.25235813301324,0.179825606610416,4.84049814594205e-37,8.30309516711975e-35
"GNG11",8330.52499269538,-1.90294593228051,0.152839848146016,6.10379292378315e-37,1.03820901319575e-34
"SPTBN2",5006.98636497389,2.84876950878703,0.228555112879455,1.017597240139e-36,1.71643214480446e-34
"SLC50A1",4626.13033715324,1.66052724510355,0.132439002332812,1.21077848462436e-36,2.02540225680013e-34
"EFNA4",903.086542519656,1.92909484414287,0.154776944235215,1.43155382185032e-36,2.37508859902232e-34
"LOC400550",6057.08943959836,-2.99098825662089,0.240877778630249,1.54508387464515e-36,2.54260509810509e-34
"MYCT1",3257.82299941381,-1.92404753141186,0.155048517189539,2.57634712135959e-36,4.20547113576124e-34
"EPHA10",647.886173198347,2.80202908859912,0.226376509684857,3.00295705401978e-36,4.86262829843315e-34
"KANK3",4242.60315996612,-2.18086714897469,0.176323618650703,3.47382308615036e-36,5.58044865768011e-34
"FEZF1",133.004592754815,5.9539217905768,0.482750976769809,3.59475182364225e-36,5.72924186317659e-34
"STXBP6",2267.76947560355,-2.66901542039749,0.216186376051236,3.77148719734157e-36,5.96395877823366e-34
"TRIM54",106.0754502089,4.80142469481137,0.389681530311216,4.37311362680943e-36,6.8617203814147e-34
"SASH1",14297.6360934947,-1.52499167253645,0.123392269733697,6.49635676579202e-36,1.01148274843382e-33
"IL1RL2",140.476857855957,2.00694132471269,0.162845200750862,6.66530514832011e-36,1.02986596570341e-33
"SPRYD7",2585.24271814032,-1.1571773493368,0.0935334359615602,7.9862573101695e-36,1.22461995617531e-33
"C1orf106",5732.20433692405,2.51617737292907,0.204530363418967,8.20826580308006e-36,1.24919930917401e-33
"VIPR1",10954.5279096403,-2.62562929132687,0.213794879548246,8.58802083036163e-36,1.29723977333843e-33
"TMEM63C",819.208517792768,3.99552898385027,0.325843338279187,8.86957516939254e-36,1.32984497039759e-33
"AFAP1L1",4243.80720138235,-1.82956072583014,0.149676481355487,1.43417697553687e-35,2.13449824719424e-33
"CHRM1",418.132016471794,-3.32572995519592,0.272538708379943,1.85227687986443e-35,2.71680698009681e-33
"BVES",874.77716491326,-1.4091449320818,0.114665701605828,1.85162144267145e-35,2.71680698009681e-33
"RCC1",3934.4222455994,1.43003099466596,0.116126666027098,1.89323888713006e-35,2.75690995067623e-33
"CST1",762.579564136223,6.89017677583911,0.564152097471914,1.9582615051436e-35,2.83122650897226e-33
"PTPN21",9195.04922992123,-1.80614345869123,0.147898260848799,2.02288119848212e-35,2.90391052045933e-33
"PCDH12",6003.13173260143,-1.85874489160791,0.152124650587547,2.63714647323542e-35,3.75904801160269e-33
"SALL4",181.26530443871,4.29575371645698,0.353115331803586,3.34746757463496e-35,4.73818819427876e-33
"KDELR3",2779.7164069224,1.75611522637044,0.143321079814906,3.98234110416918e-35,5.59767821454781e-33
"RGS9",762.668906462561,-2.08328411124904,0.171209792098038,4.16881053696869e-35,5.81937200543333e-33
"QKI",27751.2580350931,-1.22251866896261,0.100021958819614,5.01393492945236e-35,6.95116828130447e-33
"CEACAM7",295.884163009391,5.39322572109071,0.446021708090694,6.43102006351576e-35,8.81219412396935e-33
"LEMD1",214.478756394354,4.23608599926756,0.350274877314501,6.44338091175072e-35,8.81219412396935e-33
"TTLL7",1105.78198834893,-2.072126294749,0.170836438277482,7.09921465396308e-35,9.64397341012528e-33
"COX4I2",1123.75797040045,-1.88290039405243,0.155792843917428,1.23701908022971e-34,1.66923354686198e-32
"CAV2",29948.9872242793,-1.86552210737717,0.154705190222074,1.42464929486804e-34,1.90824305277677e-32
"CLDN5",10519.2204294549,-2.0764443972782,0.172060227027379,1.43299710499515e-34,1.90824305277677e-32
"MYL9",36038.7640709135,-1.4288084535285,0.118075282549059,1.67876176092749e-34,2.22090305901525e-32
"GIMAP6",11236.6553571397,-1.82478792728043,0.151360741585199,1.90894836760179e-34,2.50902752653428e-32
"SPTBN1",160774.954027178,-1.46197950777725,0.121021424370535,2.1242951185653e-34,2.77405532225034e-32
"WNT9A",461.957218930638,-1.58682908823961,0.131617434097358,2.35948026826226e-34,3.06142564807029e-32
"EDNRB",18254.9800673842,-2.71187341183046,0.226198605414563,3.02208137941929e-34,3.89617510833286e-32
"C1orf170",112.326877631393,2.69312163466558,0.224544248780285,3.04933949710321e-34,3.90643549119406e-32
"HEG1",35068.0670185105,-1.95478403610917,0.162766775280381,3.30946332129106e-34,4.2130092507077e-32
"NRG3",206.515133239826,-1.55569995752924,0.229997880651542,3.47262624774716e-34,4.39308924254064e-32
"KIF26B",1860.57449385032,2.92090102287793,0.244145776941621,4.18278001873642e-34,5.25861182355552e-32
"ZNF833P",112.517225291065,-1.55718671530938,0.129913382566807,6.04861736130722e-34,7.53999032262138e-32
"PPM1F",9105.65789567101,-1.37317289001348,0.114438667302077,6.07192541172513e-34,7.53999032262138e-32
"CFL2",5957.93828209188,-1.23704810383593,0.103078463011028,6.70801265064745e-34,8.27907829644848e-32
"TUBB3",1473.88554029767,4.32493175813149,0.364086090458688,9.13880836143783e-34,1.12108254572038e-31
"GPER",934.111931871668,-2.11680205090587,0.177676349599021,9.4614857774107e-34,1.1536742989191e-31
"TBX3",5473.59091827381,-1.92189054463253,0.161473561277417,1.02272644488966e-33,1.23958119586896e-31
"GDF15",10158.6283161686,3.32665429341144,0.280716244509859,1.43124426852495e-33,1.7243937642389e-31
"C8orf73",2157.25343755392,2.65446858703904,0.223895905738124,1.5376493660654e-33,1.84163081766448e-31
"EGF",732.637334086084,2.79753454340536,0.23641920507336,1.72136026752116e-33,2.04953253969976e-31
"KL",1912.22808835664,-2.15114892075851,0.181391119747428,1.77297419774603e-33,2.09864156354253e-31
"ABP1",1133.61014589464,4.56499600255808,0.387499715277847,2.93140398814414e-33,3.44968303046661e-31
"CALCRL",27407.3341990558,-2.4056338508434,0.205217846161017,3.3463728464367e-33,3.91525623033094e-31
"FUT3",1576.12729596304,2.69180770730589,0.228321759487782,4.33387989839996e-33,5.04149787491457e-31
"NOTCH4",8118.46451147522,-1.90888145752021,0.162193413225369,4.46104461907626e-33,5.15977166484129e-31
"SERTM1",1074.55583072377,-3.35676441679009,0.285697066806718,4.68593882378657e-33,5.38909589387864e-31
"GIMAP7",5360.49540211689,-1.69316802511995,0.144195828475355,5.59851592133041e-33,6.36626745863196e-31
"PVT1",420.808340198678,2.03680475214493,0.172874741113205,5.57997081451411e-33,6.36626745863196e-31
"TEK",11357.3414536711,-2.54538114785775,0.216800857436084,6.04291610287298e-33,6.83322149934369e-31
"ERG",6986.04508485457,-1.6888556659263,0.143467004089396,6.19486065131973e-33,6.96612080240903e-31
"MAP7D2",548.347517540518,3.44196045962293,0.29363286037344,6.27159839284911e-33,7.01344878837895e-31
"LOC145837",600.833157048135,4.33154208419084,0.370277684991037,7.67461910617851e-33,8.53527282022853e-31
"IL37",190.9341280229,6.14527348949479,0.525545200136941,7.85069122304691e-33,8.68337929211435e-31
"GIMAP1-GIMAP5",7232.8779695175,-1.62185838017798,0.138766031194828,9.87577228735786e-33,1.08638862428484e-30
"COL22A1",338.813796749648,3.43935882580277,0.29432360997105,1.02739991553207e-32,1.12408657785322e-30
"ARHGEF10",6924.32936264994,-1.59484597816348,0.13547226696861,1.22912835038643e-32,1.33756919033181e-30
"LDB2",8572.83042655785,-2.0821868522752,0.178129859233545,1.36407662078033e-32,1.47648528776549e-30
"ANGPTL7",299.481892589356,-2.49934601680571,0.214148223820938,1.39501915977317e-32,1.49732304047786e-30
"THSD1",1989.18087146215,-2.17026610796136,0.185784675497278,1.39812289239818e-32,1.49732304047786e-30
"HYAL2",14058.9327407282,-1.27263100007651,0.106931996354005,1.43485934141164e-32,1.52857831207964e-30
"NRN1",2068.02947688763,-1.79836835403233,0.153836589673063,1.57192514708541e-32,1.66582915718093e-30
"SLC39A11",4841.26522742501,1.23574995625796,0.105589130625773,2.110400872425e-32,2.22482416972679e-30
"CRYAB",2886.38388719418,-1.7175879621255,0.14731164214815,2.28620715064319e-32,2.39767455627818e-30
"LOC100190938",637.371034682212,-1.48852522495166,0.127421936349488,2.35804830267831e-32,2.46027091208823e-30
"C10orf25",487.365056245954,-1.25934305458637,0.107717601841576,2.70761979781905e-32,2.81050935013618e-30
"FGF11",470.507497520852,3.1506781854507,0.271622900964888,2.82488978241092e-32,2.91727520845813e-30
"CTNNAL1",9088.21371396146,-1.54731036518355,0.133038435108643,2.85875300203894e-32,2.93725987382082e-30
"PAICS",7538.66849994779,1.25487119601367,0.10665878209851,3.07685824294911e-32,3.14538826745116e-30
"FERMT1",1672.39860100874,2.72564335707657,0.23507457836532,3.15105156927037e-32,3.20504697555786e-30
"RNF144B",10437.1070184225,-1.19018634452019,0.101955363223598,3.85526267936075e-32,3.90171859464704e-30
"ZNF774",215.677795712556,1.26171761227383,0.108256743657941,4.33497561894675e-32,4.36538514940802e-30
"SH2D1B",380.80711521765,-2.5253720135736,0.218497280634054,5.05981647874738e-32,5.07008640328345e-30
"LOC285758",281.026451271071,-1.93338118349335,0.166838171024647,5.28582890080032e-32,5.27046614685218e-30
"CLDN2",8580.16207974979,5.60217453276487,0.486010056574403,5.56146724365291e-32,5.51812051366561e-30
"BARX1",163.452580701078,7.43076613607984,0.64389320841752,5.82139842688582e-32,5.724293975214e-30
"LOC728192",86.8702153728138,4.63400024693081,0.402606420550298,5.82582164366426e-32,5.724293975214e-30
"SMAD6",6455.44569414245,-2.09030464954567,0.180823022743891,6.27847807633325e-32,6.13925964942325e-30
"RS1",269.638259795364,-2.47940561374708,0.215053428756218,6.83270495714251e-32,6.6490760114193e-30
"SEMA3G",5907.72048000877,-2.68197888429247,0.232779561805403,7.9538927458531e-32,7.70309775448864e-30
"GPM6A",4087.30662949534,-2.80077232188665,0.243235808155042,8.05030447117268e-32,7.75934346671458e-30
"WWC2",15799.7087798146,-1.564470827496,0.135292289969332,8.15918515130087e-32,7.82701737665786e-30
"GOLM1",13672.098093035,2.17302538774559,0.1873922886767,8.50370915306987e-32,8.11903664940034e-30
"MICALL2",2972.91778573616,1.34594941298474,0.116120618743665,8.60364735013371e-32,8.17588854526087e-30
"FOXA3",459.436062286204,3.76246660683268,0.327389545956085,9.11628908190913e-32,8.62256108910854e-30
"ADCY4",2407.81301198911,-1.85611748005804,0.159842784638351,9.16277431895947e-32,8.62621930186319e-30
"GYG2",826.476317370547,2.42729359129569,0.210760749084896,9.9579895068438e-32,9.33146600037155e-30
"PAK6",1382.27132331932,1.48001354780542,0.128299496957272,1.15754629722055e-31,1.07971864525535e-29
"C6orf222",145.782649713523,6.05454499338877,0.529806464324227,1.63747823015369e-31,1.52037600259362e-29
"HMGB3",8445.90872736892,2.72615417476351,0.23804619217476,1.7669661745131e-31,1.63311243553971e-29
"ARHGEF16",2236.14446069417,1.78006921226892,0.155371134302691,2.11610579207589e-31,1.94046836813698e-29
"TMEM47",8259.98774218506,-1.62798460517952,0.142267180227745,2.11868736405451e-31,1.94046836813698e-29
"ATP10B",942.084242464138,5.07477099670848,0.445144471726638,2.33650413162758e-31,2.13032342920152e-29
"SYNM",6198.14813199254,-1.80411729766053,0.157943794926812,2.69172759594162e-31,2.44319543809213e-29
"DNAJC12",654.799561839166,3.40686584062979,0.298955732558908,2.75711090639969e-31,2.49136972573376e-29
"LYVE1",5049.01739652489,-2.77716220550985,0.242942899749608,3.38968572629709e-31,3.04936127937687e-29
"FRMD5",255.789045809775,3.89427981222138,0.342142401097897,3.52871691547761e-31,3.16038757018506e-29
"GFRA3",1750.85852992058,4.64276409909466,0.40741349285792,3.70966740597507e-31,3.30781400723971e-29
"C10orf54",11685.8920771234,-1.15093847858545,0.100279066379147,4.68725232373411e-31,4.16116992476763e-29
"NRAP",66.757485943336,4.18396075042712,0.369740296295547,5.98444407086198e-31,5.28956910210993e-29
"RHBDL1",248.53778730513,3.00548721795745,0.265168673095153,6.44348219490899e-31,5.67054448291969e-29
"SDPR",31169.7844289481,-2.28334275198187,0.205307308452898,8.73045468361154e-31,7.64991918835417e-29
"LCT",219.968115388498,5.28357077815416,0.468515704842496,9.76555238102719e-31,8.52002352346428e-29
"PC",2083.77158368024,1.64828505904857,0.14459684806759,9.99725647195553e-31,8.68474112656017e-29
"EPN3",889.662957294984,2.83709347113744,0.250992550381264,1.0110882163942e-30,8.74591307180986e-29
"NCR1",151.596803585299,-2.47134498198689,0.218844047035799,1.05003974022294e-30,9.04419335397978e-29
"TRPC3",184.746306692401,-2.00183921320227,0.177054314656803,1.13907603125324e-30,9.76950760533762e-29
"PRKCE",6356.88464140453,-1.47905210307978,0.130530361792364,1.25043897923e-30,1.06793820162846e-28
"SBK1",2229.87355119165,2.42059348541722,0.214420999607346,1.41637792838286e-30,1.20457586757973e-28
"ST6GALNAC1",5644.64819185203,2.59296668956495,0.229883717363655,1.53151582969563e-30,1.29164216286955e-28
"EML1",4088.51079135724,-1.56610238142784,0.138498455166417,1.52661471004522e-30,1.29164216286955e-28
"PLEK2",852.028016646528,2.47984844623699,0.220164659721947,1.75563757029816e-30,1.47451701495457e-28
"CA4",2395.51114198899,-2.96820788655813,0.264384312358817,2.18612972535751e-30,1.82150967467226e-28
"FAM189A1",380.348600964234,-2.59027364691676,0.230605252077952,2.18678351339044e-30,1.82150967467226e-28
"MESP2",74.8748565352494,3.6167213798461,0.323097416041133,2.37544610594683e-30,1.97054937010122e-28
"CYYR1",5471.31154679544,-1.80945169024436,0.16133224062784,2.8011527439341e-30,2.3142094975498e-28
"CEACAM1",3470.23109840073,1.73608479565986,0.153729084846877,2.93419731567156e-30,2.4142718644922e-28
"SULT1C2",1412.76572605891,2.55843855850805,0.22811998992163,2.98045587827209e-30,2.44240515919455e-28
"B3GNT3",2210.12132986082,4.21190446414445,0.37754142998708,3.9138079243125e-30,3.19433008854877e-28
"NES",15758.1511176686,-1.74647348326764,0.155931439721191,4.93132023306103e-30,3.99259411349553e-28
"SLC14A1",908.716276045207,-2.70099625434878,0.242231863976789,5.21789051570594e-30,4.20778175013561e-28
"PALMD",4473.75121979297,-1.69788177607933,0.151705714001337,5.31110767860566e-30,4.2659575604229e-28
"TIMP3",159830.15986024,-1.8227073425348,0.16295084293161,5.46380915456276e-30,4.37126328448636e-28
"JAM2",2877.92975725008,-1.96199363154014,0.175915988424484,6.89031162631438e-30,5.490818804261e-28
"PTPRH",539.014362083821,4.68174383157562,0.421612457520678,7.06017634946891e-30,5.60411880351373e-28
"TM4SF4",1727.15964647485,7.50013883145598,0.520557478197295,8.81032338726455e-30,6.96600608131335e-28
"KCNK5",5547.0077373542,2.11591283449161,0.189568767782121,9.7412504748598e-30,7.67208758216487e-28
"BAAT",810.881248568096,3.59406429339586,0.324279849173455,1.01271229201271e-29,7.94508120256948e-28
"HLX",2095.87017829848,-1.3441994256428,0.120474363073824,1.38208458972762e-29,1.07595285310296e-27
"AGAP11",595.868203501796,-1.87576600971273,0.169299521470496,1.67377291737334e-29,1.29803975557677e-27
"GIMAP8",9778.61088673203,-2.13132323842051,0.192687484140809,1.7305098362176e-29,1.33691792346872e-27
"PHLDA2",1467.06525138841,2.81303406357395,0.254857717375362,1.84087118490128e-29,1.41677086135311e-27
"PABPC1L",826.556797371816,1.71357687775498,0.154060111611063,1.85167945223404e-29,1.41969105275262e-27
"DHRS13",1363.14465974961,1.23533417065115,0.111341450619161,2.49450426404562e-29,1.90533059654896e-27
"STX11",5078.09586810331,-1.84622216610787,0.168073974368977,3.15833840466725e-29,2.40330555070939e-27
"NQO1",10196.0867047733,2.44119389757656,0.222525716221493,3.7080388599261e-29,2.80053785685687e-27
"CLDN4",28564.826265741,1.80948987455954,0.163446969476159,3.78680309011959e-29,2.84939335862865e-27
"MMP1",3658.69975348389,6.17885400708637,0.564717730882487,4.11098945656891e-29,3.08187176260783e-27
"CTHRC1",2812.33662052379,2.80356611937334,0.255947976194806,4.56651653509714e-29,3.4107328851255e-27
"S1PR1",11652.1515106061,-2.02524453128352,0.184852557204483,4.82928857443824e-29,3.5937363983531e-27
"MMRN2",9310.400372508,-1.8932955676822,0.17260533314547,5.69414391536428e-29,4.22180098867723e-27
"MOCS1",3597.18481533988,-1.13814831128883,0.103285727062436,7.18199482425246e-29,5.28620935409797e-27
"SLC22A18AS",236.997157650356,2.90022052961955,0.265860250720627,7.39374300936394e-29,5.42234609610636e-27
"LOC643733",761.573857014304,-1.50437955779902,0.13688788726539,8.68840777854609e-29,6.34881089695132e-27
"MYEOV",349.730841697942,4.82891511702234,0.444001845985711,8.8036423933565e-29,6.40987502460176e-27
"DNAJC22",382.980521339841,2.43328179494769,0.223038641864482,8.98791237963676e-29,6.52058546509777e-27
"COL17A1",5283.24807734988,5.0167264314823,0.46142511916714,9.1550993393675e-29,6.61815591886205e-27
"PDGFB",5694.07414408459,-1.67143781873519,0.15321968937185,9.20855098372499e-29,6.63310606624831e-27
"PGLYRP4",124.007274086728,4.49872488034485,0.414824766741667,1.02577406447119e-28,7.36265703509265e-27
"LPHN2",17797.5050772829,-1.9152791204822,0.175525144209496,1.084202833585e-28,7.7545404786551e-27
"OVOL1",277.557392232619,2.40371864834603,0.220761207057385,1.15410980417835e-28,8.22547061492039e-27
"GPR146",2049.15217197692,-1.57858156636223,0.14476511061693,1.16263022876854e-28,8.25712226684352e-27
"PEAR1",3015.93898613209,-1.79244183959707,0.164370417458836,1.21514957651643e-28,8.59994495743672e-27
"RTN4RL2",566.226289984955,2.52117155633846,0.231703642152278,1.32925471912333e-28,9.37471943197744e-27
"LHFP",9380.71497981023,-1.37243994103865,0.125534705661626,1.33936582875793e-28,9.38442178735708e-27
"C4orf38",153.575778192326,-1.34065184414502,0.12257692161595,1.33990311572857e-28,9.38442178735708e-27
"MESP1",389.661505812918,2.91972168880042,0.269036868233424,1.44659322195387e-28,1.0096721863989e-26
"C16orf59",190.98266875725,2.5879692783468,0.238613896432131,1.64526247990378e-28,1.1443903043207e-26
"KISS1R",79.326021017967,4.67753034209972,0.432286540994008,1.6720746783027e-28,1.15905697135359e-26
"PRF1",3962.06954234411,-1.87235267420527,0.172320364108423,1.81386634900042e-28,1.25305354164223e-26
"MUC21",4239.41966278346,4.15184007571961,0.384205095207037,1.8911732484403e-28,1.30201488849252e-26
"PRICKLE2",6114.81002818264,-1.32663540937321,0.121705083113714,1.95210412469581e-28,1.33940812162603e-26
"BTNL9",5239.68829709891,-2.79142804365796,0.258641746680344,2.37513869052956e-28,1.62416156199354e-26
"PTPRB",29935.2016265533,-2.35901153626314,0.218703448488434,2.85094552686992e-28,1.9299661675376e-26
"FLJ26484",70.1817286749165,3.55826799448589,0.33044684217782,2.85088645247456e-28,1.9299661675376e-26
"C10orf116",7992.10545697176,-2.13696474399076,0.198418419553178,2.84013893426511e-28,1.9299661675376e-26
"MSI2",2609.43178836658,1.20118863204564,0.110340827115673,2.87429923868974e-28,1.93928969634397e-26
"PPP2R2C",268.172059060036,4.21658898112571,0.391833456774137,3.25439467832121e-28,2.18844527189035e-26
"CDH1",41226.9995017863,1.48993122346498,0.137079583129576,3.34003748227803e-28,2.23360835198949e-26
"KIAA1462",22152.0113847978,-1.9181077900835,0.177460792797629,3.34362596044077e-28,2.23360835198949e-26
"ARAP3",4923.82021572653,-1.41232529990904,0.130287734709043,3.88993748418426e-28,2.5900073887294e-26
"FGFBP2",627.982779125927,-2.84210945778682,0.264407195842639,3.97721419565663e-28,2.63943582079626e-26
"CD36",19744.8728131825,-2.15586491971561,0.200128795901705,4.29992925176624e-28,2.8350119864821e-26
"TAL1",1617.52474105897,-2.17778828219662,0.202255382675969,4.33761761209366e-28,2.85057526254506e-26
"C20orf151",335.790652478391,2.37625304170529,0.220849380745488,4.71540857139836e-28,3.08882151759463e-26
"TGM1",543.675560164044,-1.90533389239229,0.177142363249584,5.69569988210019e-28,3.70864468051568e-26
"NMU",156.543143346071,4.59163311039863,0.428740630623839,5.6982782255836e-28,3.70864468051568e-26
"MEX3A",1375.02001786969,3.42372761692667,0.319729833037133,6.03935928114066e-28,3.91803433364001e-26
"PRSS22",1447.84887824488,1.86254258541465,0.173246158189975,6.19434064902813e-28,4.00573958712391e-26
"KIAA1522",17152.6850837016,1.13057225069413,0.10534102847351,6.94005362247426e-28,4.4594801705556e-26
"C7orf10",240.687690651115,1.65912763904087,0.15413097048805,7.0439087674751e-28,4.51189105577416e-26
"TMEM204",3621.98224591913,-1.42197395746703,0.131869051183165,7.18585812700037e-28,4.58829508986165e-26
"ARHGEF19",2786.53067063405,1.87718409008862,0.174941605628961,7.44166323108432e-28,4.72184029656356e-26
"TIMP1",23509.33464393,1.38490202277696,0.126889882232604,7.44153860946084e-28,4.72184029656356e-26
"SOSTDC1",4841.00821083199,-2.9838440173624,0.279454074055113,7.50192938267642e-28,4.74520476983605e-26
"TMEM177",556.907751695503,1.38641098692848,0.128694254393634,7.60135378825785e-28,4.79311532797904e-26
"TIE1",8877.38414976081,-1.74780347629795,0.162008111362657,7.93334275844337e-28,4.98691896812585e-26
"GYPE",252.733132162201,-1.94107011357405,0.181135096642412,8.08355318639039e-28,5.06560990853646e-26
"TUBB1",498.623619420804,-2.16414835595572,0.202642527284946,1.15043748663802e-27,7.16492466678161e-26
"SYNC",853.767452444642,-1.20529364377447,0.112094512460269,1.22289497453139e-27,7.59282735567173e-26
"LAD1",8659.09641154251,2.66518954245176,0.250043735181204,1.23349871236339e-27,7.63524386450989e-26
"TMEM59L",605.198961013886,4.29328619244791,0.403888945557616,1.30627351028654e-27,8.03655991541332e-26
"CAPN8",5906.35505558725,2.35413522819611,0.220820738613317,1.32935396376738e-27,8.15377381230777e-26
"RXFP1",746.947142395445,-2.41941077192417,0.227291122429735,1.51371321414477e-27,9.25651636480492e-26
"GPIHBP1",4598.18143405786,-2.41544826055045,0.227364185319699,1.85394743344589e-27,1.13029367471019e-25
"ITM2A",6951.46776095326,-1.51938868016623,0.142440632158738,1.96322119353613e-27,1.18974731072948e-25
"NDST1",28991.490877874,-1.12469341240581,0.104076541630376,1.96284255990111e-27,1.18974731072948e-25
"TMEM62",4179.19141831529,1.23311775760588,0.114879604997505,1.99439477595731e-27,1.20503118388513e-25
"NCRNA00341",1041.87060554464,-1.48777560706391,0.139484451021368,2.07539983163219e-27,1.250243095002e-25
"BZW2",5195.71707096703,1.33394950070892,0.124208657035097,2.53465182355247e-27,1.52237055075743e-25
"CD24",32119.3214496878,2.30257607232434,0.216595589192626,2.58611424866059e-27,1.54868457121713e-25
"CLEC1A",1162.62543012182,-1.92190397518154,0.181124218046791,2.69819297191886e-27,1.61103610456076e-25
"ASPHD1",393.710863285251,3.35115695919468,0.317134415652951,2.8585721738155e-27,1.70177527559411e-25
"WFS1",13774.8157780555,-1.24156417251402,0.116203689765499,3.41638195719565e-27,2.01434408263592e-25
"MIR3189",64.5106736045338,4.29544535095346,0.406835874541754,3.42341961576383e-27,2.01434408263592e-25
"ALDH18A1",7107.1110963748,1.13747693816239,0.106761977581383,3.56519927651783e-27,2.09168691466659e-25
"HIGD1B",1166.0834752041,-1.93036536472099,0.182584344424877,4.05052006093746e-27,2.36955423564842e-25
"LOC389023",78.1591503616986,4.33918889696018,0.412592555303871,4.09028333886903e-27,2.38592003060657e-25
"CASKIN2",9947.35840072333,-1.46695928823791,0.138543897240268,4.98082509888672e-27,2.89703680536109e-25
"RGS17",185.94354930837,3.25248917145194,0.309586026664397,5.33294382927186e-27,3.09295461456423e-25
"GFOD1",1249.37546579262,-1.61710079789695,0.15309350801654,5.56709207828754e-27,3.21952887876052e-25
"SEMA6D",2596.63402739455,-1.95339512356756,0.185177046275249,5.72331844366244e-27,3.30044696917868e-25
"PTPRQ",724.91934637684,-2.64777648527853,0.252008297423459,5.95125704221463e-27,3.42214186907575e-25
"DEPTOR",2916.78173086247,1.61178166519986,0.15255532904008,6.3704752047792e-27,3.64250815310553e-25
"LIMCH1",46965.8797591018,-1.43427537221145,0.135796616914313,7.26780323033167e-27,4.14387620239841e-25
"SEZ6L2",5741.24401207991,2.41961068289184,0.230216994519238,7.41259625482597e-27,4.21456069645878e-25
"WNT3",236.707049754368,1.90957630606637,0.181997213482943,9.24051913793859e-27,5.2391413969472e-25
"BCL6B",3855.91174177814,-1.6756123297023,0.159426623117591,9.40400314730003e-27,5.31693932135474e-25
"ACAD8",4024.88861243531,1.42117444315279,0.13384007749237,9.56032189171743e-27,5.39026393900425e-25
"FRMD3",792.099911901709,-2.00168284960446,0.190854961145832,9.89670716948962e-27,5.56442360604554e-25
"B3GALNT1",3511.92094605997,-1.43031657383978,0.135132319502858,1.03155168144581e-26,5.78383312580186e-25
"HLA-E",217708.163979574,-1.1187978866416,0.106751127812282,1.03587989325313e-26,5.79205660755157e-25
"GJB2",1014.95250367658,3.68582623562876,0.353459899645513,1.10650557819442e-26,6.16991168270888e-25
"VIL1",740.642812011753,6.20221726060289,0.596767894582534,1.35770447335776e-26,7.54980666077871e-25
"GBP4",24742.7803329857,-1.89766045707898,0.181394531833029,1.40077883249259e-26,7.76799023246094e-25
"FAM162B",1313.29794700887,-1.80766204138798,0.173019575406822,1.66751969366019e-26,9.22193063370928e-25
"NHS",2005.54768981995,1.83752229350297,0.175655525767679,1.98968227689077e-26,1.0973612797424e-24
"ARSE",2228.33614193263,2.72658916521676,0.262021629015394,2.12738056206818e-26,1.1701171183919e-24
"MDK",10072.1478932262,2.06484175029606,0.197325980112572,2.27571418223214e-26,1.2449386692584e-24
"ARRB1",23529.9476365596,-1.3824440266652,0.132187342905452,2.31859676058571e-26,1.26157841481224e-24
"TRAF4",6564.12476702335,1.39647822532219,0.133386201939558,2.61321622934802e-26,1.41807264606524e-24
"KCNN4",1966.55876925693,2.65791653259176,0.256152071942164,2.82470379251034e-26,1.52873875572732e-24
"GLB1L2",3021.95345738528,1.97667055466296,0.190267475836125,3.59739415137592e-26,1.94172946714667e-24
"C19orf69",24.4507971908782,-2.49951258845034,0.241797860965876,3.71438163142993e-26,1.99954251600461e-24
"PRSS16",1900.05395376619,1.3051973962246,0.12575853602793,3.80037587420946e-26,2.04040870211867e-24
"LOC284751",175.409568677931,1.76854799650286,0.170537070163681,3.93636004497176e-26,2.10782708122416e-24
"PLAC2",800.89663005386,-1.9934158959027,0.192768484812898,4.60650196728847e-26,2.46016375514211e-24
"ATP1B1",41673.3762681758,1.54733783388166,0.148072776853777,4.63570478759506e-26,2.46924475278189e-24
"LOC100499467",776.573197807483,2.93109707234226,0.284169956915233,4.6636300491212e-26,2.4775993654662e-24
"KIR2DL3",52.8190734266804,-2.65083811136404,0.257180531051637,5.31589134280529e-26,2.80205616327401e-24
"PODXL",18967.1289785223,-1.29766838001567,0.124903294797124,5.30712933359056e-26,2.80205616327401e-24
"SH3BP5",15229.0699845139,-1.25484975992188,0.120480725978291,5.38335398628796e-26,2.8302459230248e-24
"PROC",116.171138831917,2.7632895990254,0.268372233397179,5.52667693927133e-26,2.89806911730029e-24
"DDR1",25758.3110210686,1.30716837803774,0.124290225260639,6.62720470541644e-26,3.46618218197246e-24
"MAST1",69.9801143862982,2.24379553342864,0.217820760797902,6.69538561247389e-26,3.49281701500217e-24
"RAB38",1152.34907525392,1.31989411213862,0.127164778892026,6.80290510782986e-26,3.53978412050345e-24
"LOC100507218",273.599131713836,1.97798610814482,0.192166631642409,8.37608388271378e-26,4.325008006888e-24
"MYO3B",401.600000326016,3.43881169812797,0.33580932283108,8.60133863987828e-26,4.43001769490525e-24
"FHL5",1972.81414412035,-2.07956704319754,0.201474474225376,9.07028968121558e-26,4.659688665926e-24
"MSRB3",9341.70121358227,-1.50242816402992,0.146105033385565,9.15318548672938e-26,4.69037031485796e-24
"ONECUT1",31.3720836388677,6.02486998205551,0.589796583706423,9.77864632928603e-26,4.99283171165527e-24
"GIMAP4",9268.30947590364,-1.3840810377172,0.134229053579239,9.7927680921256e-26,4.99283171165527e-24
"PEAK1",19717.4916782313,-1.33728227924122,0.13028205513895,1.03322505246526e-25,5.24148077367153e-24
"LY6G6F",21.8817327261751,-3.29837391868808,0.322719923723115,1.14836262345176e-25,5.79651068860026e-24
"HTR3A",131.723558663133,4.57176748984483,0.448301231688965,1.1653341565935e-25,5.86754444368384e-24
"CDH19",313.690906557032,-2.24594268996079,0.21958194394777,1.21832113825792e-25,6.10396984145508e-24
"DLX3",290.981000996853,2.72775212621377,0.26698221225046,1.23957319895962e-25,6.19511138768932e-24
"STARD9",5309.54859016524,-1.72833196902033,0.168474314263323,1.29130125838267e-25,6.43774107658219e-24
"FGD5",9507.8173659315,-1.63945738751675,0.15973701449869,1.36174086670976e-25,6.75563649094909e-24
"TACC1",38686.5679060178,-1.22719926386987,0.119167556167029,1.50771031308797e-25,7.44330840175943e-24
"DAP",20364.0437752193,1.10869983323238,0.10664979979098,1.79931584965378e-25,8.81839034209252e-24
"ID3",7718.22701292163,-1.36739562942235,0.133084715025654,1.85241471639363e-25,9.05669716775931e-24
"ENTPD8",128.616045973216,4.68936748522756,0.373830241861974,1.86656046436286e-25,9.1038675564262e-24
"EN2",94.1200701844266,5.12853865331729,0.505893802777704,2.04586101868378e-25,9.93318538143059e-24
"C1orf140",50.7060271223472,-1.4058505278828,0.137213345337784,2.04640991258167e-25,9.93318538143059e-24
"TMEM182",600.20428338158,1.124224301582,0.109472328143063,2.39418214909445e-25,1.1565785412845e-23
"S100A3",622.707609746618,-2.61270151753476,0.257345163523662,2.45772198191472e-25,1.18444644371276e-23
"DOCK4",12200.7259881064,-1.47707551352688,0.144734819945895,2.65456665418219e-25,1.27627277071976e-23
"LOC440335",2066.67809948982,2.19758967488952,0.215978489063979,2.687402916093e-25,1.28899816172129e-23
"FADS3",2688.93168588965,-1.20784862350112,0.11796805635968,2.77879457206131e-25,1.32968276437572e-23
"SLCO2A1",19555.7572300141,-1.72233323034972,0.170693369118566,2.83784372849444e-25,1.35473572897302e-23
"SLC35B2",6648.22055667092,1.0188218103883,0.0992105575970763,2.86743052749762e-25,1.36563908957834e-23
"CLDN6",452.466479431335,5.98878925813152,0.595201581527177,4.0660450729786e-25,1.93191904146944e-23
"PAFAH1B3",1150.81152485226,1.5831829024995,0.155840421722484,4.24326387921364e-25,2.00672673315802e-23
"SMAD9",2518.39161155084,-1.65797969944752,0.163620982566543,4.33294080187884e-25,2.04436025106829e-23
"COX7A1",1376.151703601,-1.391453796107,0.136814614639885,4.76804200757992e-25,2.24441716919593e-23
"FCN3",10937.0279466723,-2.9380631053136,0.291765769647624,5.50128241015111e-25,2.58356049336122e-23
"FAM101B",4065.62206581066,-1.26846139749753,0.124959447044695,5.86257049536099e-25,2.74685855084727e-23
"PLAC9",1638.2213526738,-1.80211002041865,0.178354614353854,5.98009050421214e-25,2.79545062114914e-23
"APOL3",9869.75268261799,-1.39604440638637,0.138216366955406,6.0236837643064e-25,2.80934062380935e-23
"FLJ22184",1275.16285555433,2.37431922521933,0.235483728176743,6.61616188921582e-25,3.07856857010615e-23
"CD300LG",1288.54446049494,-2.80220284736488,0.27896229717424,6.72492057668994e-25,3.1148539449149e-23
"IGFL2",106.016110948311,4.70660997408288,0.468757235171321,6.72221073338562e-25,3.1148539449149e-23
"PRAME",1370.30385044289,7.36100385152057,0.736004182522863,6.98864086804096e-25,3.22961369429263e-23
"LOC100128338",2382.19673647957,2.12247405023135,0.210404684469491,7.45394375795806e-25,3.43679443291182e-23
"MGAT3",5013.69169876413,-2.02562933689832,0.202191511976923,7.52302027042717e-25,3.46076030212992e-23
"NPM3",831.047621378796,1.28096154943127,0.126663785662974,7.94670841036379e-25,3.64737698263432e-23
"TNS1",108971.402567924,-1.27271268628091,0.126764379227973,8.28188830561046e-25,3.79261767406926e-23
"STARD8",4523.49010883753,-1.70162419735046,0.169497829167438,8.38978733350999e-25,3.83335632996785e-23
"GIMAP5",224.028988445367,-1.82230702324638,0.181018424177187,8.91922629181503e-25,4.06608241830243e-23
"CD1A",1063.00151272427,3.67203141629771,0.367245595417714,9.39843735111065e-25,4.27491618929956e-23
"KCNT2",1221.42461244803,-2.10089655646513,0.209420155188276,1.05356729573902e-24,4.77075070090683e-23
"AHNAK",479258.612920035,-1.48550801265239,0.147490377346784,1.12253668748191e-24,5.06041538782213e-23
"GPR160",4430.83883965285,1.58345029125234,0.156977298141292,1.32654599962214e-24,5.96680390630038e-23
"SLC22A18",1897.17630478057,1.6203474169379,0.161797762722291,1.54823695367072e-24,6.93315579186924e-23
"FXYD6",8364.18109013629,-1.31734412947746,0.130269492953198,1.59907896861371e-24,7.14502370942829e-23
"TBX21",573.606877568963,-1.70054766714458,0.169783621452278,1.63905116493117e-24,7.30749661439909e-23
"ELTD1",4218.22352152941,-1.23884766281724,0.123176279719251,1.78658190814545e-24,7.93030798306403e-23
"RRAS",8798.24809256358,-1.16335445494489,0.115667923550598,1.87720039130464e-24,8.31431359308473e-23
"CPNE4",237.287127897216,4.07882364227518,0.412434686152129,2.7980536170818e-24,1.23388678133666e-22
"CRLF1",2400.19966273568,3.83177619808614,0.387618097981178,2.80654138734954e-24,1.23493922220309e-22
"VIP",86.4595460704865,-2.18088230648826,0.219960036945841,2.83481218494966e-24,1.24467317647649e-22
"LBX2",31.6224388788278,1.63383641921208,0.163664334831625,2.85261674686556e-24,1.24977955786376e-22
"RAPGEF4",2068.15497750152,-1.53941621453677,0.154890921309244,3.86767916293754e-24,1.68719167967713e-22
"ANXA8L2",995.355939476866,-2.73474888299419,0.277035204893368,4.28265606775829e-24,1.86419874123646e-22
"ST14",17496.3226284592,1.55070875146463,0.154258747761772,4.49186754185835e-24,1.9510706204883e-22
"COLEC10",340.055741730471,-3.14507819728396,0.319326474648057,4.56636383879252e-24,1.97565347674972e-22
"SRPK1",6585.33895698062,1.13200425694714,0.114339821482954,4.56798491734039e-24,1.97565347674972e-22
"ONECUT2",94.9512831106985,5.6152867675724,0.308023149938562,4.59090588998643e-24,1.97983046482786e-22
"PADI1",175.180576090145,6.48791845819874,0.659499192637074,4.59720526885575e-24,1.97983046482786e-22
"CD160",220.52838310366,-1.48404356525174,0.149447699338292,4.73693550155822e-24,2.03136253150508e-22
"TMSB15A",248.022051720775,-2.53477767050303,0.257128100540643,4.73502579846665e-24,2.03136253150508e-22
"C9orf140",544.845206014872,2.26083014951284,0.228959726452736,4.8159953125543e-24,2.060899812292e-22
"F2RL1",2875.54607955531,1.8262843974087,0.184272922455821,4.83644998911965e-24,2.06528658712597e-22
"NMUR1",642.766860644649,-1.77755599147457,0.179840251945958,5.52425466431262e-24,2.35403028758635e-22
"PKHD1",695.085603468318,2.69752376684577,0.274061979062397,5.54952382589276e-24,2.3598300789894e-22
"PPAP2C",3023.85057026549,2.02359217254649,0.205322103206141,6.09637649289064e-24,2.58693410047378e-22
"ANGPTL1",1894.6559058134,-2.08876520649796,0.212221350375796,6.57939053224769e-24,2.78605530885409e-22
"CXorf57",639.607076548842,-1.35535074808121,0.136711623966978,6.77717887708411e-24,2.86381790503256e-22
"KCNK3",4648.12248993682,-1.98466386667085,0.201878925846645,6.83346989606508e-24,2.88158883679694e-22
"DNAJB4",4927.25470017749,-1.42387341861485,0.143752464799689,7.12342617365294e-24,2.99761474388585e-22
"LIN7A",492.100383701436,-1.80326199766385,0.182969328625325,7.18450371053487e-24,3.01704439014391e-22
"COMP",2243.68920279382,3.20414814816448,0.326646261208762,7.20179935579275e-24,3.01804597848036e-22
"RHOJ",2727.16251212597,-1.61803276137204,0.163880052876583,7.24374913892875e-24,3.02935384960861e-22
"FOXI3",41.4588433956179,7.40403753049008,0.777466477976988,7.26728599486071e-24,3.03293063550465e-22
"HNF4G",457.302106484307,2.82411639336446,0.288118906675252,7.87078455917281e-24,3.27803601362586e-22
"TBXA2R",570.683691485681,-1.02387763051866,0.103212718831689,9.47844608262791e-24,3.93949131742241e-22
"BDNF",713.008056525494,-2.23262467302166,0.228293858724994,9.54076147423468e-24,3.95726543032754e-22
"CHPF",10951.4431783479,1.12870378641934,0.113637024849663,1.00180336382629e-23,4.14672840229201e-22
"KRT16",238.669723158871,6.66370160017567,0.683642149545379,1.08415078243787e-23,4.47842775251527e-22
"LRRC20",2183.14637599516,1.39425504839219,0.141389704977124,1.1128365859221e-23,4.58756116815665e-22
"HN1L",12370.7679001374,1.1684357868055,0.118769729269331,1.17080083915871e-23,4.81670320841694e-22
"C1orf65",21.9958542024543,4.70911929911025,0.482370777328516,1.17380889912204e-23,4.8192831495191e-22
"TFAP2A",559.473033390461,3.05349785637042,0.312821421261822,1.19841523059785e-23,4.91034872116012e-22
"ETNK2",1085.80331940651,1.47623462166913,0.150006423804026,1.23690916362479e-23,5.05783401634936e-22
"LOC100131726",43.1785464608507,4.65117621800831,0.479371500302829,1.34236599688041e-23,5.47543677102488e-22
"SYT2",935.003688786094,3.06022074596709,0.314032057427152,1.34444546968992e-23,5.47543677102488e-22
"ILDR1",1637.21333392716,1.07172338026608,0.108577161248609,1.45499358705427e-23,5.91376007943082e-22
"ADRA1D",231.699844818885,-2.06136399980296,0.211139380401995,1.46336060364068e-23,5.93584809184188e-22
"LOC100499405",580.711401118049,-1.3136085162134,0.133550809364725,1.50774380845101e-23,6.10364848537138e-22
"SNRK",10943.3442762896,-1.0483498673643,0.105262948025678,1.53947121771612e-23,6.21964808738363e-22
"C1QL2",200.969037436954,6.87922943314754,0.708861317337212,1.54886637393984e-23,6.24514029380805e-22
"FREM3",344.816311003287,-3.20866264415079,0.330041268090642,1.56993128001849e-23,6.31749086259528e-22
"BCMO1",214.47320204817,2.43698953817605,0.25042918937847,1.94241762254498e-23,7.80088791625653e-22
"TMED3",8153.32430338559,1.49891651169437,0.152420396685006,2.01321590852269e-23,8.06920855532828e-22
"ERVFRD-1",176.264879318386,-2.00589505548834,0.206150302974297,2.2056802403535e-23,8.82315686659982e-22
"C3orf54",405.097611345407,-1.51527457049213,0.154995222917591,2.27124215266278e-23,9.06749751716908e-22
"ARHGAP29",17420.3109410124,-1.28290525964166,0.130940463073677,2.41323785279732e-23,9.61542271229736e-22
"ACE",17059.2009121085,-1.54186023507748,0.160694771878152,2.44627857303033e-23,9.72792231762414e-22
"HKDC1",1656.02772309764,2.20006852100511,0.226321973206748,2.47125117523082e-23,9.80795981134256e-22
"LOC644242",175.976279391888,-1.4535801898526,0.148888265086024,2.50683647697389e-23,9.92972155194295e-22
"BEAN1",442.664378359124,2.63592484084174,0.2718970358552,2.59122114345382e-23,1.02439271805954e-21
"REEP1",801.639472095953,-1.6111715998899,0.165411367850382,2.61053310052434e-23,1.03001560404899e-21
"BET3L",21.26312539548,-2.2441408556712,0.23163460478131,2.93722566970079e-23,1.15666118249832e-21
"PHLDB2",8316.21525428528,-1.05238541911218,0.142831172714618,3.17048369309943e-23,1.24609243557331e-21
"RUSC2",4306.52615982387,-1.02480085396872,0.104605853564898,3.23584439010436e-23,1.2680803357856e-21
"PDIA4",27666.8379087334,1.516531669243,0.153998837846791,3.40820404387023e-23,1.33176559945902e-21
"PPP1R14B",5028.37983993958,1.37864713012336,0.14088083791257,3.63932777113231e-23,1.4193378307416e-21
"SCG5",433.568831922757,3.48679749769499,0.36195926785749,3.7046558158052e-23,1.44203727630217e-21
"PKIG",6622.404281451,-1.07273743743201,0.109648791734395,3.87458896057905e-23,1.50528896643149e-21
"WISP2",4301.61387959982,-1.93148829674214,0.19975943839471,4.15536401589308e-23,1.60819738137078e-21
"SAMD10",619.497887557303,1.28540584694411,0.131999484099218,4.15312544482272e-23,1.60819738137078e-21
"PSAT1",899.779086725078,2.3164378734749,0.240154616968044,4.35767820211774e-23,1.6832779482646e-21
"C6orf155",538.237208060898,-1.96859165100192,0.203958312431773,4.41851067303245e-23,1.70352522919714e-21
"NKG7",2318.65769858398,-1.94519079024956,0.20152566155985,4.48474968640382e-23,1.72577601525665e-21
"OTC",100.302125133977,-2.64320275287296,0.274740789821822,4.57602821761951e-23,1.75755952851682e-21
"GNLY",1814.27230252394,-2.38135089067897,0.247201439892222,4.78474080918282e-23,1.83424126361116e-21
"OTUD1",5944.1699730009,-1.31878489334441,0.135927671216233,4.87735248820782e-23,1.86620967322901e-21
"SLC25A10",1486.43582389408,1.63100224090168,0.168534963067011,4.95064142230629e-23,1.89067798167739e-21
"LY6G6E",17.3972762627547,-3.48633714954926,0.362627089234435,5.01008960298528e-23,1.90977822323964e-21
"CASKIN1",104.37904688957,3.47338065561467,0.361817523094303,5.12669204667567e-23,1.95055213753313e-21
"KCNJ8",2936.83784732817,-1.10766452469452,0.113290083947268,5.15587252074305e-23,1.95797402799925e-21
"CD93",41981.5757295728,-1.79360269362801,0.185714581567901,5.26185244164564e-23,1.99447856313388e-21
"CNGB1",241.512184923674,2.97396162298815,0.309648683540534,5.48795084104299e-23,2.07629183128133e-21
"LRIG3",7611.01965298573,1.77500843988003,0.183561362312379,6.37142514671416e-23,2.40156455111064e-21
"NXPH3",1310.70405568974,-1.90941454494589,0.198377126204676,6.71947100050315e-23,2.52804484240119e-21
"MUC20",5299.93794002695,2.10923991100887,0.219679208677075,6.80280431177794e-23,2.55464864702592e-21
"DPP10",257.000451364697,3.5986945153933,0.37621363832755,6.9156365785284e-23,2.59221111085173e-21
"LOC100507501",262.311968119258,1.29708513748654,0.134027791038489,7.18238178433038e-23,2.68721977258098e-21
"CXCL14",4583.30619663681,3.29964836304208,0.345070645001253,8.07249007022493e-23,3.01467290611481e-21
"KLRF1",315.514799807998,-2.14867194679235,0.224114883659294,8.09269112927565e-23,3.0166512181891e-21
"PPAT",1405.78559150157,1.04360761407366,0.107635033121628,8.3059228059952e-23,3.09044454992921e-21
"SRL",319.380828371459,-1.30080937729254,0.134624965371492,8.59109262016317e-23,3.19068450871051e-21
"CLDN3",5320.11204686165,2.26832528095566,0.236500401518082,8.96062119996484e-23,3.32183028770125e-21
"SSR4",18551.1662653151,1.4455140188336,0.14901256005955,9.17826969649259e-23,3.39629537343156e-21
"TBX2",11560.1185483172,-1.69250475048982,0.177082392786641,1.03228398862121e-22,3.81285770322661e-21
"ANKRD34B",115.581182073973,4.51559876502979,0.474708409708812,1.12667023363854e-22,4.1539038613985e-21
"PITX2",80.467045899323,6.7081732560017,0.711522543137141,1.1388888559028e-22,4.18371131258233e-21
"C6orf174",827.445192807319,-1.94355826671678,0.203261716274933,1.19414959141723e-22,4.370846632889e-21
"ANO6",22221.8384519202,-1.0273309970073,0.104187680456639,1.30842020238208e-22,4.78045727733136e-21
"GJA4",1692.06436224848,-1.33061129366981,0.138556723625498,1.34299951076055e-22,4.89795551302781e-21
"SERPIND1",2957.99172866557,5.09823092123268,0.537686163716263,1.39273072748373e-22,5.07019112499965e-21
"DGCR5",303.997734761971,2.73092045682054,0.2869597416865,1.39652450517623e-22,5.07487477724813e-21
"CDH3",5033.60087316381,3.07331290508886,0.323588379423431,1.56881670668466e-22,5.68057584257677e-21
"C13orf15",21888.6923046724,-1.82179267605174,0.192091016873389,1.60122067931695e-22,5.77723846168529e-21
"KIF1A",1059.67343577931,5.08407806617365,0.53716192036292,1.63450763261827e-22,5.8868450163392e-21
"KIR3DL1",63.0556661549039,-3.18155879025211,0.335337418610299,1.64134591706745e-22,5.90097383789739e-21
"IVL",743.514018571131,4.61309868138923,0.487446578074061,1.66061520158053e-22,5.95966530056585e-21
"C6orf25",168.501658914054,-1.35134326189156,0.141149558460743,1.76232325328664e-22,6.31348406544687e-21
"CST4",14.0934770035159,6.07286631970871,0.6797380971338,1.89747463253364e-22,6.78565088994936e-21
"MMP7",8596.59846230068,3.16323583485884,0.334394562052163,1.94858346152943e-22,6.95613365869792e-21
"BARX2",622.621013323178,3.84384269050549,0.406694342269612,2.00180251495132e-22,7.13353603963551e-21
"KANK2",26654.4285149308,-1.20141660182685,0.12596320214927,2.01862505827588e-22,7.1808417934204e-21
"TSPAN18",6242.26229870295,-1.83183772251082,0.192506991719152,2.0330966168956e-22,7.21963309168136e-21
"TMEM105",225.411327962435,2.24557949496745,0.236731644373773,2.08413072382966e-22,7.38789666918321e-21
"TRPM8",125.064877023757,2.75272388788634,0.290803072240685,2.22946585789551e-22,7.88926895623478e-21
"SLC6A4",18374.2488401311,-3.7855924872869,0.400244577303177,2.29793686256903e-22,8.11737173390221e-21
"FAM65A",11863.2816284044,-1.00501673351505,0.104686638982854,2.33603271476828e-22,8.23756762711232e-21
"TNFSF10",20042.4663638565,-1.19249814768037,0.124647186026434,2.4169424631802e-22,8.508057808214e-21
"SYN2",292.306481558352,-2.46718650901864,0.260999886000783,2.53603953303786e-22,8.91180142156586e-21
"ZBED2",1379.04175892185,-2.11700071202383,0.223563909793557,2.6063612332262e-22,9.14304293270909e-21
"CKAP4",10830.395722143,1.06053373362526,0.111278584851024,2.62221842462605e-22,9.17539580668859e-21
"SRRM3",295.831912860735,2.4503588879677,0.25909500522678,2.64214009406072e-22,9.22061338687637e-21
"GPR4",1417.49702210544,-1.5595438526314,0.164088526285758,2.79880466317335e-22,9.75053445564404e-21
"PCYT1B",430.801976183069,-1.80716792042505,0.190648902082505,2.88705850296467e-22,1.00407132574756e-20
"PTK7",18514.6458616496,1.20438740836065,0.125910946258295,2.99730279328465e-22,1.04062445692752e-20
"EEF1A2",574.049879251229,4.28735512359261,0.456043338450777,3.19243675287412e-22,1.1064745259405e-20
"RNF43",3182.17829869707,1.40542620077364,0.147858706697964,3.19869368740368e-22,1.10674801584167e-20
"C1QTNF2",437.155404283961,-1.46558658199317,0.154332269164517,3.35551080931214e-22,1.15902549985132e-20
"FIBIN",5364.03273675783,-2.03150851037586,0.215071903679688,3.41476353323364e-22,1.17548007952691e-20
"HAVCR1",140.307622904372,3.77562950462935,0.401885809831424,3.5069671420932e-22,1.20312749022218e-20
"FABP4",5806.6899907416,-2.62343627573453,0.278775808549013,3.67511688795722e-22,1.25868089558616e-20
"MARVELD3",1158.18555822504,1.34306151924825,0.141259444334198,3.72956976358524e-22,1.2751726619042e-20
"DES",9099.36947447735,-1.97314042602565,0.210035031600792,3.73755250676786e-22,1.27574705378564e-20
"DOK5",230.921122809057,2.2507973695297,0.238597315245712,3.78690762378888e-22,1.29041746150018e-20
"COL9A2",2250.78274121955,1.95427004482411,0.206648243500481,3.90800970631405e-22,1.32944578933618e-20
"GALNT7",6858.73003884077,1.48432615956063,0.155829152698045,4.0102233990716e-22,1.36095067378902e-20
"CCBE1",3474.88995277655,-2.14701776980137,0.228952408026581,4.01406823898051e-22,1.36095067378902e-20
"EHF",18380.6419630124,1.22624431171987,0.127984897292565,4.31794304201747e-22,1.45908990172747e-20
"PTPRM",14234.5664922398,-1.33667983642383,0.140934738122063,4.42056902198448e-22,1.49127895956646e-20
"HOOK1",4563.49984109507,1.27021920886077,0.133741795081771,5.02362265741385e-22,1.6862876651528e-20
"ASPA",386.484856773751,-1.87542076982961,0.199221830310304,5.04131558068105e-22,1.68942497795638e-20
"MMP15",10675.4726122514,1.65832930844583,0.175237099738835,5.08166205608858e-22,1.70013093681469e-20
"LOC100505881",4287.0541030981,-1.23958396764414,0.130671237267156,5.23743020886015e-22,1.74935354550393e-20
"IL18R1",1532.86473544325,-1.68710093167293,0.179332095590242,6.27387291125474e-22,2.08864246047216e-20
"PCDH10",331.993326691432,-2.01427999349573,0.214731239075701,6.34606258173623e-22,2.10920612014652e-20
"FA2H",1389.55449538493,2.80608113633416,0.300131869783375,6.86081496778538e-22,2.27655337316302e-20
"FLI1",7873.20785476346,-1.31431002324364,0.13935441262808,6.87373996876902e-22,2.27710917688795e-20
"KIF17",621.287092284636,-1.52650973623031,0.162209945172684,7.03059807179508e-22,2.32526692109811e-20
"CCRL1",1123.4648837828,-1.98267564823428,0.211668239991144,7.67137101484797e-22,2.52892867608368e-20
"PTGFRN",8483.77759941272,1.27992403133946,0.134590914863581,7.85123984822009e-22,2.58401537833858e-20
"HMGA2",865.79312203671,5.32459932775848,0.573731529574695,9.15811351047651e-22,3.00436589247253e-20
"ST8SIA6",623.736459900334,-2.53677985919456,0.272331330175373,9.39628172809015e-22,3.07253858575562e-20
"CASP12",149.11043055224,-2.1011061998616,0.225243045353903,9.72732234479197e-22,3.16544584535264e-20
"MYOC",636.303026353543,-3.01417118400947,0.324200653059312,9.79451831106925e-22,3.1821965511132e-20
"NETO1",90.2976486212913,4.56849966281513,0.492065940361754,9.88021744299918e-22,3.20489553307286e-20
"PRDX4",6488.61328716645,1.25116094431583,0.132964397920206,1.05854624712315e-21,3.42816553408315e-20
"TGFBR3",11822.3521216149,-1.8004714980189,0.194367372395297,1.14781802267706e-21,3.71133939249303e-20
"UGT2B15",254.474719078386,4.07143944788562,0.439513147082468,1.18130377406456e-21,3.81351988689646e-20
"CDH13",4500.38830373499,-2.03121302382881,0.218114446410701,1.22549925476156e-21,3.94989337828482e-20
"TLCD1",966.952312391542,1.69130680057421,0.1808913421411,1.26168901623721e-21,4.0480545568676e-20
"NEXN",3833.68560158637,-1.49460650245515,0.159834367413419,1.25834135876212e-21,4.0480545568676e-20
"GPR179",61.4890833559412,1.89748414858037,0.203436059096077,1.26195465905017e-21,4.0480545568676e-20
"TGFBR2",59717.5542816573,-1.0850736091184,0.114047039249374,1.3930086504888e-21,4.46137469850376e-20
"TMOD1",1219.35260494166,-1.5713014245451,0.168406287284207,1.46962840287548e-21,4.69932835744116e-20
"ADAMTSL3",4821.85909545795,-1.97463274733251,0.212523051136275,1.54953599669517e-21,4.93923749749716e-20
"FAM190A",425.804789173603,1.34623361833158,0.143774369930271,1.56748716597496e-21,4.98860184378918e-20
"LRRTM4",145.01819703099,-2.11831434828208,0.228376073472177,1.58803417766974e-21,5.04605962169752e-20
"ITPKA",371.49326676618,3.98913973502372,0.432198138216973,1.61298675270838e-21,5.11731424162546e-20
"DMRTA2",253.013578276995,6.16472407333113,0.670388300509243,1.66382037103426e-21,5.26209189532881e-20
"CREB3L4",1867.00599749939,1.53221470922729,0.164104906890336,1.86397123664257e-21,5.88590355707992e-20
"LGI4",722.663194256035,-1.54740346651252,0.16634726576537,1.89181123269259e-21,5.96450952662471e-20
"HSPB2",602.534100985925,-1.37483500999348,0.147496812898888,1.90666308793616e-21,6.00198562409265e-20
"RAB26",123.995008782027,1.99912906493861,0.215997494835416,2.09307698785483e-21,6.5785669737841e-20
"STX1A",542.755404611594,1.91738123283073,0.206712465424636,2.10306053505304e-21,6.59969740930366e-20
"ANKRD56",1481.92492384492,1.75871461752366,0.189189922165821,2.13807927452443e-21,6.69920473616856e-20
"UNC45B",255.813007471906,-1.96043353807392,0.211919552022609,2.25346201472583e-21,7.04981833694985e-20
"IQGAP3",1005.55876638837,2.45282078173021,0.265628812086998,2.27192070656979e-21,7.09659676260479e-20
"LAMC3",5193.56726216164,-1.78416218599579,0.193122241072688,2.31016362661499e-21,7.20493404719784e-20
"TMPRSS11E",424.574766345263,5.29273795318867,0.577055524034679,2.33016818445704e-21,7.25614372639924e-20
"WFDC2",19317.8703999215,2.52670635832627,0.273247324348269,2.36638107810243e-21,7.35759130597103e-20
"MFNG",4170.89967224005,-1.08903051898046,0.116376429310745,2.59444915554056e-21,8.0543321100148e-20
"GOLGA7B",884.916349571572,2.15400942043981,0.233495044465349,2.69313943021707e-21,8.34790738239262e-20
"NME1",3800.3762785749,1.59686776938797,0.171784321244084,2.75793124326503e-21,8.53567068729779e-20
"CEACAM6",125363.547707186,2.07386894354772,0.22555496549825,2.91061836610738e-21,8.99447730509609e-20
"ARHGAP6",2334.85672825077,-1.73910383448816,0.188358381403276,3.09666407190722e-21,9.540270544821e-20
"SRPX",2613.23783167898,-1.67632933220463,0.181362014626086,3.46803038182847e-21,1.06358186300894e-19
"WFDC3",187.329243661678,2.90310405112923,0.316698707500875,3.53094971465884e-21,1.07960654342008e-19
"IGSF10",8286.20197202146,-2.24302418980635,0.245694977401859,3.69085747555201e-21,1.1267970763597e-19
"PKP3",4674.29546845273,1.41744702951801,0.152780483208452,3.74914683213858e-21,1.14286869020056e-19
"SHANK3",7047.43997664876,-1.57055209753622,0.170326401365703,3.75709924844303e-21,1.14357061485316e-19
"ARSH",30.1706203153831,5.24276249401446,0.578105769313424,3.84282322816607e-21,1.16615569657136e-19
"FAM124B",598.918546799124,-1.76998237120785,0.192276290969359,3.84127717857071e-21,1.16615569657136e-19
"CORO2B",1061.08983057026,-1.55738424030072,0.168942673648464,3.90505671053278e-21,1.18326725865111e-19
"SHROOM4",11397.182811388,-1.21222856662358,0.130941709121077,3.93230121054825e-21,1.18796580302548e-19
"ABCB9",563.453317958038,1.11627840122934,0.120166437257407,3.93201571736454e-21,1.18796580302548e-19
"AGTR1",810.362998734183,-1.79281531273834,0.19487585727754,4.07902405599208e-21,1.23045493170396e-19
"ENG",35107.5554284698,-1.26861335940183,0.137054804563386,4.17899788290513e-21,1.25686621319291e-19
"TMEM159",5400.43865722139,1.23910892587911,0.134605918569521,4.28687262904874e-21,1.28739746119548e-19
"TONSL",1190.99408859329,1.39921468931551,0.151623777629219,4.37506587124581e-21,1.31193641925758e-19
"TPBG",2522.35454680936,1.57386991677513,0.170424104099848,4.64310723247743e-21,1.39025345403218e-19
"SRD5A3",5326.19254479813,1.48133755179493,0.160317547193081,4.90211743439689e-21,1.46563898064442e-19
"SPAG4",593.201563709053,2.15627089064415,0.235273713856411,4.92904281853338e-21,1.471515570648e-19
"LOC729966",111.99246854344,3.63173961936071,0.398750434860027,5.21755029149261e-21,1.55535251031078e-19
"KIF12",836.009147886836,2.31796879641514,0.253600272593355,5.27429320946611e-21,1.56995542430593e-19
"MFI2",682.903119945546,1.78909932885091,0.194732362274253,5.49741073564942e-21,1.63396608957827e-19
"GLIPR2",8554.12744487877,-1.23142010817687,0.133247135358792,5.56894694840484e-21,1.65280139564021e-19
"ADAMTS14",319.477358895645,2.00500617591777,0.219000424835973,5.80042421542766e-21,1.71898076931876e-19
"LSR",14189.0946278816,1.46425516787434,0.158395659737515,6.22666376807794e-21,1.83991096831629e-19
"RECK",4181.51838420388,-1.5282280884615,0.166524658003058,6.29464680008949e-21,1.85728784082524e-19
"C1orf53",256.762081901613,2.08550437122004,0.228523635688025,6.38469393532159e-21,1.88111484635872e-19
"C5orf4",9590.38284501527,-1.20163175486883,0.130170251898489,6.40489445100416e-21,1.88432367126127e-19
"CHRNB4",23.0356624589186,3.36517632447481,0.369543590609636,6.46295842098423e-21,1.89864646442876e-19
"ENC1",11918.1963659486,1.28848211490769,0.138871564531543,6.52080762123344e-21,1.91286474002009e-19
"GRID2IP",283.212105587144,1.27517140718272,0.138463765441831,6.56284862607326e-21,1.92241127410056e-19
"RHPN1",2160.65895139959,1.77501094054006,0.193727591681679,6.82496701462267e-21,1.99630285177713e-19
"TOX2",1583.50978938373,-1.44874227064796,0.157869138872173,6.95369314612504e-21,2.02823684534962e-19
"PPFIBP1",13132.8108261458,-1.26958352808989,0.139068512018439,6.95418393692327e-21,2.02823684534962e-19
"CANT1",10092.1836683284,1.03113833529646,0.112226768220378,7.58033184543482e-21,2.20450426556676e-19
"DKK2",1751.03890039077,-1.83711962715547,0.201211457655263,7.66619910854902e-21,2.22358274374994e-19
"AGTPBP1",4443.52733392415,-1.00489731329163,0.108490429579601,7.6679055142407e-21,2.22358274374994e-19
"TFF1",385.159330483416,9.28576733918934,0.75053788790374,8.03626722642447e-21,2.3237440704294e-19
"VWF",98021.2968942377,-1.88244280076606,0.206395398448487,8.03594318059045e-21,2.3237440704294e-19
"TSTA3",5624.21859036276,1.23770656737852,0.13475834536406,8.27921554011536e-21,2.39057919753887e-19
"FAM155B",167.061513735534,2.79889969232405,0.308419847748969,8.33057593272867e-21,2.4019827272701e-19
"C14orf49",1376.90787465668,-1.27568239001509,0.138740818038285,8.5220796332651e-21,2.45370432228903e-19
"HECW1",150.99172603043,2.1034714145488,0.230995121900852,8.84309596187986e-21,2.54251570119901e-19
"EGFL7",8249.1961973609,-1.50370706334734,0.163670343938659,9.40175805275113e-21,2.69930474816646e-19
"CD207",1474.46568981903,3.34223848777173,0.369965298735897,1.00779583827558e-20,2.8852610413771e-19
"GPR56",13415.4330036804,1.52208845896598,0.165027459785774,1.00754429941344e-20,2.8852610413771e-19
"ANO2",389.750658181652,-1.99208078564392,0.219343929860143,1.03158479338653e-20,2.94919601736396e-19
"UGDH",7247.29293127099,1.04953744741015,0.114747595374063,1.06875661263192e-20,3.04685952060321e-19
"UBE2T",521.281523385097,2.1071707279207,0.232280610495533,1.09444194683414e-20,3.11569612459493e-19
"GREM1",2334.58514931886,3.9227161003319,0.435036102575798,1.14455900017391e-20,3.25379476439889e-19
"CCDC129",222.522240504478,4.20028757988572,0.466341521123797,1.21072026987813e-20,3.43705315324028e-19
"LRRIQ4",58.6581287826357,2.18512183470297,0.241546035110782,1.34832049143646e-20,3.81164176915718e-19
"CACNA1S",107.129721937318,-2.80993088691564,0.312236282685996,1.43156042565125e-20,4.04131305099121e-19
"DENND3",11093.2845171816,-1.28377049579228,0.140608466615425,1.48754750559611e-20,4.19351658228007e-19
"TMEM92",1130.63132274072,1.78314411365868,0.196575216161912,1.51018876314474e-20,4.25142291443849e-19
"TDRKH",2070.51844850476,1.17965689909441,0.129029608179679,1.55233785419468e-20,4.3640097926048e-19
"DHH",102.630699734453,-2.01276387313228,0.222756628280185,1.61099570379058e-20,4.52263024139045e-19
"ENO1",102669.420484898,1.3309146918967,0.14242178201338,1.73192826036557e-20,4.85539611053457e-19
"LOC284801",517.244493711837,1.44481502405265,0.159224871254545,1.82263970385132e-20,5.10263488874892e-19
"C20orf46",464.052900885473,-1.75363666603815,0.193997594492999,1.82652636113235e-20,5.10645304912707e-19
"ZNF365",593.743592860772,-1.35200268236235,0.149068271370672,1.97567790512046e-20,5.508222655309e-19
"KLHDC8A",152.596703253976,3.01429390538909,0.335922281976018,2.02578499194178e-20,5.64015323547366e-19
"MIOX",38.0991817982679,4.82903900723886,0.539478240591367,2.03241966211869e-20,5.650852524855e-19
"LGSN",700.452702322646,4.01114166301786,0.447955546141319,2.04233373060753e-20,5.67062785202016e-19
"STEAP3",8040.26568716789,1.40490803587191,0.154042158966722,2.10278155208579e-20,5.83046594462581e-19
"GALNT13",789.948621996889,-2.32470527807116,0.258774220333741,2.13163601835114e-20,5.90238640867926e-19
"SPARCL1",82780.3179520372,-1.41778368813633,0.156541296677827,2.19781949491615e-20,6.07733120172101e-19
"RECQL4",885.970387508517,1.74692818353256,0.193706958074821,2.24047630689078e-20,6.18683232302543e-19
"MFSD6L",361.651388681969,2.35239802175664,0.261973679853879,2.30619777375529e-20,6.35963884721809e-19
"MND1",117.029395350827,2.1899193042848,0.243698212837743,2.37349430247075e-20,6.53631267704903e-19
"PTGDR",281.230654213766,-1.68479672964274,0.186917298939721,2.48954129434828e-20,6.84657681235102e-19
"ID4",6584.56492783354,-1.50024480518491,0.166211015851536,2.58909209255471e-20,7.11069376464041e-19
"DPP6",457.142183040754,-2.54435534853557,0.28434535277215,2.73391454623152e-20,7.49826074935937e-19
"C1orf183",2119.25442925445,-1.08412575325959,0.118934848381873,2.77725392811171e-20,7.59654010255527e-19
"XPR1",10559.2950449502,1.24340682668521,0.137099765872077,2.86492039534017e-20,7.81520939650678e-19
"GPR110",3107.3263989357,2.70120648487468,0.301874169841661,2.98252685995169e-20,8.12507754674053e-19
"CP",22302.0804357812,2.88818615275963,0.323728363786212,3.00931134047187e-20,8.18702565087247e-19
"PCP4",163.989194513836,4.14820378864849,0.465711444810614,3.29517763152943e-20,8.95271012614592e-19
"SLC28A3",558.04461474232,2.72348735317479,0.305131412528524,3.3435364388665e-20,9.07191971301565e-19
"DENND2A",3163.49894815842,-1.47833801950612,0.164347527756574,3.49959412524668e-20,9.48263516587926e-19
"SLC29A4",951.442554047514,2.89086855353678,0.324319923528429,3.51798865376523e-20,9.50702381052899e-19
"IL36RN",121.031273429945,8.10924779367361,0.927803788391277,3.64207678083192e-20,9.8161486179519e-19
"PPAP2B",18502.6735463874,-1.20669744649615,0.133668005399916,3.76684376070268e-20,1.01389208191998e-18
"MMP13",415.265985862449,4.82180019040232,0.54344157515743,4.06680999857254e-20,1.09172813237542e-18
"UCA1",95.1115554465872,4.58310684230495,0.517512474322083,4.33059104656816e-20,1.15946419806331e-18
"KCNK1",3022.27077757055,2.07774406690199,0.232440769031426,4.53640413879024e-20,1.21296375393994e-18
"MLC1",405.189098959489,-1.69682060362313,0.189709464044272,4.63253255362663e-20,1.23703286831077e-18
"CORO6",190.567544717515,-1.60263658208893,0.178965955235878,4.72657913581026e-20,1.26048337665264e-18
"LRRC31",1093.53418206126,2.42167463475042,0.272011727165126,4.77042262252663e-20,1.27050163556002e-18
"EFNA3",373.971723620083,2.21898414514928,0.249477163201703,5.20327375885452e-20,1.38214519885793e-18
"FHL1",35147.1600217959,-2.05700553908033,0.233619319919972,5.59103341183214e-20,1.48209977972036e-18
"ZPLD1",49.9257527644917,4.92176728413613,0.557660722601796,5.75460862036271e-20,1.52260173967009e-18
"KLRD1",1114.27495055536,-1.51694453768256,0.170289910801937,5.99520834926595e-20,1.5821253220012e-18
"CD244",542.158451380975,-1.42390109957643,0.159261337545691,6.24925477906098e-20,1.6470203904033e-18
"LHFPL4",285.448901157174,4.37757635068149,0.49611438022765,6.37550847402881e-20,1.67811010432792e-18
"SLC2A1",5796.81213460516,2.65009201775763,0.299132556045993,6.41692213585468e-20,1.68681715521863e-18
"TMEM88",478.742006175318,-1.65468081694155,0.185716934716696,6.49019602270416e-20,1.70386585856751e-18
"F12",231.86440441039,2.78146813165127,0.314289071443699,6.58918124644725e-20,1.72761162706397e-18
"GSDMB",1217.80704271036,1.6786521496452,0.188265036595006,6.66821933478944e-20,1.74607280149383e-18
"MSH5",646.799522928665,1.14357975019577,0.127510178632757,7.24688103168558e-20,1.89514365584429e-18
"GPRIN1",474.934091677388,1.83814385287458,0.20663612284112,7.36080356804428e-20,1.92245193575205e-18
"GJB1",2107.54001735847,2.97850473160781,0.337410647937124,7.46228358087623e-20,1.94644435516129e-18
"TSPAN7",8900.12623787512,-1.56571005668436,0.175824895379334,7.49222165698201e-20,1.95173820539219e-18
"ABHD6",1956.21099978844,-1.36909776393294,0.153471216440722,7.73776403072215e-20,2.01311159056359e-18
"EPHX3",790.170946670739,2.02982747191636,0.228838391054817,8.00521576550764e-20,2.08002018369243e-18
"ADAM8",4683.04632897901,1.4243930062379,0.159747190542078,8.05175662620015e-20,2.08943084449894e-18
"CELSR3",834.987749878021,2.39299272104769,0.270605656446604,8.18422480369243e-20,2.12108699425786e-18
"MMP3",183.8958455012,4.58931325284675,0.52163726496905,8.24727537406591e-20,2.13469438422593e-18
"PDK4",17483.1247467521,-2.04003960339837,0.233006588593493,8.34585209996227e-20,2.15745073250749e-18
"AKT3",6974.3017319741,-1.20693157473424,0.135062242889036,8.82914891875495e-20,2.27947453143519e-18
"OR7E37P",193.464573275417,-1.07640863884118,0.120292067422974,9.23069312402215e-20,2.38010776462844e-18
"DIXDC1",5171.84673195628,-1.06361223681673,0.11851362763214,9.41658019775057e-20,2.42494910664974e-18
"ANKRD1",6132.72262965399,-3.41106744320817,0.387619602445816,9.51339484337028e-20,2.44676778938574e-18
"P4HB",86672.3920039717,1.08040577646562,0.120812916272912,1.01744337297591e-19,2.61014845531121e-18
"C20orf54",741.704896991748,1.73100712102577,0.195227610585719,1.05642100053319e-19,2.70328918733152e-18
"MPDZ",6621.53058415919,-1.13573739007495,0.127459766323607,1.05567690227802e-19,2.70328918733152e-18
"FLT4",5767.16886918069,-1.42029994072593,0.16122547262991,1.06003972110489e-19,2.70912424177828e-18
"LMCD1",8575.57677857871,-1.3493911326167,0.151765350260908,1.0746002772856e-19,2.74287316677654e-18
"CRIM1",27755.2220753154,-1.25530597742284,0.142550996059883,1.17562933165069e-19,2.99696641082389e-18
"SGCG",506.385220479328,-2.39350241539204,0.272320109735805,1.20039412557323e-19,3.05624874160096e-18
"TESC",2729.84505969858,2.71606718228686,0.309321199912084,1.21325003546488e-19,3.08509974470409e-18
"SDC1",50498.321385737,1.36709486659672,0.154036936145964,1.27121581678246e-19,3.22439590820724e-18
"T",48.4677760769278,6.21337265730377,0.71062102526385,1.27740694604999e-19,3.23604430475568e-18
"NR2E1",34.5375868976024,4.05488810059192,0.462266229730879,1.32503964758966e-19,3.35251593835779e-18
"ZCCHC5",39.8242745048963,-1.86283534395925,0.211535432632687,1.39705755241354e-19,3.52591545117238e-18
"HOXB9",307.469808204335,8.6242035299223,0.794242351021987,1.59577796084509e-19,3.99754229028039e-18
"ECE2",409.359740911499,1.43909743814842,0.163001326677744,1.59507963356224e-19,3.99754229028039e-18
"SGK2",199.143765989552,2.40510937655799,0.274362110081053,1.63164042494079e-19,4.07728812854649e-18
"GGCT",4322.40103844072,1.59365357050776,0.180159657079143,1.66693784010503e-19,4.15523261349334e-18
"SUSD4",1452.06766598062,2.00305077065831,0.22806656590713,1.68439909431478e-19,4.19359435031064e-18
"ST8SIA2",18.7270663649752,3.18560646642609,0.363826337589934,1.68732087238378e-19,4.19570783512532e-18
"RAB40A",169.676762509076,-1.52294197456897,0.172790958989143,1.70691924338804e-19,4.23923342397758e-18
"EPB41L3",5887.99041929983,-1.1673056482431,0.131859840524245,1.78421464453076e-19,4.42577066420922e-18
"PPP1R14D",171.978107895591,3.8889292231788,0.447013372449964,1.91352028075371e-19,4.73491002478433e-18
"GALNT14",724.762674106432,2.50845294585615,0.287134719760163,2.03423282385944e-19,5.02133007167547e-18
"RASL12",4381.29019343989,-1.26616565774073,0.1432257937522,2.05701698048442e-19,5.07138619999819e-18
"LOC100507632",1002.15069613058,-2.24676621211955,0.257985943444018,2.24573488659683e-19,5.51649512616583e-18
"KCNA4",390.874029131425,-2.61225949511153,0.300088361791734,2.27555349138573e-19,5.58296705686527e-18
"PPP1R14A",2483.93204755598,-1.39213642624652,0.158114165685317,2.30538146091943e-19,5.64930098673973e-18
"MACC1",11256.5426375188,1.56587089748869,0.178709470261865,2.38926129811537e-19,5.847767585871e-18
"LEPR",10740.0560990351,-1.74033716922533,0.200615595509286,2.44496086336234e-19,5.97686628445858e-18
"JAM3",5352.87096983665,-1.32294775073224,0.150397224383672,2.46086551160454e-19,6.00848960438931e-18
"GPX2",1176.7356841366,4.42641421377552,0.510902289000973,2.59774046154131e-19,6.33504393759732e-18
"RMI2",700.86671767408,2.00302785733624,0.229267322803729,2.6079417746686e-19,6.35226828653033e-18
"GAS6",25966.4886263563,-1.03895477828909,0.117097411624613,2.66241190075136e-19,6.47714895229666e-18
"ACY3",146.663025835301,2.43348246267158,0.279606933592356,2.68368358788629e-19,6.51617241871423e-18
"PITPNM2",3530.68493596625,-1.11233505754495,0.126214625831925,2.68489096250564e-19,6.51617241871423e-18
"ZNF750",1401.38985401758,1.87342754858208,0.214640477053667,2.81039182339117e-19,6.81259172422282e-18
"P2RY1",1406.98750931388,-1.94394390053091,0.223081107415438,2.86896720780764e-19,6.94626378627207e-18
"ICA1",3038.89490034496,1.04553258424683,0.11906366012048,3.12279937417105e-19,7.55180192743085e-18
"LRRC8E",1338.70540495002,1.18402410749624,0.134775290257315,3.15550637459052e-19,7.62179051647814e-18
"FMO2",36418.9642628582,-2.08708217895646,0.241474813431176,3.1874362480161e-19,7.68973743695993e-18
"SOX11",264.906588435226,4.46095921041368,0.516767551853979,3.5450600687804e-19,8.51192892671223e-18
"LOC399940",18.5460357003989,5.26522298680736,0.608140711792488,4.00623758976537e-19,9.60785012493376e-18
"KAL1",22626.7886289682,-1.73351033763408,0.201319640383758,4.0476768693614e-19,9.69574290091645e-18
"ACP6",1302.1089323784,1.16155360723248,0.13253459887697,4.34006672637335e-19,1.03715809455163e-17
"LOC643650",537.197883693239,-2.16352530153279,0.250045207741935,4.54633443867827e-19,1.08516928506235e-17
"DTX2",2958.82883592335,1.01032272144034,0.115494552707355,4.66771750379305e-19,1.11283003526826e-17
"SLC7A10",76.4487019712974,4.38815005660781,0.510545363255068,4.68954777676843e-19,1.11671925352435e-17
"C1orf97",538.894890414349,1.31086668483708,0.150071963716798,4.76866022028399e-19,1.13422387213594e-17
"CLEC4M",218.018554494918,-3.80945190133636,0.444249959113231,5.280128895332e-19,1.2544024527044e-17
"CD34",11885.8811040803,-1.25565467350765,0.145404745781314,5.34863161726157e-19,1.26918701717458e-17
"HSD3BP4",345.489639806077,-1.56434284115209,0.180113002668232,5.37473163449333e-19,1.27388692053606e-17
"BMPR2",32864.928984723,-1.098451483863,0.125572003254799,5.46883405145884e-19,1.2946745033401e-17
"RAMP1",1806.45858865723,1.848047638008,0.213203856592792,5.83933865184311e-19,1.37916048602049e-17
"TMEM27",703.555191519244,2.81070710690203,0.326785862559375,5.96424993686962e-19,1.40702078056151e-17
"KIR2DL1",49.058478759865,-3.04154346037545,0.354417954777934,6.37460544199017e-19,1.49858755808737e-17
"TMEM99",1231.19409100002,1.35166272220897,0.155616073221339,6.48645264699201e-19,1.52311239011329e-17
"CNRIP1",1945.6160975063,-1.14897142274013,0.131729041449743,6.86245380484071e-19,1.60953566006699e-17
"ESRP1",8809.6601330173,1.04611630217979,0.119339429612458,6.92618333141755e-19,1.62260274087063e-17
"PANX2",726.686494637581,1.9401167134574,0.224966521238259,7.09915084469307e-19,1.66120129765818e-17
"BIK",309.092214998605,1.93418203003349,0.224378572977114,7.19463493184435e-19,1.68160052719932e-17
"PODNL1",584.080391827891,1.57432077107238,0.18212354273001,7.23222279989185e-19,1.68843623636229e-17
"KRT80",2762.78819886408,2.15312239606649,0.24999978203285,7.37222542310915e-19,1.71913841922987e-17
"PLD5",404.355431589687,2.61847378459217,0.305497407209214,7.6936537753049e-19,1.79202814805462e-17
"MCAM",16426.2133090931,-1.36060585122909,0.159835922514061,7.8307898308435e-19,1.82187375823107e-17
"SYT16",56.8881100907319,3.45018457551061,0.402458166149245,8.14588384520192e-19,1.89300614134021e-17
"CCDC48",2702.8542727519,-1.76989198785938,0.205480846003739,8.3129901754657e-19,1.92962424474313e-17
"AKR1B10",404.315304349843,5.19105899214943,0.485597872709083,8.4258945283821e-19,1.95359142209601e-17
"TMEM8A",10563.4632856574,1.0163582613389,0.116136537653684,8.5295749702277e-19,1.97536758549633e-17
"PSMG3",1619.55567833125,1.0493310797121,0.120437924342616,9.44592829270077e-19,2.18010301679084e-17
"DECR2",1322.69123043913,1.21862029129784,0.140517514041482,9.5187714980722e-19,2.19441291449293e-17
"SPINK13",100.698295590719,3.45912714497473,0.406237075946896,1.04863137579241e-18,2.41197132697889e-17
"LOC646324",300.349224913421,-1.58275031161549,0.184044152754304,1.09824431331508e-18,2.5232194263122e-17
"GPR172A",4949.86615962483,1.18265226048426,0.13651016513798,1.1243241411168e-18,2.58020917690987e-17
"GP9",32.0734433399166,-2.81321728267551,0.330637747273083,1.12834828074895e-18,2.58651161388896e-17
"FUT9",68.2717990401622,4.90434289913289,0.482628834960598,1.13458734155471e-18,2.59787131000101e-17
"RADIL",1003.38580453433,-1.72956980254721,0.201764787786298,1.17321233660491e-18,2.68327580849943e-17
"CKMT1A",137.706412441361,2.94718801948908,0.346568891533958,1.25048759350557e-18,2.85356475537163e-17
"EPB41L2",15278.4850531533,-1.31582354929712,0.152797861395255,1.33446040883589e-18,3.04175823595127e-17
"CRYM",3811.82632460424,3.30176380541153,0.389225118544374,1.43357591756041e-18,3.26033821880227e-17
"PHACTR2",14939.6479735797,-1.11988582690395,0.129581382315188,1.46404688685651e-18,3.32590045307099e-17
"CILP2",519.207417792568,2.82191422904017,0.332074203006563,1.50116928144882e-18,3.4057552692001e-17
"LOC400456",107.401563608449,-1.61218800772295,0.188591458509203,1.55579442856571e-18,3.52246476829962e-17
"TMEM45B",2831.20740012462,1.80132691526512,0.211287232488088,1.67416182578761e-18,3.78199882988472e-17
"GRASP",2996.17709851561,-1.69422397921663,0.19848890333405,1.73642585914748e-18,3.91391935579112e-17
"FLJ34503",116.610323314304,-2.57466813059982,0.304086827876159,1.79452688769449e-18,4.04038028184918e-17
"STRA6",777.302177616542,3.92356079327781,0.464683785899705,1.80492914616235e-18,4.05928564971913e-17
"TMEM110-MUSTN1",305.203251364124,-1.55994077890912,0.183053367011883,1.84887651658046e-18,4.15350827659324e-17
"UMODL1",127.456115964168,3.21089393289559,0.379642291654554,1.85115095929175e-18,4.15400737993618e-17
"WNT10A",584.64659983524,2.0949298740289,0.246624699635663,2.02938530323054e-18,4.54389246932404e-17
"FEZ1",2633.52213502414,-1.49015236619409,0.174533775168931,2.0458005217323e-18,4.57558545418601e-17
"RAI2",3384.24999604324,-1.2588245856654,0.14685238090854,2.08235627909573e-18,4.65220457452282e-17
"GRTP1",673.440451991751,1.24359116953839,0.145017325322014,2.15375867480456e-18,4.80112657893382e-17
"FAM167B",809.192513495852,-1.28644688258667,0.150136058079716,2.15243317951212e-18,4.80112657893382e-17
"GHR",1385.26671523797,-1.67630401856987,0.197016121138442,2.24517563858992e-18,4.99391209897788e-17
"ALG1L",314.808708063973,2.2912764271367,0.270838219485339,2.26673327015717e-18,5.03632800452814e-17
"CAPN12",684.079285848184,1.40382619262898,0.164364910896733,2.30352161367922e-18,5.1124540550966e-17
"GIPC3",957.645083535924,-1.43362959695159,0.168073877484334,2.39061049446831e-18,5.29412987073665e-17
"PRR19",60.5383762157968,1.54045250795638,0.180751921868941,2.47362896713566e-18,5.47199168566042e-17
"C6orf141",182.862698822388,2.25852079993492,0.267028296921799,2.47939478917309e-18,5.47875872572626e-17
"HECW2",6179.27468999834,-1.68627166163818,0.198606013187241,2.57391282109819e-18,5.68141433062687e-17
"STYK1",549.39971711291,2.22517634931573,0.263246776382898,2.66153145288077e-18,5.85747118411428e-17
"TRIM46",266.910150969529,1.70649778504526,0.200819986311139,2.66235536257356e-18,5.85747118411428e-17
"PDE5A",11972.228828441,-1.53645972652476,0.18143420008291,2.67507320174022e-18,5.87906152838477e-17
"LOC344595",866.323989213643,-1.26764381198304,0.148408628336927,2.71495015030666e-18,5.96022841565694e-17
"SLC44A5",946.823915990013,3.50014873730617,0.416841115482564,2.82103614742651e-18,6.17971782035282e-17
"LOC400655",124.467187052903,4.62131368698036,0.551472900818748,2.85641293962689e-18,6.25044911470139e-17
"LILRA5",660.479641128052,-1.56725246359087,0.184710529137172,2.95269607785395e-18,6.447197552518e-17
"FAM105A",9138.1882430726,-1.19682385065521,0.14036254339181,3.03179914334645e-18,6.61278517893055e-17
"CHN1",2635.93080621717,-1.0561589714285,0.122866144811296,3.29572996203394e-18,7.18071799370603e-17
"GAD1",92.1102726807789,3.14689566495976,0.375233953826578,3.39017516622132e-18,7.37855220854685e-17
"TMTC1",4327.84096248349,-1.87753836247324,0.22246550012699,3.45808180200512e-18,7.5182635611585e-17
"ELMO3",2735.03965382732,1.22203379425667,0.142326975997816,3.53497540836982e-18,7.67719283699716e-17
"COL1A1",113917.634922121,2.45540893397025,0.292546916021888,3.56351242426963e-18,7.73087405998301e-17
"PVRL1",3466.47219766272,1.30177470119273,0.152740985736987,3.59497239186013e-18,7.79077475199581e-17
"OAZ3",307.826304442043,1.09154604266893,0.127885197809151,3.66032244729008e-18,7.92391301129396e-17
"ABCG2",1842.31295280371,-1.60544587359398,0.190005814013298,3.95622185644396e-18,8.53708812327103e-17
"TCF21",7177.42199703848,-2.04959783378599,0.243727830915584,3.97526554568256e-18,8.56904684879242e-17
"MAPK13",8054.62462214883,1.10241389748367,0.129188494350158,4.30854416665488e-18,9.27757898694271e-17
"C1orf126",231.47927269568,1.47648031930252,0.174326538522008,4.38514470205096e-18,9.42247493781459e-17
"BAIAP2L2",233.035494097436,3.04047590322498,0.363849885925951,4.44093572496189e-18,9.5322354198254e-17
"PCSK1N",1881.41238025924,2.9300273365866,0.350700922151472,4.60936429862081e-18,9.87281934056971e-17
"ACTG2",4153.89241606446,-1.5321091568851,0.181674186533694,4.83542352242659e-18,1.03242412993077e-16
"SPINK2",47.4178492897514,2.22424540489429,0.265560289823751,5.08095985054513e-18,1.08256535089351e-16
"METTL1",1157.06006102994,1.92157653135419,0.140069228960573,5.12776715866482e-18,1.09138943279216e-16
"CDO1",1282.65732778943,-2.02341178002628,0.241629396095998,5.20884398346982e-18,1.10748120871232e-16
"ARSD",18961.9966624969,1.01534621403143,0.117681772054299,5.50603647621991e-18,1.16944054895244e-16
"C11orf86",16.8133500680658,6.59303120208808,0.842034218722175,5.62921808788786e-18,1.19435013959055e-16
"UPK3A",146.383380894916,3.8030448466504,0.457590640666968,5.66481675056706e-18,1.19946943094268e-16
"LRRN3",1959.19556775749,-2.09570185310859,0.25055456248467,5.66519824110075e-18,1.19946943094268e-16
"VSIG1",6433.26014479359,4.77765170995571,0.575778832013214,5.75398388720317e-18,1.21699464849404e-16
"DBNDD1",1349.91702719221,1.65615735728789,0.196666781350537,5.80817718086528e-18,1.22589483126063e-16
"CDCA7",1595.84744128897,2.61070752427548,0.312838787541208,6.02337980402157e-18,1.26999198555417e-16
"DUSP9",53.9766179542966,3.92414624409469,0.472851258960925,6.03581048806152e-18,1.27128865857287e-16
"DNASE1L3",1415.54610633928,-2.58815202172697,0.310832312529108,6.18062080825964e-18,1.30043602681895e-16
"C6orf125",1825.17551007109,1.27818692720762,0.150680593255807,6.21748008434415e-18,1.30683296352243e-16
"FGR",5372.64775997793,-1.25693386546182,0.14904148720321,6.3056367888919e-18,1.32398749215727e-16
"WNT2B",383.845357577946,-1.44205674220025,0.171504065041842,6.62019409525441e-18,1.3871568186547e-16
"LOC439990",320.464061777747,1.55031224980902,0.184489759098997,6.66891865628304e-18,1.3959212256652e-16
"GPR17",241.622085115196,-2.24477742752383,0.269515829113282,6.77099044862856e-18,1.41582249659804e-16
"RAP1GAP",11822.7249347022,1.9523077102483,0.23362605793546,6.85533073487979e-18,1.43197883802582e-16
"CASQ2",968.498637028443,-2.06728478079727,0.247804363709898,6.89684068671805e-18,1.43916445711196e-16
"P2RY14",1574.92178779428,-1.30424005361876,0.154864550009675,6.98606431328759e-18,1.456281439395e-16
"GPX3",74753.4088196686,-1.64424436042535,0.19707914895516,7.06407648411079e-18,1.47102851970048e-16
"PTGES",1065.34045597522,1.59700944143257,0.190604610914237,7.1690121847506e-18,1.49134610104354e-16
"LOC100289211",28.6709362067402,3.10194843566707,0.373955918693894,7.24194842312888e-18,1.5049720537223e-16
"HGD",741.008207684081,3.20854371088672,0.387278753641056,7.78594915995089e-18,1.61305421644387e-16
"GLS2",1016.05096833077,1.66923507629079,0.199578001152622,7.79686602057152e-18,1.61366426505509e-16
"CABYR",212.689363843855,2.33971091738755,0.281718238808393,8.41575323557606e-18,1.73819654327852e-16
"MANF",5146.47993301392,1.03883609419272,0.123344731210086,9.05115641812953e-18,1.86752759489663e-16
"DGCR9",80.6857014606009,2.75795264336621,0.333846402428967,1.01582043125122e-17,2.09168070691312e-16
"POM121L8P",114.663618595173,1.49924811256988,0.179469532339298,1.0235563144453e-17,2.10546782120806e-16
"GJC1",2856.43035830429,-1.04330046717612,0.123999067138118,1.0849738200242e-17,2.22953858792993e-16
"ZDHHC9",10503.863866194,1.42323310924323,0.169548590711296,1.10479632059896e-17,2.26337877785866e-16
"ABI3BP",18016.0338452876,-1.73052930454067,0.209814210237266,1.12566264256301e-17,2.30056652027566e-16
"BMP8A",728.20938942031,2.20614877258857,0.266503307824195,1.12490654013948e-17,2.30056652027566e-16
"UNC93A",36.3135541408095,6.64345099256068,0.806923706973363,1.12988544772457e-17,2.30544469227752e-16
"HBB",19095.621549126,-2.72583094268445,0.330491292235399,1.15028005174969e-17,2.34469471575685e-16
"LEPREL4",2241.87502215943,1.52679631758943,0.182603509124867,1.16038022357683e-17,2.36290302871414e-16
"TNS4",1232.68019886288,2.93008301281702,0.355115129548903,1.18862504750063e-17,2.41313536474024e-16
"C14orf105",202.625449577647,2.52849751218144,0.306314155739623,1.19664146298684e-17,2.42697593710588e-16
"SOX9",3707.91452568378,2.10809731897254,0.254601516288667,1.23808840007514e-17,2.50601473059208e-16
"GPR37",404.033589829193,2.958359300892,0.359054534541388,1.24022801357069e-17,2.50783768458385e-16
"FAM178B",122.798563433136,2.16598879715973,0.262016334262614,1.2549837029431e-17,2.53514222866979e-16
"PYCRL",1357.7663372404,1.17807034297116,0.140635237432031,1.32433714395964e-17,2.66725454038677e-16
"NEBL",17967.5667372006,-1.12352061940886,0.13415907150043,1.33666990661781e-17,2.68941705565121e-16
"LILRA1",358.575997704794,-1.81962928301916,0.219955417273278,1.48739610688008e-17,2.98378440033297e-16
"HBA2",3995.01430129364,-2.81771885623043,0.343636118175599,1.55696424425314e-17,3.12024883840869e-16
"LOC257358",36.452283405728,-1.4420016366601,0.173791957238008,1.5747150362414e-17,3.15270099392306e-16
"MPZL2",16171.2454480349,1.06499169718977,0.12731484893154,1.63798974298591e-17,3.26967952542187e-16
"RAB19",180.823917586972,1.71351421238034,0.207156859168435,1.66039154409554e-17,3.30787256338956e-16
"STAP2",2235.06999171966,1.21058018959777,0.144798871502082,1.69098200197332e-17,3.36219712199823e-16
"LOC285629",68.5489968263542,3.40045169838185,0.416008898888611,1.80036277563233e-17,3.57266107270334e-16
"SOX4",16091.7538492578,1.34512418078111,0.160668403271085,1.82598563566813e-17,3.61995839878145e-16
"ABHD11",2524.23776747481,1.25372091791217,0.150096823502318,1.88640635964889e-17,3.73242924004429e-16
"TNFSF11",73.4991395359106,2.36106168847373,0.287719581990286,1.90479230389694e-17,3.76512705304472e-16
"NRG1",688.576946479214,-1.53284895589833,0.185490477033801,1.91304201001601e-17,3.77774471460819e-16
"LIM2",10.5625614959062,-2.78039929573245,0.339714553650425,1.9692889617049e-17,3.87370047365101e-16
"CELF5",83.6912464863514,2.96578850197212,0.36286156044333,1.98396005916436e-17,3.89877044248019e-16
"HEMGN",34.5927221465331,-1.8891094408847,0.229944481369217,1.99737170750999e-17,3.92131917863333e-16
"THBD",16954.1372300031,-1.73210410190362,0.211076795208928,2.02420414243553e-17,3.97014690378271e-16
"HBA1",815.015013488699,-2.86584514676315,0.351318541971726,2.14346761081397e-17,4.19187709280053e-16
"SEMA4B",9514.06320371892,1.64547644115826,0.198948536260674,2.14565597199852e-17,4.19210642173959e-16
"TK1",1790.09937830331,1.98483676575667,0.241128554537695,2.17147100076103e-17,4.23845173832246e-16
"ART1",35.8646714198857,-2.26540105255288,0.276858386698001,2.23395500888292e-17,4.35621226732169e-16
"CX3CR1",2979.73065240856,-1.68702739929853,0.20488275524146,2.26729798979185e-17,4.41697580475234e-16
"PLEKHA6",5959.04793424483,1.70218853197195,0.206524804667409,2.50503093526608e-17,4.87073306058797e-16
"PTPLAD2",2225.39544497518,-1.05742280458787,0.126766861138831,2.55806480287305e-17,4.96907770393026e-16
"AGR2",25088.7356210003,2.42046713311422,0.296875965131185,2.73886324205865e-17,5.31008916499129e-16
"SELP",3342.7796364538,-1.80408218575442,0.220399545094426,2.76658854707873e-17,5.35358688158897e-16
"KCTD12",38039.2672168636,-1.04392441654782,0.125612704947937,2.88170487980476e-17,5.57102086648788e-16
"GPT",169.62261908588,1.70782486518769,0.208171313532181,2.97441615795657e-17,5.73929051031448e-16
"CCDC64",1191.51605680442,1.34386308792109,0.162707588895826,2.97340842262127e-17,5.73929051031448e-16
"HPCA",17.2382976295544,2.12578025614784,0.260567826232986,3.03290520975728e-17,5.84101183165528e-16
"SLC35F2",2587.82423689019,1.38409062573617,0.167247207487338,3.09986612135322e-17,5.96429564280519e-16
"IL7R",10035.7222272727,-1.7192008626058,0.212181569382131,3.17973103899716e-17,6.1121496638501e-16
"LOC100506939",1015.19386272123,-1.11250040148533,0.134288552182673,3.20415413348016e-17,6.1532527339442e-16
"HOXC10",293.026347811799,7.10423242038107,0.881105348562234,3.28279341374816e-17,6.29829587560915e-16
"BCL9",4788.72611922462,1.24085681450741,0.149327127660834,3.57649724457829e-17,6.84880612370002e-16
"TTC28",7621.22938709837,-1.00834980721105,0.12137769570402,3.58243359739834e-17,6.8536898341153e-16
"LOC283177",232.138821560468,2.68395802707312,0.330628978177197,3.58734015502823e-17,6.85659604135282e-16
"TNFRSF21",11395.8955639422,1.60825816513855,0.194858970127862,3.67249137235096e-17,7.01272621393923e-16
"TRPV2",5516.99509240207,-1.0683307097478,0.129470568671002,3.71019427669892e-17,7.0780435772538e-16
"FCGBP",10087.7574086803,2.51050548637805,0.308690663531576,3.7501743727208e-17,7.14384804542624e-16
"SOX17",1162.84881042528,-1.83251340730255,0.224593776553136,3.75527608336225e-17,7.14384804542624e-16
"CYBRD1",44669.821295567,-1.18974705622191,0.144563114895263,4.08732495079004e-17,7.76822012478322e-16
"FAP",2176.94026739442,1.52689417770425,0.186976608212699,4.14179407681707e-17,7.86435777756608e-16
"POU3F2",47.2796593208888,6.31546053222128,0.785743560298362,4.38529058271078e-17,8.31111111279483e-16
"TEAD4",1462.09146061107,-1.10275228613705,0.133952436443126,4.59612870852263e-17,8.70254828711006e-16
"FADS6",125.921734967583,3.22838361778406,0.400052010004056,4.67060102433265e-17,8.83529302182403e-16
"LGALS3BP",83564.0354854843,1.0567778312529,0.126768389373335,4.68964428909191e-17,8.85476586338706e-16
"SLFN14",50.0971879848615,-1.33995520990839,0.163687336316979,4.68771129371096e-17,8.85476586338706e-16
"PGM2L1",3473.18245230124,1.33397910801359,0.16249762124079,4.85615097176413e-17,9.16061060759345e-16
"TXNDC17",3804.20672006052,1.50440456359976,0.183716871873763,5.13913783167914e-17,9.68540864534614e-16
"RAB25",7094.01197307909,1.26623088100737,0.15413740104869,5.2137460186527e-17,9.81687750358597e-16
"TTPA",146.152432743283,-1.9731086119719,0.243780227312089,5.36878331720665e-17,1.00900225741485e-15
"JPH2",1272.32148876386,-1.57319557811423,0.194089820469393,5.55233892647015e-17,1.04156526608603e-15
"SLC15A1",199.512678000282,2.77564141376081,0.344490232055044,5.71712941698425e-17,1.07049413995539e-15
"C7orf58",6665.44953623072,-1.42640038144924,0.175421977366364,5.80420899197165e-17,1.08479219027237e-15
"MME",11336.0655934763,-2.11329585781886,0.264069118405355,5.82426453776628e-17,1.08753633310818e-15
"CLDN9",662.185015680147,3.0178118105832,0.375108187814962,5.8349176258382e-17,1.08852136096397e-15
"ARL14",104.088194373781,6.01717552303601,0.528966987221411,6.049990353949e-17,1.12703474103277e-15
"LOC100506660",47.589923297014,1.42936798973941,0.175353514384551,6.05250117831441e-17,1.12703474103277e-15
"SYT7",2254.92344001852,2.3017379712632,0.284722933300981,6.34833507804074e-17,1.17995087524906e-15
"SPERT",23.8512471336598,4.79503687072764,0.600656430143312,6.54264166984697e-17,1.21495055081993e-15
"FAM13C",1392.23522541299,-1.53233160059614,0.189604400867508,6.58679308476615e-17,1.2220282202452e-15
"STK32A",715.222021771534,2.24557908469376,0.278676390744718,6.74536856875681e-17,1.25030224542314e-15
"LOC401093",1126.26737521796,-1.1085474254679,0.135591738090222,6.7927193511244e-17,1.25792710325809e-15
"GJA5",9025.74005696294,-1.65054126585881,0.204644054185454,6.86271869402928e-17,1.26972841943187e-15
"C1orf74",346.924927325338,1.02487015685602,0.124987648994688,6.92643640429363e-17,1.28034702519915e-15
"CHAF1B",610.740242833138,1.29694627241556,0.158740167818539,7.22443194666107e-17,1.33299660011273e-15
"ERBB3",23527.1940033952,1.08540154023609,0.13153541828456,7.37163583920475e-17,1.35768226589029e-15
"SERPING1",56500.0071092303,-1.08062129830969,0.13215070157755,7.45981693542506e-17,1.37267413263581e-15
"LOC151534",536.576766170233,1.02823639958625,0.125521912859934,7.46703247295949e-17,1.37275389904789e-15
"PHKA1",1790.8698701075,1.04971151203853,0.128229539677212,7.64749207094514e-17,1.40465414707805e-15
"ZEB1",7884.86201564725,-1.2081240555826,0.148820683755571,8.02824007606993e-17,1.47325120017889e-15
"KRT81",370.029153987377,3.9058331794901,0.489110665408041,8.14655611624356e-17,1.49360907924715e-15
"SPSB1",4865.96541705851,1.0617951971701,0.1298021020585,8.63724665914073e-17,1.57928192978923e-15
"LMO7",52942.5512446351,-1.09342879689,0.134108619706204,8.91091421115542e-17,1.62785031180503e-15
"TMEM88B",49.430605004367,3.35078698052256,0.419938741040554,9.459002252042e-17,1.72486184309533e-15
"LRRC4B",603.660357057112,-1.36772581113082,0.168905182659646,9.55801127488804e-17,1.74134749068415e-15
"LOC339894",39.3069517508318,2.12689076795996,0.264950165594955,9.89083301577757e-17,1.8003628693557e-15
"GMNN",1077.45425038706,1.03853537931135,0.127209529989814,9.93448622134289e-17,1.80668405755796e-15
"LTBP4",46272.3476627131,-1.6495080786081,0.206782578376279,1.04401288095158e-16,1.89353626553235e-15
"CARD16",2000.31751721178,-1.04423831107135,0.127977331966608,1.06569036980282e-16,1.92939523928254e-15
"PRSS3",76.5117157747114,4.31758118377017,0.543450249699926,1.0861949925571e-16,1.96476075463344e-15
"SFN",5839.60373062771,2.02617131891785,0.251968378532035,1.20154066060349e-16,2.16952582616193e-15
"ARHGAP31",17758.4453957597,-1.06984328826592,0.131691913566165,1.20680497957388e-16,2.17708909015641e-15
"LOC100129316",25.6536193578121,-2.24556443645214,0.28185249160696,1.25607340109845e-16,2.26395206693088e-15
"RAC3",493.068424338872,2.03468823966062,0.254125442235559,1.26009384394049e-16,2.2690289293308e-15
"SSTR4",13.1209370634848,-2.91654149044058,0.367769831915783,1.28132427310261e-16,2.30331124439342e-15
"DPP4",11365.0077998165,1.58699054693323,0.19600451446993,1.28579301258406e-16,2.30929337779184e-15
"SLC1A7",2185.0908767739,3.19455313615092,0.401689953238459,1.29182166619024e-16,2.31806403770892e-15
"ZNF366",883.986203663491,-1.56724684282201,0.195012653082906,1.29633625232725e-16,2.32410470180299e-15
"NET1",12994.1337956278,1.1162446811211,0.136624719417733,1.36730238758433e-16,2.44916527673401e-15
"CHRNA5",238.898973101162,1.63735156087618,0.203855798824979,1.38593575952584e-16,2.48034710066866e-15
"LDHA",45055.5500428068,1.13677025977667,0.138582532754661,1.3922833720334e-16,2.48950598350955e-15
"NT5E",6972.33012764572,1.7145021052574,0.213932053170875,1.44498104324189e-16,2.57917648115159e-15
"TRIM58",517.844286476621,-1.5665570176368,0.195450619142904,1.47815795198642e-16,2.63607005340591e-15
"PF4",80.7744686623008,-2.52283823354881,0.317853654412192,1.51630057917781e-16,2.69933509438329e-15
"LAPTM4B",21599.7569232906,1.71788946649658,0.213650723806656,1.61933894287362e-16,2.87265903091192e-15
"LRAT",374.090332466796,2.23544313739083,0.281106426994412,1.61852650639731e-16,2.87265903091192e-15
"RUNX1T1",2267.39270759298,-1.42949367558068,0.178154096146143,1.64662303171641e-16,2.91850234544413e-15
"GCAT",940.554556389975,1.53752900470002,0.191612961305206,1.66638865614414e-16,2.9483717472914e-15
"IBSP",60.4771220894903,4.05383805600298,0.512815075125131,1.69079124027352e-16,2.9889349776748e-15
"CNTD2",54.2340329923472,2.74696669706401,0.346298121461102,1.69792756839459e-16,2.9989312314027e-15
"C2CD4D",152.451397603598,1.50403817830383,0.1876133168658,1.75624475225031e-16,3.0992284246119e-15
"GALNT10",18436.339554287,1.19758058743246,0.147626922303773,1.7699052215873e-16,3.12061425001294e-15
"HTR3C",142.93575809135,-3.19626579871821,0.405561372743913,1.8319281717173e-16,3.22435288032433e-15
"CXorf36",4231.84183799477,-1.52547673565846,0.190953706232582,1.88882406963264e-16,3.32160625485963e-15
"LOC645781",73.9429530687665,2.42151520072374,0.305660533560958,1.9465344710858e-16,3.42012189489997e-15
"CPEB1",245.51269666515,-1.16279617511543,0.144408595217502,1.9504609119648e-16,3.42404850989415e-15
"ESAM",13007.8265799909,-1.2707523709015,0.160042523664284,1.96005105665279e-16,3.43790237761777e-15
"HOXA10",297.606304561123,3.75884227290154,0.476957331728679,1.97835450367429e-16,3.46700203540011e-15
"NOS1",1744.78694465976,-2.33081953809308,0.294508670569713,1.99557030622329e-16,3.49414693497107e-15
"FAM189A2",4525.33209157153,-1.65789196395962,0.209311061667977,2.08564564312347e-16,3.64298413887179e-15
"OTX1",182.422636236353,2.2191396786439,0.2801842718641,2.11996567033033e-16,3.69279045896352e-15
"ETS1",28164.6193966885,-1.0282917733286,0.127644399302723,2.20171797377872e-16,3.83189797998754e-15
"FGF10",146.489729296458,-2.21457684774764,0.280524801533149,2.43531607088231e-16,4.21670082042164e-15
"SATB2",620.908335726638,1.20994070495335,0.151372444734509,2.48421725582175e-16,4.29769585257162e-15
"ADCYAP1R1",390.592947549481,-1.88116817017125,0.237433048377273,2.49997328516102e-16,4.32126039837269e-15
"IL18RAP",425.556949230579,-1.41467933219639,0.17761423807897,2.52232508932149e-16,4.35617594991094e-15
"LOC731424",562.693193572901,-1.55920667036856,0.196302169840645,2.6515050711571e-16,4.57147479942853e-15
"EDN1",5732.35577916323,-1.6836881348938,0.21392135221359,2.74915624081481e-16,4.73580182726234e-15
"LGI2",1174.63095577354,2.1722570266279,0.274843539477202,2.93087789581491e-16,5.04454927629163e-15
"TRIM67",22.0744859050854,1.65898555771118,0.209142437357116,3.07238783804806e-16,5.27465667768708e-15
"FAM46B",2009.10510963102,-1.60865674130471,0.203325516304844,3.07897712114113e-16,5.28148948381506e-15
"PGLYRP3",13.7646892816356,6.0593084078646,0.852102273510642,3.18703030468908e-16,5.45758717404497e-15
"FAM83H",9732.83322311244,1.31972751553648,0.165191562319931,3.21508730415469e-16,5.50097904677895e-15
"HN1",5931.35690478086,1.32262913968308,0.16520160052644,3.22158619310851e-16,5.5074430857018e-15
"HHIPL2",100.706997663644,3.6222503082949,0.463519860410365,3.2759319645485e-16,5.59562353539461e-15
"UACA",13584.29290367,-1.25312350910841,0.159316420398709,3.40854602906499e-16,5.81723272970527e-15
"NT5C1A",57.3874596512643,3.68014980796431,0.471215579228223,3.42301616299551e-16,5.83700675275419e-15
"PLA1A",2017.97218492485,-1.5038169884557,0.190744715543414,3.5700378098606e-16,6.07747143056252e-15
"GINS1",677.087133503639,1.93204043847571,0.245052312532676,3.57900770395344e-16,6.08762142316988e-15
"HIST1H2BD",1012.75887011737,2.01142492403973,0.255734749883391,3.65618301023381e-16,6.21366921159887e-15
"DDN",48.7137734372566,3.05879994158307,0.391745789020703,3.84347414858958e-16,6.51555780917937e-15
"ADRA1A",535.892912743965,-1.94364667261078,0.247071832813168,3.85861938291581e-16,6.53575857151456e-15
"C3orf30",16.6471305927343,4.48957691447392,0.572137296902926,3.86798155707407e-16,6.54066956530795e-15
"GPM6B",3415.84534671367,-1.60937540820906,0.205056252140995,3.86488906675163e-16,6.54066956530795e-15
"ADARB1",9362.56122748058,-1.55269251823159,0.196900974083283,3.89656538356899e-16,6.58350416768113e-15
"CNTN6",1228.89299332122,-1.90674260584283,0.242864593357992,4.12025811111451e-16,6.9556417370366e-15
"INMT",27053.4990583328,-1.82936776145762,0.23454772835107,4.56874229523468e-16,7.68710829574772e-15
"PAX7",360.395404346418,6.94444098097757,0.898588142760798,4.63857008731279e-16,7.79811438017427e-15
"HDHD3",1661.44727844318,1.01898364807678,0.128246056990845,4.99455556400465e-16,8.37570829917301e-15
"ANLN",1649.09828169669,2.26680182642397,0.289832680799942,5.01023134542418e-16,8.39504078333864e-15
"SLC17A9",935.539964109066,1.63954211042809,0.208464292175511,5.05902274814375e-16,8.46978324608583e-15
"MASP1",1641.73048395309,-1.99669602356043,0.255257234767363,5.15325271498129e-16,8.6204122482592e-15
"PON1",98.7564812874327,2.11918201119926,0.271251506755702,5.35681967590294e-16,8.93877881780308e-15
"CARD14",421.341117912472,1.43019010255105,0.181067930270454,5.43667144168117e-16,9.06455244242739e-15
"BAALC",1364.55584356629,-1.87472520937471,0.24001720484763,5.48737899461387e-16,9.14156693250859e-15
"EPHB2",2102.53585693299,1.60767554858981,0.204078068107915,5.505818609236e-16,9.16474296624554e-15
"YPEL4",206.483971343931,-1.2187618800631,0.154029756155534,5.51967854703975e-16,9.18026404853176e-15
"MEFV",745.762570129672,-1.37433935520639,0.174457546038661,5.54769229581497e-16,9.21171778175478e-15
"COL11A1",2116.71392842874,4.12888715791146,0.533178505531857,5.61417754630856e-16,9.31447276351078e-15
"ABCB1",1512.04191956529,-1.65201127092017,0.210672838582495,5.61918902546382e-16,9.31515192992737e-15
"MC5R",15.4207800469715,4.95196001863699,0.435108277787249,5.9499886219356e-16,9.84740144698271e-15
"DOK6",1933.26079923834,-1.36221993456937,0.174165032720601,5.97286032543287e-16,9.87717858227833e-15
"TUBB2B",407.080315778321,2.60003850602777,0.335057302164694,6.48598204024011e-16,1.0708218799062e-14
"MYBL2",1224.37872273487,2.67856638235732,0.344825772377788,6.49138357354687e-16,1.07084021933303e-14
"ZNF781",228.757813921192,-1.14054200838169,0.144427887520062,6.75031542747979e-16,1.11174234798713e-14
"ZYG11A",210.21657932677,1.90582056492043,0.244377976771419,6.74663081636206e-16,1.11174234798713e-14
"CCDC102B",1983.16585138045,-1.18233121934072,0.149955856009466,6.78614924903725e-16,1.11673534105498e-14
"TERT",20.0327745396607,5.35990088835771,0.488803382271648,6.82709695466612e-16,1.12256108415432e-14
"RALGPS2",2758.34609561658,1.31584218538368,0.166568181136079,7.33560745067394e-16,1.20421760266903e-14
"VEGFC",1198.38731684098,-1.22673070726546,0.155602626490903,7.35407085457005e-16,1.20529350742795e-14
"PKHD1L1",1216.13045074788,-1.94859678934108,0.250844458490121,7.43176418966958e-16,1.21704157737137e-14
"LOC100507055",46.7768389686591,-1.64652400701492,0.21086277416845,7.53286986764091e-16,1.23260160865739e-14
"CDC6",747.090550633183,2.17956600079639,0.280888370164349,7.78409854694058e-16,1.27141545670552e-14
"LRRC32",10977.7202670904,-1.62046840259894,0.209747704357742,7.78891935336616e-16,1.27141545670552e-14
"CCNE1",282.010928661292,2.19408378845782,0.283190838016661,8.24673251948899e-16,1.34506134510054e-14
"BCAS4",870.225376791942,1.37880852069779,0.175732787843442,8.48480981865937e-16,1.38277806392499e-14
"SP8",65.4993120576934,8.31422035627728,0.897150850489731,9.01005647256183e-16,1.46568193220697e-14
"CNFN",70.8676743194174,2.28435295608576,0.295381066543125,9.01523642901872e-16,1.46568193220697e-14
"PLCL1",1826.47789208266,-1.00336314782602,0.127245982773962,9.77065940903832e-16,1.58594961586483e-14
"FUT6",317.179077164611,2.38543515054462,0.308844454477493,9.78441097894555e-16,1.58690915564773e-14
"FBXO16",237.674602418983,1.37650815035428,0.175945574189624,9.99374755538618e-16,1.6169739749686e-14
"MEIS2",2065.89300446596,-1.16632492919609,0.148803789403702,9.98854423050525e-16,1.6169739749686e-14
"NCRNA00312",968.668818066941,-1.48290481949687,0.190313123025728,1.00256243537211e-15,1.62083596280886e-14
"KCNB1",109.346272325684,-1.995428474586,0.257979879860773,1.004281991882e-15,1.62232017539374e-14
"CNGA1",179.504836578404,2.49506033440964,0.324182482168899,1.09271427291426e-15,1.7567616837218e-14
"ITGA11",2116.0368670955,2.03259078398731,0.262689496448104,1.10396960121257e-15,1.77344830937649e-14
"WNT3A",876.120374805814,-2.3566032362137,0.306827586767482,1.23458611726254e-15,1.97856354707135e-14
"OSBP2",837.272600665441,1.01426022936582,0.129469981073288,1.2410001723982e-15,1.98726934252468e-14
"SCN4B",4627.35174893338,-1.79805720859242,0.234212602647271,1.29754387003449e-15,2.07617276469314e-14
"ID1",8879.12747169246,-1.56349111189039,0.202225121690827,1.3045474218953e-15,2.08573020273165e-14
"KIRREL2",48.6364053219446,3.54744216182699,0.464138370276203,1.32126568837043e-15,2.11079232820094e-14
"SRD5A1",1279.40904281072,1.17290169739396,0.150654372474942,1.34936416829335e-15,2.15058898664769e-14
"LOC286190",72.38771467319,1.06534626783076,0.136093217238188,1.36601918667721e-15,2.17542048446369e-14
"CKMT1B",91.1686739102639,2.79507173770734,0.365482230957354,1.40023157517142e-15,2.22465363524684e-14
"MMP12",938.515895721767,3.69032250580749,0.484003871649795,1.46646784487742e-15,2.32623633606299e-14
"SERPINA4",83.6518086194879,9.23414522507785,1.00215358573176,1.5190769089637e-15,2.40591828750658e-14
"BDH1",1126.2676601416,1.130841093737,0.145018562811318,1.57125874011068e-15,2.48467563738908e-14
"GUCY2C",329.041232809632,1.3004011937811,0.167339185165264,1.57279298910242e-15,2.48516025701968e-14
"KRTCAP3",2168.18495748463,1.40181133392884,0.180168934411497,1.58855181329109e-15,2.50810274983033e-14
"EFNA5",2120.23304079954,1.42456295959531,0.183479188211479,1.60950974108323e-15,2.53328823244678e-14
"KDM5B",10726.0750344607,1.02684738669603,0.129163772678128,1.60833114113087e-15,2.53328823244678e-14
"WDR62",557.793346989031,1.86885602688781,0.243012915020741,1.66122464046414e-15,2.60859953046041e-14
"FER1L4",665.78174890167,2.17172952623522,0.283692567787529,1.74171355710389e-15,2.72231846404168e-14
"C7orf41",10273.2955955249,-1.07762498308024,0.138405096950908,1.78079484939279e-15,2.78125528908637e-14
"MIR559",12.6664432259208,2.12403907379669,0.278263860986331,1.83014014121136e-15,2.85611924427595e-14
"PRR5-ARHGAP8",1330.59087034585,1.0484778900785,0.134868996075591,1.9909651416871e-15,3.09754999484155e-14
"SRCIN1",746.171118141082,1.68629475485908,0.219572462551672,2.00756174884612e-15,3.12097214734211e-14
"LGALS4",2128.6394165484,3.89385408020351,0.513598643044885,2.00977832025411e-15,3.12202018267563e-14
"KREMEN2",68.0547733995508,1.97310866207218,0.257964623434777,2.01855690884294e-15,3.13325233066641e-14
"GRIK4",283.895187647523,-1.79927766401345,0.234778918122248,2.0204860318298e-15,3.13384350730015e-14
"TFAP2C",1239.00431276524,1.4132867515237,0.183398613404735,2.08314087934961e-15,3.22607915370432e-14
"FUT8",4904.04623539541,1.23424597455504,0.159425355013977,2.09444882485181e-15,3.24111151864109e-14
"FXYD1",1833.65393509852,-1.56797292953405,0.204196917402316,2.11850148149677e-15,3.27582799747717e-14
"GRB7",2785.47427579222,1.24636847857468,0.160976396466772,2.3682582920009e-15,3.64857064702992e-14
"SOX18",2699.15604843671,-1.5640400819419,0.203966065158071,2.44208450184981e-15,3.75895303436821e-14
"KLHDC7A",1682.04288942,1.54342042513172,0.200534226344928,2.51515785521235e-15,3.86848861302076e-14
"FAM150A",159.818599254338,2.25196144498413,0.295949750550596,2.5536948645946e-15,3.92477887276077e-14
"GALE",4974.28383884738,1.38927875121875,0.180182869733626,2.60907152686776e-15,4.00684497536649e-14
"CAMK2B",131.034618151523,2.88058767021019,0.380511991269801,2.63795178955418e-15,4.04505925548228e-14
"PURG",55.791807576496,-1.56324429387484,0.204109973621018,2.63663769758253e-15,4.04505925548228e-14
"ELFN2",1976.12569135063,2.0197321017223,0.265273320235644,2.64953936099359e-15,4.05975217304097e-14
"XYLB",509.617010474028,1.03212572358637,0.133391003305092,2.65784080568419e-15,4.0693915089148e-14
"IQSEC3",822.0923025726,-1.49881648944098,0.195557099317902,2.66488359193896e-15,4.07709061106851e-14
"SULT1C4",1005.43828368249,-1.55712258192152,0.203642746387738,2.70834734738368e-15,4.13595231223658e-14
"KLF17",55.2366988342011,-1.54791159252066,0.201985599813084,2.70596534578068e-15,4.13595231223658e-14
"PDZRN4",235.608054506832,-1.78709798175687,0.234272046997465,2.70948706389294e-15,4.13595231223658e-14
"LOC645431",65.5235138036292,1.52276555001302,0.198975656022257,2.90143494227002e-15,4.41895746173721e-14
"OVGP1",357.13545944464,1.55854775559133,0.203701251648871,2.91148000917901e-15,4.42426928421864e-14
"ENPP3",1544.22452866873,2.68472068347765,0.354448066613068,2.91055524204661e-15,4.42426928421864e-14
"ACTN2",556.545584831765,-2.11859472521541,0.279206400618792,2.93418971974986e-15,4.4554339172886e-14
"SULT1C2P1",20.8163890211679,2.25742301748425,0.297113120844211,2.96860280279391e-15,4.50430954507882e-14
"ADCY8",382.269418429087,-2.45756207235778,0.325035071735853,2.99420771095375e-15,4.53975717433819e-14
"NME4",5129.15200550909,1.0590181078305,0.137139689488008,3.01592796780067e-15,4.56584876561357e-14
"FNDC4",676.01419797749,1.70681303502779,0.224120635947709,3.24032547979684e-15,4.89823958450843e-14
"DPEP2",1450.6197958214,-1.2431403013015,0.161975176286705,3.30253544915823e-15,4.98855373331431e-14
"ELF3",23470.0787895719,1.29429911849708,0.167715042570639,3.31901497528211e-15,5.00970783852985e-14
"SEPT4",2743.90529581744,-1.1162664489862,0.145209539536525,3.41089641987786e-15,5.13690137163302e-14
"MYBPH",84.9787637352699,3.27753020083719,0.435568137574724,3.45593658851016e-15,5.20086338200998e-14
"PLSCR4",8340.62665066574,-1.13237277102985,0.147919077551983,3.46678623053366e-15,5.21331501428171e-14
"KIAA1274",4332.76875090656,-1.06427518758076,0.138216123083198,3.47044853114743e-15,5.21494793756163e-14
"HMGA1",9487.43170547408,1.51863431976282,0.198620479083843,3.53937064258857e-15,5.31456982022517e-14
"LOC100128675",49.03608619804,1.14033035159329,0.148444708727637,3.70708272068583e-15,5.56227289469251e-14
"PIR-FIGF",4499.95762806252,-1.36523388452164,0.17868910468879,3.7375066715959e-15,5.59962046926518e-14
"ITGA1",16316.1188304044,-1.26158560765099,0.164951576102727,3.86744612807315e-15,5.78573370867174e-14
"RNF207",851.666117701738,1.04942778321562,0.136188377854556,3.89141102642996e-15,5.81728586307008e-14
"HOXA5",1860.15709803388,-1.39384629551275,0.182675571358681,3.92394348888181e-15,5.8615896795909e-14
"ABCB6",1933.05125848782,1.14854146279086,0.149360361567867,3.96480728213272e-15,5.9182643213605e-14
"FGF12",352.077923599602,-1.69243246712411,0.223213121063316,4.08797725037015e-15,6.08864956031952e-14
"KRT8",56024.9930023835,1.44335352876066,0.187213260190708,4.23247869194408e-15,6.29460699512418e-14
"FGF2",2398.10772692867,-1.52045579765025,0.201169383014399,4.23009383395436e-15,6.29460699512418e-14
"TBX6",243.701090919687,1.11354859329171,0.145100223216965,4.23926853143057e-15,6.30007594307535e-14
"ANKRD33B",1555.66356588194,-1.27160642382349,0.166529780118255,4.28690057095899e-15,6.36618888164203e-14
"PKMYT1",299.994299748912,2.06018114148035,0.27309246942673,4.34096553769137e-15,6.44175098595388e-14
"MIR30C2",18.7361695023352,-2.06663999208362,0.273838155179517,4.47182817345936e-15,6.62138069195251e-14
"OGDHL",130.566030661632,3.38740146719593,0.452966185854556,4.49207771565897e-15,6.6465018306033e-14
"HIST1H2AI",37.871915900426,3.36967063017187,0.450617609060468,4.68097624975084e-15,6.91084174115294e-14
"TEKT5",26.6852794723006,2.07160278338852,0.275301545823895,4.77257645469867e-15,7.03581354840173e-14
"GABBR2",655.820774470402,3.25319080618043,0.434972540883782,4.90605289466922e-15,7.22732289963607e-14
"KCNA5",385.060290197659,-1.70730526952385,0.226220792991782,4.93292619816036e-15,7.26162612196101e-14
"HHIP",3621.29174368028,-2.0307523873086,0.271142726132374,4.94963648601685e-15,7.28092965940894e-14
"BCL2L10",24.4432244686467,3.72956697598023,0.500513460169705,5.2850869237048e-15,7.75184379874702e-14
"KCNQ3",2157.94970043622,1.87269303195393,0.248747126152661,5.5492563331423e-15,8.12753237620356e-14
"CNN1",3681.31078437839,-1.48074517202367,0.196686599690816,5.58462994351132e-15,8.17342694769433e-14
"C6orf147",125.085787245723,1.22523729768252,0.160891019334106,5.68809987094962e-15,8.31283967421597e-14
"ARHGEF37",2446.69568992925,-1.01979317135102,0.133505323741866,5.7039942540897e-15,8.33005394639464e-14
"KCTD15",2930.02966663832,-1.19861895599905,0.158646487208563,5.7191546457843e-15,8.34617225561068e-14
"ANXA8L1",184.368338444449,-2.30354793082677,0.307635784340346,5.75314285365988e-15,8.38972366721395e-14
"LOC100505933",41.3370225552848,-1.23761839227747,0.163173152381473,5.80802160077995e-15,8.46365480355557e-14
"LGR4",5453.07548370229,1.76784089278015,0.234595627862708,5.89422345999098e-15,8.57692142729529e-14
"SLFN13",3861.2136416483,1.07017243093076,0.139490586338746,5.95094003992397e-15,8.6532311313291e-14
"CBX8",607.994917164589,1.02825616618311,0.134653877458594,6.06012879111995e-15,8.80567601299777e-14
"KIF26A",1394.40462140493,-1.30775297941799,0.172883130752392,6.1383153093553e-15,8.91288666977479e-14
"ORC6",308.459810073809,1.23286007915661,0.162255321433263,6.39738966948834e-15,9.2824060430189e-14
"EGOT",59.950407966801,1.83113818138469,0.243734735668896,6.60174003003098e-15,9.55835621944614e-14
"VWA1",16452.2208172672,1.28648859255764,0.169676538203863,6.80756739744282e-15,9.84228369226001e-14
"LOC150197",42.430468948455,1.96735599952983,0.262439135210623,6.9108384535134e-15,9.98445975285973e-14
"NPNT",28139.8890115481,-1.2065412011728,0.160833117292988,7.14436218738178e-15,1.03144818141794e-13
"CDC25C",113.65457322485,2.24106394841336,0.300321475515885,7.24096159463779e-15,1.04390529656028e-13
"ADAM28",2875.86463296024,1.77554559922566,0.23607200439173,7.23794112859727e-15,1.04390529656028e-13
"PCDH17",8153.06102519737,-1.55682918186546,0.207895802298313,7.25071741145806e-15,1.04456776601653e-13
"SPINT2",39073.3920684878,1.1238046261383,0.1467149305255,7.44549441788867e-15,1.07186523835338e-13
"ABCA8",8373.77997122189,-1.71036913802206,0.23044904978925,7.5855262574967e-15,1.09124830830128e-13
"THBS2",12587.6271227294,1.95573940124311,0.260091962212418,7.8226401697341e-15,1.12456008292321e-13
"C8orf84",1852.15669662031,-1.65444164784967,0.221600021400903,7.99005309595555e-15,1.14699762209387e-13
"IGF2BP3",1271.35592635022,2.81671573079437,0.379004405698663,7.98479701516425e-15,1.14699762209387e-13
"DSG2",15039.0975525711,1.40475111549163,0.185573956634981,8.00552521712727e-15,1.14840422338677e-13
"AOC3",31481.5405613325,-1.61456106410463,0.216524592134115,8.25257613506355e-15,1.18216839030305e-13
"C21orf81",62.6748390452903,-1.52560851909033,0.203172621556371,8.26463768095701e-15,1.18305892008664e-13
"PDZD4",850.19618574944,-1.32125986653014,0.175434827574264,8.27726717823888e-15,1.18402943430907e-13
"LRRC18",201.09542550511,-1.73021344713592,0.231154639512356,8.40638786670371e-15,1.20165040120021e-13
"EFNA2",35.7672082969725,3.29640589011627,0.446416348320562,8.68423074547009e-15,1.23874217420056e-13
"TNR",507.642252565992,-2.88044724185491,0.38913357653991,8.79983092159274e-15,1.25434773016872e-13
"STK32B",920.466281876485,2.56665403335748,0.345834486861826,8.91451279678276e-15,1.26980051737987e-13
"APLN",3748.38430131172,-2.08293926932575,0.280163251612156,8.95717427388901e-15,1.27498005961876e-13
"GPRC5C",6590.22101062566,1.23920931843374,0.163148546824655,9.1334327781905e-15,1.29733202009371e-13
"SLC35F3",223.145981984693,2.41274628368371,0.325104845958536,9.22515874427229e-15,1.30944206271259e-13
"FLJ34208",74.4226062905144,1.54588313834758,0.20613565865463,9.35936635399414e-15,1.3266311930756e-13
"GPR115",211.782781181249,3.40679217907122,0.463184894192079,9.40102347605998e-15,1.33160333225283e-13
"GCKR",51.2860192089784,3.07469212606389,0.416841813307771,1.06297410797268e-14,1.49978530655441e-13
"MYOZ2",29.5211303027786,-1.36725362533415,0.182540729675603,1.06328339257229e-14,1.49978530655441e-13
"CFP",1096.46065390895,-1.47605381419207,0.197335866713873,1.0750265950656e-14,1.51423892211015e-13
"FLJ34690",50.0820961343154,-1.18600185691018,0.157575265220037,1.08385960040893e-14,1.52455887226388e-13
"MDGA1",2208.3994407368,-1.53451845610264,0.206838343316451,1.13213583790966e-14,1.58915128260259e-13
"SLC2A5",455.441223135878,2.23194431883044,0.301154239485807,1.13484950484121e-14,1.5918564676016e-13
"GFI1B",56.3663243499791,-1.92694514458003,0.259696057625057,1.13861248666674e-14,1.59602876333944e-13
"KHDRBS2",595.104307371533,-1.67039334903582,0.22412151144605,1.14195008244272e-14,1.59959941998084e-13
"LOC100505666",121.010663031691,1.1813910979213,0.156889968739976,1.1597297710599e-14,1.62225917733404e-13
"IZUMO1",43.7587895879899,-1.59656457108648,0.214984973860951,1.34669033553074e-14,1.87600544263439e-13
"RAD54L",292.36362540971,1.68203102557994,0.226361422784501,1.35197751048463e-14,1.88207543258042e-13
"NXPH4",150.465182832652,2.9494705264309,0.401541034361146,1.398246944291e-14,1.94381293951882e-13
"HOXD1",1092.98450769549,2.36301191886882,0.320751530004276,1.43883094414918e-14,1.99611906377817e-13
"GRIA1",3540.87556928386,-2.12402351295061,0.28797388903492,1.44625184946333e-14,2.003667603353e-13
"YBX2",79.615080091487,2.97593581862627,0.405553621467074,1.46909563945132e-14,2.032533481759e-13
"RBM24",179.909016698425,-1.59620842464686,0.215055620338154,1.5022838853375e-14,2.07703060950249e-13
"CDKN1C",2737.53020694228,-1.01430774117327,0.134580187527467,1.50469789341751e-14,2.07894812700776e-13
"C8orf51",150.818200115866,1.59182241164705,0.214529323602448,1.5278480331575e-14,2.10949331781316e-13
"NTNG2",243.306444652292,-1.10206247861891,0.146845565896661,1.55714721316779e-14,2.14701748921861e-13
"TMEM52",110.240291773989,1.76351598400258,0.238448914553292,1.60373081290136e-14,2.20974236786498e-13
"ITIH5",8061.40253707,-1.38666360795731,0.187625833405827,1.60631476735806e-14,2.21179708884996e-13
"LOC151009",2856.56337445481,1.24024187803425,0.165295194037279,1.625396131337e-14,2.23503010152121e-13
"STON1",2187.80678729793,-1.06486683772719,0.141783402458602,1.65237872248092e-14,2.26905004896448e-13
"TUBB6",7609.056830897,-1.0333218995449,0.1378272557784,1.65400784180295e-14,2.26974730345311e-13
"CLPTM1L",22796.678787347,1.34782920457527,0.181303649029797,1.69368648293032e-14,2.32262250006725e-13
"C10orf35",788.411136403308,1.21612642575038,0.162768548512801,1.71974452777147e-14,2.35357329186088e-13
"BRDT",150.597071779263,2.67734784518037,0.365377295506023,1.76453870509555e-14,2.41161566035375e-13
"PGM5",3979.60623100284,-1.2876616079259,0.174275293802859,1.86587639463361e-14,2.54839433898642e-13
"IYD",2435.72435752319,2.29145141557728,0.312614178322607,1.92414982983197e-14,2.62090960333977e-13
"MIR126",27.7729974533007,-1.85218201718819,0.25168878247372,1.94357362951905e-14,2.64558667351009e-13
"PCDHGB7",1335.23325642811,-1.43986059117109,0.194225687106019,1.95067006384076e-14,2.65346187918016e-13
"S100P",3548.2060258328,3.6245910671061,0.497376213743682,1.98908486019885e-14,2.70027274683333e-13
"CIT",7771.47494557882,2.00066181004832,0.272984782087949,2.02614055425726e-14,2.74689289743612e-13
"GPRIN2",2385.27933850885,-1.19352660421288,0.160157662061833,2.08252018011265e-14,2.82143848498395e-13
"IL5RA",957.019350699086,-1.61762364410745,0.219228898983405,2.09054259299053e-14,2.83041288459675e-13
"RBMS3",5962.56396203733,-1.06181457778802,0.14228070800245,2.09701833803967e-14,2.83728263237039e-13
"AOC4",55.1155562988294,-1.32441420831307,0.178575857202643,2.1004157134998e-14,2.83998092564792e-13
"BPHL",1421.51439681495,1.12573098022528,0.150942106256168,2.10494811890866e-14,2.84420927068293e-13
"S100A12",168.25796575191,-2.26904094578597,0.310188800547031,2.12262932712167e-14,2.86427601401798e-13
"C11orf80",1498.72821340957,1.25718502152985,0.16854955391996,2.18749249747462e-14,2.94787188025192e-13
"MIR3648",549.683189799488,1.53693452405723,0.207786522703297,2.28319367153035e-14,3.07070585418244e-13
"KIF4A",689.251245104592,2.29521034562075,0.313755880976933,2.36586598508493e-14,3.17767043159284e-13
"ZNF280B",270.384260705893,1.40435023165571,0.189945788812161,2.39789216258391e-14,3.21641718110411e-13
"UGT8",1412.07157965873,1.41573298750527,0.191168730515998,2.46257991422496e-14,3.29881403334398e-13
"ECEL1P2",489.492380695195,-2.01883807573649,0.276203918412568,2.47223610515867e-14,3.30955892887015e-13
"SIX1",2040.63767267826,2.40873779358911,0.330242994086793,2.48936209105369e-14,3.33028275512344e-13
"NRIP3",1376.92666768457,2.74533668187118,0.376843787910006,2.53565244082266e-14,3.38779536154541e-13
"KIAA1377",1860.28992350191,-1.01301637851685,0.136116221860766,2.61200976385716e-14,3.48514763548007e-13
"VWA2",2721.9220069988,1.24605861923738,0.167340263509652,2.71441825267099e-14,3.61940315232632e-13
"BIRC5",877.78320648992,2.31164538893387,0.316989461681222,2.78232769533727e-14,3.70751118376048e-13
"ARHGEF6",9528.91901779497,-1.09371461912262,0.149172653729438,2.80294153014225e-14,3.73006834395854e-13
"EBF1",1255.72644219588,-1.20168119581281,0.162291028251901,2.80571302834202e-14,3.73130337757364e-13
"PI16",1204.30302766579,-2.04140953739361,0.279812547430045,2.84967677992818e-14,3.78479709334162e-13
"LHX6",943.778943302186,-1.61617947081416,0.220317490592727,2.9194500702257e-14,3.87492386042219e-13
"P4HA3",289.783994648393,1.51411078203214,0.205868736102544,2.98324785650162e-14,3.95441518424685e-13
"B4GALNT4",362.770894858549,3.2405439972557,0.448315534011258,3.11405982054313e-14,4.11971796258912e-13
"LOC389641",346.490430089312,1.05989461456693,0.143004507295472,3.33556348768083e-14,4.40411875760911e-13
"C20orf197",118.433630176491,2.03374288865535,0.279474525587877,3.34573427804975e-14,4.41466802620632e-13
"ACOT11",652.725009601128,1.23024739796254,0.16670674406064,3.38471717511011e-14,4.4631961134465e-13
"LIMK1",6885.28015134015,1.02991423946755,0.137058960214925,3.39926493683352e-14,4.47946104078433e-13
"SLC7A5",4373.19274473768,1.5915660956107,0.216937620529586,3.48278904514307e-14,4.58355871669316e-13
"ADRB2",3190.98848987961,-1.4640202689321,0.19980420739775,3.61613109451421e-14,4.74977997949786e-13
"VTCN1",703.478311482274,3.46953431540761,0.331655517095339,3.64343350063494e-14,4.7825380989852e-13
"C19orf77",48.9643872473915,4.99173540993893,0.480950119157626,3.77133429566522e-14,4.94401408539895e-13
"TFR2",108.326294893776,1.57458588536427,0.215536599125626,3.94454301318679e-14,5.15438961458449e-13
"CEP72",582.587373838057,1.12128817651546,0.152020877686251,3.94758495829215e-14,5.15503658972848e-13
"FAM53A",184.378785403215,1.13894678431018,0.154502440933353,4.01570621748219e-14,5.24061312366583e-13
"RHCE",87.0836068606982,1.91150845985149,0.263488165613844,4.16026815361968e-14,5.41999678755742e-13
"CFD",13486.0245646898,-1.40097148889601,0.193548767775869,4.17342733871438e-14,5.43243361819407e-13
"LMOD1",8982.99850685172,-1.47440244340399,0.202517970985331,4.19787175937463e-14,5.46074050652326e-13
"UBE2C",609.354047206086,2.36805527987339,0.327650238179259,4.2951779101932e-14,5.58373128325116e-13
"SH2D4B",75.0125813464903,-1.5247777487051,0.209545167853741,4.59847141362148e-14,5.95887707318261e-13
"C19orf46",757.273670245292,1.22049502243656,0.166260048601301,5.2688285142199e-14,6.80576404132507e-13
"LAMA4",19183.3857995223,-1.26245606587005,0.174627475969334,5.42587858126255e-14,6.99523620148632e-13
"SIX4",1743.47724304926,1.49697825939593,0.206043558690854,5.50994836051335e-14,7.09458427259229e-13
"FLJ45513",114.175576518629,1.19513288139402,0.163315529754834,5.63752258043688e-14,7.24962481261899e-13
"ZEB2",18127.6096646307,-1.17037927946859,0.159921266887024,5.66601388902139e-14,7.28163727794806e-13
"XRCC2",336.240282743095,1.43325638393914,0.196852310029174,5.87977027454754e-14,7.54197909550803e-13
"GPR87",357.345953893315,3.72454326129751,0.524775675182775,5.92972991058911e-14,7.60124528943851e-13
"CHGB",442.846015640448,3.36864924205712,0.472336765154029,6.18241024152234e-14,7.90512733409056e-13
"C9orf50",21.4247289121701,1.83456305179425,0.254948529977422,6.2681900888816e-14,8.00974972153108e-13
"SEMA6A",5366.49893303867,-1.89168988499118,0.265015436490506,6.55802525649104e-14,8.36954534783323e-13
"H1F0",22608.311372863,1.06691909520575,0.144382361694025,6.88730301705021e-14,8.76766668981844e-13
"SLC19A3",2348.75965325612,-1.66878007065192,0.231387486623844,6.90417902231664e-14,8.78362586993784e-13
"SNORD60",32.7437407246308,1.26755440707418,0.174717179334795,6.94084577433164e-14,8.82472734411097e-13
"ACE2",1055.75655501783,2.25013100816043,0.313731702610849,6.95529127506669e-14,8.83754241673728e-13
"TNNI1",350.278521160539,1.78735562117759,0.248045296763481,7.01405663083764e-14,8.90661984095261e-13
"SEL1L3",25843.1403661095,1.1106579424238,0.154070163945658,7.14954635357429e-14,9.0729760340249e-13
"CCDC64B",1834.95926801854,1.19529055058305,0.163367236096363,7.18216149663472e-14,9.1086548153749e-13
"GGN",69.0371453816612,1.1850695626632,0.16254125759247,7.19665682626209e-14,9.11804776136665e-13
"CGNL1",18141.0974784492,-1.05012447699494,0.144091848026646,7.198577304809e-14,9.11804776136665e-13
"LOC100129480",148.767817144276,1.55111273583926,0.21510748250075,7.47102486275542e-14,9.45131339043952e-13
"FGFR4",5785.00408396898,-1.71237181061838,0.238836418235462,7.55940015969034e-14,9.54844438490254e-13
"PNMA6C",117.856064922964,2.24183126838332,0.313704299902202,7.782192675751e-14,9.80207603919577e-13
"HOXA4",560.149058707891,-1.51144394469937,0.209491600580761,7.8969122896457e-14,9.94038567504469e-13
"LOC100127983",128.056292341228,-1.15339049942277,0.158557466614082,8.04674681356617e-14,1.01226974675819e-12
"P2RX6",97.5234440634817,-1.43624113025913,0.198970375418264,8.12160496215608e-14,1.02105221142237e-12
"CCNF",912.754107950413,1.24583160374866,0.17149485340596,8.23370406138621e-14,1.03450281754512e-12
"TCTEX1D1",323.174655232787,-1.4853176483732,0.205976112751543,8.24871849971801e-14,1.03574634710169e-12
"SRMS",94.9187274726519,2.10698947579799,0.294985862861334,8.52798404892394e-14,1.0694852858381e-12
"TOP2A",5493.02089127195,2.3372590107859,0.328034821129291,8.9482832234026e-14,1.1201125585955e-12
"MATK",972.52705975213,-1.04177889228558,0.143097530507364,9.10591230245664e-14,1.13913949885059e-12
"TCAP",67.0520535437224,-1.20497838127534,0.166491944147262,9.39155552034172e-14,1.17269879881084e-12
"C12orf56",59.4748483538032,3.83434209900825,0.543393929753788,9.5862415863384e-14,1.19553367805962e-12
"STK31",391.586478718515,1.8826347691562,0.263542572853105,9.6083472314395e-14,1.19755268664758e-12
"KLF2",11418.6170964514,-1.3899550328296,0.194604000468668,9.77283525361476e-14,1.21655570952286e-12
"TCEAL2",467.874307742486,-1.86820807417766,0.261843222442147,1.01676087740921e-13,1.26336752115652e-12
"C6orf108",2271.43263466479,1.00059658985981,0.137220737538511,1.03665285977479e-13,1.28650463118955e-12
"KBTBD12",416.521529280285,1.34130284036075,0.185661267269984,1.05524328172566e-13,1.30797178600179e-12
"A2MP1",23.8744298846814,-1.55885141769786,0.217519621819966,1.06401030489767e-13,1.31803136973279e-12
"UHRF1",1095.41656439074,2.04691349510804,0.287318636448897,1.07061496608357e-13,1.32459153597173e-12
"PPY2",11.3577936275785,6.2096858392046,0.964073281648158,1.10707897608151e-13,1.36719863055924e-12
"CNNM1",296.629328015455,1.57228211522105,0.219753579488172,1.1265216053648e-13,1.39036120818225e-12
"ANKRD30BP2",114.399241973445,2.55424719560071,0.360992532300285,1.14517051619883e-13,1.41165629831793e-12
"SYNPO2",10512.5083476665,-1.38028139553794,0.193135688409338,1.17195684211967e-13,1.44379661846282e-12
"EXO1",319.277326320868,2.08137178962496,0.293175474245803,1.17712131588295e-13,1.44927691939092e-12
"MYLK",33893.8876372826,-1.12115465809222,0.156208032152613,1.19225212547491e-13,1.46701369433056e-12
"TTR",123.054124702886,4.06848340970238,0.578985401803262,1.1938891561322e-13,1.46813550481604e-12
"SLIT2",12243.7617303831,-1.82129863323921,0.258943479662997,1.20208930341621e-13,1.47732177234046e-12
"ACHE",822.902243224999,1.92041391020796,0.270150409938901,1.21229954318303e-13,1.48896571926989e-12
"CETP",323.185690956469,-1.27674882163791,0.17766791800297,1.27957529007802e-13,1.56968990584662e-12
"STIL",785.037435668821,1.36998155132685,0.190682474519384,1.3452330609513e-13,1.64823622195613e-12
"DMBX1",68.3421429140018,1.78839277733117,0.251571210863859,1.35145706588876e-13,1.65486040354836e-12
"HIST1H2AM",34.5942407789007,2.46340949618436,0.349148257587983,1.35505209614296e-13,1.6572573702737e-12
"ART4",378.308843346053,-1.61657368328463,0.227354354456772,1.40122329460141e-13,1.71008161655855e-12
"PREX1",15281.3108632219,-1.14981656531493,0.162480988819635,1.40162314207333e-13,1.71008161655855e-12
"SYNPO2L",298.973584341519,-1.54714866042348,0.217083952538086,1.44202792636597e-13,1.75831850949239e-12
"PRKG1",2480.2689044501,-1.38771384767737,0.195027289180258,1.46628849547348e-13,1.78682392756645e-12
"FCRL6",623.277513706859,-1.43452930154228,0.200884544521617,1.47564335018997e-13,1.79714182016818e-12
"GPR172B",367.488551401719,2.19038180846106,0.310167599035614,1.50609960746227e-13,1.83092865793656e-12
"AOC2",170.828649325862,-1.12190372684462,0.156218834898388,1.63332299632354e-13,1.98083228092179e-12
"HCAR1",631.744033930545,2.35790476665758,0.334611646782204,1.63989648084252e-13,1.98761345321757e-12
"DLX4",200.046848156389,1.48552703845667,0.208706136354101,1.66990149695283e-13,2.02276937162311e-12
"C1orf172",1410.08727045355,1.07481462931516,0.149099724799394,1.68131080876706e-13,2.03293978974039e-12
"BMP6",2384.94281802253,-1.64772268177425,0.233036396274336,1.6809480044854e-13,2.03293978974039e-12
"SIX2",341.612839208021,2.95050755466345,0.421351580657396,1.69539874239529e-13,2.04875020566107e-12
"HSF2BP",76.8391038038683,1.59728804926579,0.224821924042532,1.70771629896566e-13,2.05994550699428e-12
"PLK1",613.906020601851,1.84980361107268,0.261463253074417,1.74972912275303e-13,2.10685705970517e-12
"NOSTRIN",3732.63710192052,-1.34569041778246,0.188747946813613,1.7668592960452e-13,2.12621872837401e-12
"PDE3B",3892.14086998713,-1.14662082395994,0.161371267824668,1.78078775501875e-13,2.14043497323839e-12
"ALDH3B2",396.196642942157,2.16769143874714,0.307942402744656,1.78848530890023e-13,2.14713707814054e-12
"EPS8L1",2511.0901243766,1.2367605872402,0.172060916369446,1.84053814846275e-13,2.20570353244728e-12
"C1orf226",1901.88049023167,1.05415432886905,0.146861688601751,1.84863673463951e-13,2.21409799679517e-12
"HPN",3722.93027999021,1.58253078832179,0.222828688234493,1.85375045370212e-13,2.2189096944639e-12
"TGFA",2533.37431869249,1.70261629098536,0.167486247275471,1.8565773544422e-13,2.22098003730878e-12
"ACSBG1",201.84025721404,-1.50283473039828,0.212241648697587,2.01381298250959e-13,2.40481348548534e-12
"C15orf48",1377.1675158807,2.17721970203723,0.310168941920352,2.01797345030625e-13,2.40836088488496e-12
"FOXP3",529.044613509228,1.57435662455195,0.222273114208574,2.0751358797698e-13,2.47366462558425e-12
"CLIC6",12524.4340690761,1.68206065836756,0.237805454739392,2.11733851107542e-13,2.52100287074575e-12
"CLDN24",10.4476322323121,-1.91712678417536,0.272912720569062,2.21420381103056e-13,2.63014667482802e-12
"NCCRP1",277.502390331005,2.16710652288709,0.309431810301666,2.22902769603352e-13,2.6462023223117e-12
"FRK",1274.71864631601,1.19367365472728,0.16650720064864,2.23615033666749e-13,2.65310193226768e-12
"LHX9",84.3083209128327,3.38055933700525,0.48750620439838,2.36099702651819e-13,2.79467490138916e-12
"ERO1L",9014.13028571172,1.27787016068627,0.1790900718871,2.40241008942963e-13,2.84203288253332e-12
"ADAMTS16",350.043273028502,2.59592952851734,0.372540121611168,2.43540886433893e-13,2.87435048531103e-12
"CKS1B",2428.68575054866,1.11234602161435,0.155408904598434,2.50304119699292e-13,2.94729824713983e-12
"OLFML2A",6659.22949323257,-1.34308581412653,0.191681705301382,2.54043853982378e-13,2.98959398166123e-12
"HRASLS",54.8433380403681,2.29992241357757,0.329648429624662,2.54977479845457e-13,2.99883740241249e-12
"TCEAL7",342.53067988126,-1.00165016189631,0.140234289330341,2.6657025506774e-13,3.12791219294268e-12
"GINS2",387.615676834164,1.89809960678783,0.271251167171732,2.71876789611412e-13,3.18464010331285e-12
"TNNT3",75.5654921827846,-1.57975905108236,0.224798462151382,2.717392842448e-13,3.18464010331285e-12
"WASF3",2991.27366806605,-1.29432249428024,0.183641325889493,2.839483539222e-13,3.31644468074971e-12
"CACNB1",1589.23833401487,1.06500121847085,0.150228975376302,2.85818499637908e-13,3.33636231324734e-12
"LOC100125556",196.333189370982,1.07711225867173,0.151642429835818,2.92432471801555e-13,3.40767165327304e-12
"SNCA",740.729387276278,-1.17896506074047,0.166341676055824,2.92956519365865e-13,3.41181410154458e-12
"MACF1",115104.806158396,-1.0848225696102,0.154641831033215,2.96322575087849e-13,3.44903119169244e-12
"LOC283392",138.751966973407,-1.88105935244971,0.269327247690565,2.98032541529606e-13,3.46694061672457e-12
"MGAT4C",20.9990553358304,-2.17278731732724,0.31319535705464,2.98736155091854e-13,3.47312953200127e-12
"HOXC13",140.931248245099,7.87004555061433,1.15328524683022,3.00478063120817e-13,3.49137570357546e-12
"LOXHD1",253.208827378916,-1.70264111832611,0.243086575553693,3.02513756940163e-13,3.51301259565452e-12
"CHRNA10",118.827014715542,-1.09409195368411,0.154039318195265,3.05490097608639e-13,3.54554189546816e-12
"ABCA9",2023.36949613819,-1.54189705327483,0.21957297230409,3.08306435615818e-13,3.57412976134008e-12
"MCC",4323.51795994704,-1.06955926904143,0.150609272894965,3.0854162619714e-13,3.57480884708433e-12
"PDE2A",2046.89245800531,-1.39403141535022,0.198089267918992,3.1170795222863e-13,3.60736458608331e-12
"RNF182",600.653246566142,-1.81087335274891,0.260028803471267,3.1478248425546e-13,3.64086415075129e-12
"LOC645323",17.6115452858413,3.47581625999837,0.504647596336423,3.35005242594014e-13,3.86372713125096e-12
"C1orf115",6858.45528427235,-1.08589177015371,0.15316029054337,3.39313318981872e-13,3.91118501680642e-12
"AKR1B15",19.3815921481926,6.63767971735096,0.795354803365122,3.39786121566672e-13,3.91440574082584e-12
"HOXB8",234.232763142965,3.96843565701631,0.577052239825086,3.47730828607214e-13,4.00137561218796e-12
"B4GALNT3",4114.36399558304,1.28722348933036,0.181723401911488,3.49207879418326e-13,4.0160890268786e-12
"GSTM5",1440.72949322855,-1.49622667632,0.213397496134361,3.60198438713066e-13,4.13543766193486e-12
"HSPB6",5003.27660600418,-1.61521634455792,0.231072578350987,3.61160361333421e-13,4.14178293130299e-12
"FOXE1",141.247167565957,3.27027707981365,0.475081314039337,3.62929479299212e-13,4.15736026626788e-12
"DISP1",4015.58584934444,-1.06536554465975,0.150464201760993,3.66170161444526e-13,4.189740100508e-12
"SLCO1A2",1055.82387911593,-2.13144198136036,0.307404245053241,3.66994379151097e-13,4.1967984341228e-12
"PLA2G5",463.226229149111,-1.09672039687298,0.15520388054004,3.79453793075292e-13,4.32705590176732e-12
"BPIFB2",283.136296912675,4.38939697720327,0.670834198978383,3.80063938395119e-13,4.33157329789167e-12
"TNFRSF18",482.424649023225,1.66487137214763,0.238592468024228,3.81351733391079e-13,4.34380440943659e-12
"LOC100128542",61.0770048256128,-1.33406107367061,0.190027897524322,3.92710453814242e-13,4.4706705824826e-12
"CCNJL",3016.12291383168,1.19664741541975,0.168771430549013,3.94187274285949e-13,4.48496043778634e-12
"ATP6V1C2",423.711664696418,1.46073088941893,0.208598689435116,3.974826833838e-13,4.51737618998961e-12
"SPAG5",1345.31532337654,1.8293245043219,0.262821337942479,4.08373737380237e-13,4.63334799232813e-12
"ALS2CR11",287.502951387767,1.8307928386771,0.263312820985272,4.16834659598227e-13,4.72669487110796e-12
"ADH1A",504.071295298994,-1.66217671334772,0.238848770749934,4.30077422531038e-13,4.87140297115319e-12
"GMDS",1970.49209669181,1.19568704384555,0.169928849348368,4.42304795072229e-13,5.00709807441666e-12
"CAPN13",3143.84211542051,1.24155382577676,0.17684042556845,4.50660256127655e-13,5.09883412201223e-12
"CDCA8",541.290768843927,1.64348501266503,0.236385449699831,4.53465168204725e-13,5.12770305566025e-12
"GRM8",114.931929061557,-1.94705461581838,0.281607708346616,4.63028567621221e-13,5.22708379097665e-12
"NEK2",481.161636381741,1.95436468669004,0.282288680026929,4.70202019363708e-13,5.29624878906e-12
"S1PR5",466.211457015769,-1.85881253732553,0.268525359850971,4.72176254166854e-13,5.31552812046234e-12
"TLL1",1167.54257360011,-1.61431283094201,0.232201058372697,4.94048070077021e-13,5.55248583366406e-12
"RGS9BP",161.350711930569,-1.58689799234059,0.228569191301557,4.95590445651372e-13,5.5667293065646e-12
"FLJ23867",10557.6177082039,1.21088809412031,0.171793949098215,4.97562885409936e-13,5.58268867160893e-12
"LOC389033",8.68710589848911,-2.29993541874713,0.334398489332721,4.97326105339085e-13,5.58268867160893e-12
"C6orf168",918.933724719562,1.5651093470101,0.224741883285177,5.11719839450761e-13,5.73834973425089e-12
"LOC100131825",184.550073009918,-2.03917855259273,0.295961708409976,5.29502758113717e-13,5.93447692523795e-12
"ANKRD29",3738.10465792691,-1.65073207555318,0.238173699217389,5.30417790148588e-13,5.94144244072914e-12
"NUDT9P1",32.5999136378467,-1.23460887908099,0.176579150133277,5.33636945951586e-13,5.97419547732635e-12
"DIRAS1",212.084985440261,2.0841741601249,0.302438493882104,5.36904760448227e-13,6.0074567475028e-12
"BCAN",159.281862365007,2.13198139050858,0.309659790041265,5.47147068937236e-13,6.11529752753097e-12
"ODF3L2",27.0062601270451,-1.44268186625189,0.207432605402295,5.47628652357727e-13,6.11730218122116e-12
"PAPSS2",21608.9259219365,-1.00694189864648,0.143022481476886,5.49083215306027e-13,6.13016732543259e-12
"ZWINT",1219.18489073202,1.62202727203624,0.23420811967406,5.64733412839553e-13,6.29101211298041e-12
"SLC5A4",214.177232711613,-1.66626781909382,0.240942003414272,5.79243367710222e-13,6.44910066326876e-12
"KCNJ11",585.547893762912,1.32284249527221,0.190022838255632,5.86855492152558e-13,6.52667143772524e-12
"SCEL",13700.9897372208,-1.31754112137769,0.191352169245628,5.92732829351186e-13,6.58841581488048e-12
"COL3A1",131168.996861315,1.88985489444675,0.274991496599173,5.9562187997266e-13,6.61326520709085e-12
"FLJ38109",585.361889315284,1.67612332018345,0.242411367647819,6.10922534776662e-13,6.77571672680242e-12
"LOC170425",65.4060991526672,3.28550093301958,0.482653706081474,6.21978399087668e-13,6.89455902296467e-12
"APOA1",64.2866860321754,-1.70419089780036,0.247529485303709,6.26089896957933e-13,6.93633585348961e-12
"SCGB1A1",72421.6563904128,-2.2634688865763,0.335327970448986,6.26438226636612e-13,6.93639832896699e-12
"GRIN1",56.4291575926352,1.85538743677155,0.269737932822549,6.3737553437602e-13,7.04979136136887e-12
"CNTN4",1164.61020237418,-1.06006119662333,0.151599608020565,6.76514811292745e-13,7.47045078853052e-12
"HES6",589.389325795489,1.20451564353668,0.172157736420577,6.78554537047265e-13,7.488888977303e-12
"BMPER",1291.77558791514,-1.95649315257641,0.285099676576578,6.79611035587272e-13,7.49646156475312e-12
"OLFML1",3328.83366322003,-1.36877963860564,0.198715894743742,6.98445030646137e-13,7.69582246342322e-12
"PPAPDC1A",67.1692476250295,2.99933220230482,0.441086682436853,6.99943005498644e-13,7.70813186849731e-12
"TMEM132E",138.315993975623,2.07111007328847,0.302168612385021,7.02904317959413e-13,7.73653414889423e-12
"SLC6A3",318.787529132674,3.80592305190879,0.561737206097951,7.08454581497164e-13,7.79338542613266e-12
"NPR3",9316.67193330261,-1.59447138314724,0.233819668731517,7.1043110300358e-13,7.81088319168684e-12
"FKBP11",2571.62648455791,1.46704348799304,0.211440876133597,7.18858495144817e-13,7.89496191005222e-12
"TFAP2D",22.5749115281522,5.95923331492725,0.875658510597911,7.62969149156358e-13,8.36126613322894e-12
"PRR15L",5440.25320456518,1.32129793536861,0.190591347075739,7.63566090333409e-13,8.36327988876544e-12
"MFAP2",2516.44427896227,1.54440136304143,0.222923551676606,7.67605639134438e-13,8.40297768616558e-12
"NLN",3070.20280897107,1.04808976973283,0.150099344397898,7.92477955750499e-13,8.65652795593408e-12
"NEGR1",2489.20555940622,-1.41592296729691,0.205113107212325,8.20023709231066e-13,8.94294175568212e-12
"KRT83",22.0172380862945,2.59111450324527,0.380522224727596,8.27783670597987e-13,9.01785214024427e-12
"UNC5D",36.5832918210593,-2.14358890268431,0.314664228517378,8.29931802076808e-13,9.03639032051461e-12
"SLC39A8",44047.4390619952,-1.35345096532754,0.195847440231371,8.32596012563372e-13,9.06052467220173e-12
"SLC9A7",927.15471733581,1.08036538953892,0.15431503691457,8.46917249830282e-13,9.20647263899824e-12
"DPY19L1",9376.36781745969,1.00206171707562,0.143211820203655,8.62118259226589e-13,9.36668582125892e-12
"IL1RL1",3903.86456533577,-2.52729808587369,0.372501582665747,8.63506099978007e-13,9.37673120689638e-12
"TBC1D30",2393.2386433154,1.61115542567266,0.234532983074196,8.67551248345592e-13,9.41560580040918e-12
"SYNPR",17.9386930304487,4.82020789678349,0.715129057811095,8.85975904532401e-13,9.60012756083529e-12
"GABRA3",62.9999284281794,5.55246027665564,0.827333795269163,8.90048630217524e-13,9.62879440097964e-12
"PRICKLE1",3298.16367990791,-1.04785737910245,0.150093741565022,8.91633001471779e-13,9.64078182841361e-12
"C16orf78",5.01192849950579,-3.10038145453522,0.452815425344598,9.06820554251689e-13,9.79976232707338e-12
"SOHLH2",55.0480628480465,2.89065456299782,0.426387267849804,9.11444476774456e-13,9.83922541567560e-12
"C11orf66",501.519236336488,-1.38678341264721,0.201445462155309,9.42485408577962e-13,1.01580655777564e-11
"CYP1A2",64.5317559968245,-1.22077220003122,0.176614229068852,9.66350818896373e-13,1.03931492695438e-11
"CHD5",71.0465920880823,-1.57048813338136,0.229288114214347,9.70895104752603e-13,1.04309383308373e-11
"SYTL1",3684.90213247883,1.02608826850928,0.147517144007819,9.9527397191038e-13,1.06815166836893e-11
"VGLL3",10890.199616119,-1.31833409560262,0.192878324574773,9.9910279956006e-13,1.07169262140409e-11
"PGR",1635.71639089304,-1.3169849542924,0.191093528016511,1.00145617779881e-12,1.07364801349713e-11
"CDCA5",789.638603102085,1.83447787065719,0.269062970664195,1.00739143215662e-12,1.07943938476877e-11
"IL12A",166.929205643506,-1.2539738236886,0.181591132671559,1.03759422444773e-12,1.11062637213361e-11
"CNTNAP3",371.647307096845,-1.37302130565673,0.199721796864383,1.05131145972942e-12,1.12412019315283e-11
"LIFR",30541.4111000549,-1.28174274384524,0.187962841932213,1.05362262524092e-12,1.12599659754495e-11
"RXRG",484.259523109415,-1.10548804777299,0.257904023104505,1.05433084141354e-12,1.12615886865707e-11
"SRSF12",149.142742135827,1.4769515612276,0.215666266086876,1.07691637166423e-12,1.14907033626019e-11
"AKR7A3",132.454467929033,4.65933191900061,0.385016763501072,1.07952587274179e-12,1.15124779716368e-11
"KPNA7",150.436475132014,1.64225931691144,0.240298188211454,1.08999869538163e-12,1.16180429664137e-11
"F8",8564.00812499684,-1.42255548146319,0.208310027085794,1.09151821835166e-12,1.1628115925082e-11
"SDF2L1",2628.85577178388,1.02378688301286,0.145876545807573,1.09416248357938e-12,1.16501540400475e-11
"CDCP1",5463.6373284043,1.11662361479461,0.160553262087686,1.11307330080776e-12,1.18452769093848e-11
"RHOD",1309.20961407959,1.10397989182033,0.159493171947529,1.12416501710149e-12,1.19507479575374e-11
"LOC100128881",177.989538648006,1.52274372138624,0.222345436177024,1.1355430601389e-12,1.20653685460742e-11
"FOXQ1",3106.29714752197,1.98337798487222,0.292367282878535,1.15185496686875e-12,1.22130415842799e-11
"MUC1",78806.775258399,1.40782241850282,0.207007889242655,1.20943077968085e-12,1.28033935206695e-11
"FLT1",10053.2213274844,-1.07651404601196,0.155877564140245,1.226587905656e-12,1.29714554850486e-11
"OPLAH",1850.5030738967,1.12293663234516,0.162579110195227,1.23626189991101e-12,1.30601133173793e-11
"PRSS50",83.6501423316649,2.83227196981367,0.421235718252641,1.24963300641982e-12,1.3194481837738e-11
"CDT1",480.128330557042,1.68694361392077,0.248005042849333,1.25181996797114e-12,1.32106819456224e-11
"CPXM1",747.32472244205,2.03816953279857,0.300836972480505,1.25848959493847e-12,1.32741468948147e-11
"LRP2BP",1007.28650475089,-1.00195006613796,0.144486844526083,1.28933303278049e-12,1.35853148966735e-11
"CHRNA6",42.2337813503794,1.73700929264658,0.256055122649501,1.39099500837976e-12,1.46260415400596e-11
"HOXB7",584.619412490213,1.94735930234777,0.287784652280923,1.40253487046318e-12,1.47320748900079e-11
"MYH10",44730.4780773121,-1.28227243187673,0.187382801250029,1.46530275375442e-12,1.53754240739986e-11
"LOC100130275",22.8453121039043,2.08989020411948,0.311078872710448,1.46996426538196e-12,1.54163454381327e-11
"CHEK1",676.131760952966,1.18787539243807,0.17319235214528,1.49549082228863e-12,1.56759346110534e-11
"CWH43",223.584380515587,-2.15957316277673,0.321075166145922,1.51770456411079e-12,1.58923218221244e-11
"FOXM1",1132.68232411877,1.97696686585388,0.29223364813038,1.53777853238307e-12,1.60941961085655e-11
"IL1RAPL2",36.2818189647887,4.46594664245489,0.671674464035798,1.55293691596237e-12,1.62276696520363e-11
"TCF4",17989.4045992308,-1.01169627141796,0.148937945005169,1.5883151424852e-12,1.65887960779375e-11
"FIGF",624.124465624657,-1.97763832492448,0.293656261718513,1.59131686564779e-12,1.66115753881263e-11
"NAALAD2",382.003953439503,-1.1819558637946,0.172409038488527,1.59282661002276e-12,1.66187646461189e-11
"HOXC11",159.796299076134,7.30453867755541,1.10748372598144,1.5958287343e-12,1.66415092277003e-11
"CCDC169",24.8907772659477,1.82256702179122,0.270202989225348,1.64029132300382e-12,1.70699931459745e-11
"SAMD14",547.599163836749,-1.28095134783394,0.187656738469624,1.66298463515341e-12,1.72972620761255e-11
"FLJ40504",8.9292872498019,2.94834542580957,0.437849729839287,1.67275667960068e-12,1.73810410430171e-11
"DCST2",85.5177379115252,1.15174894936429,0.167949397257516,1.67266138505177e-12,1.73810410430171e-11
"IGFBPL1",174.041041309309,1.84493707860941,0.273815933847896,1.70987407215653e-12,1.77575993301798e-11
"TMPRSS6",858.935822456962,2.57644540101676,0.385345212391225,1.71422362517305e-12,1.77936412292963e-11
"SLC9A2",336.144692700262,2.39060350621053,0.35718317529769,1.77026169860636e-12,1.83564892630591e-11
"SLC24A2",47.0461682583957,2.71608374437231,0.405669756515198,1.79590969973159e-12,1.86109463385598e-11
"RAB27B",7380.50936287034,1.39695621479324,0.206015310954567,1.80165872083939e-12,1.86533883214885e-11
"CDC20",713.959764982975,1.91122812148857,0.284345863725017,1.85442590660539e-12,1.91800893079202e-11
"TFF2",578.28764317129,9.91267809543266,1.42255929928875,1.86196744187839e-12,1.92482548473241e-11
"PAH",27.3544040227379,3.02352316291634,0.454139668561089,1.86830653305208e-12,1.93039267664661e-11
"KIF20A",703.842162668659,1.9578807068542,0.291794808416986,1.95137340953128e-12,2.01211152227828e-11
"HIST1H2BN",59.7467505936457,1.54984428654216,0.229476315671856,1.96135087014467e-12,2.02136980461295e-11
"ADH1B",57542.5182336165,-1.73155617755516,0.264116924949314,1.96287041652275e-12,2.02190636645481e-11
"NPTX1",1531.65742308574,3.18612889912503,0.47946984477127,1.96798368818354e-12,2.02614231091165e-11
"PPP1R1B",4764.45470321186,2.05506311459957,0.305201329675293,1.99314828928001e-12,2.0510073473979e-11
"PADI4",164.127384999015,-2.34822124858861,0.352256112442998,2.01296504766049e-12,2.06929535447923e-11
"KISS1",48.9761708367722,2.07863484344841,0.310756240923007,2.04689701875645e-12,2.10204173296039e-11
"C6orf126",8.11447887774198,5.67007130103964,0.871043082943259,2.09447893110231e-12,2.14763667904974e-11
"TCF15",67.9958013886383,-1.31026898493337,0.193040096633299,2.10403729132286e-12,2.15525398854585e-11
"LOC399815",43.5307255531276,1.41152026523872,0.20827254777804,2.10936414915584e-12,2.15961758943164e-11
"PEG3",1189.96835844475,-1.19178095549298,0.175053755622069,2.11913470582641e-12,2.16852404351023e-11
"SLCO5A1",146.999661107549,2.07981489361505,0.310699777450494,2.1261556986586e-12,2.17460927218538e-11
"ANKRD30BL",321.945231191375,1.23665934313489,0.181891733741267,2.1505045842768e-12,2.19840218638115e-11
"TBX4",5108.59390684798,-1.41907318097317,0.212048819402073,2.17781225477585e-12,2.22519423770409e-11
"GIPC2",981.328033694803,-1.372521793741,0.203079064035543,2.23724881895139e-12,2.28246740647152e-11
"E2F8",342.880717420414,1.8658830946911,0.278630090614092,2.24899820105892e-12,2.29329836713519e-11
"JPH4",505.13221567356,-1.29553370992999,0.191251047489064,2.25138211315937e-12,2.29457328058705e-11
"C20orf134",275.184027045245,1.11274713005197,0.163245007250024,2.26925516784615e-12,2.30930084727873e-11
"FAT3",1462.63715948223,-1.7971499465523,0.268093299359198,2.27744486224233e-12,2.31647042495714e-11
"GRB14",1049.73826021273,1.67636023490633,0.249653571206507,2.33557758086611e-12,2.37321414730477e-11
"TNNC1",3604.61974414186,-1.68231821283917,0.25067213519447,2.36679417501662e-12,2.40372708963931e-11
"ADAM12",1059.23361191419,2.20646057936423,0.331245592322315,2.37537981168771e-12,2.41123684896544e-11
"FGF19",51.2669221644689,8.14804188517333,1.29707867982661,2.39450902800419e-12,2.42821930039243e-11
"GRRP1",707.940229857183,-1.41853694171607,0.210214214994193,2.39596947895639e-12,2.42848363663277e-11
"QPCT",1882.28716706026,1.70556988533939,0.254272317259939,2.41064189139764e-12,2.44213225844743e-11
"VSTM4",4876.94136018923,-1.06501681525545,0.155995287229959,2.44291397375386e-12,2.47358788107814e-11
"NGEF",387.585252708314,2.07542354544741,0.311250768456968,2.51916461015773e-12,2.54824642049989e-11
"MIR27B",35.037024292357,-1.63044909138475,0.243287212632785,2.51843029502095e-12,2.54824642049989e-11
"PHOSPHO1",235.933914281775,-1.41342510346841,0.209798008894648,2.61651622263986e-12,2.64012486851711e-11
"KIF2C",694.615878611312,1.95134440893719,0.292666848009152,2.62288193835071e-12,2.64522936293755e-11
"HEY1",2983.924152423,-1.34264732855678,0.2007423784701,2.68530623688681e-12,2.70548947440647e-11
"SYN3",134.360558069211,-1.46375997483053,0.21776863705175,2.68745650377565e-12,2.70630881059318e-11
"TROAP",238.131841386374,1.87694594972123,0.281155541020668,2.6996207905683e-12,2.71712320403639e-11
"MAPK4",1304.49487424581,-1.97904961890103,0.29719865507556,2.70088033522119e-12,2.71712320403639e-11
"NRXN1",140.660564907034,-1.64872552425241,0.246419638336928,2.73199646349046e-12,2.7470611235723e-11
"PLEKHG6",828.112658978301,1.38721134064455,0.206034760028518,2.7624064682501e-12,2.77625964865195e-11
"KCNG2",53.7020877284577,1.80412703526678,0.269886004873749,2.82960150116253e-12,2.84097043576542e-11
"ABCA10",672.347866036338,-1.46523869083863,0.217990769215154,2.8350128557949e-12,2.84358251804483e-11
"COL9A1",52.8431173973834,2.61051724606939,0.394425964249845,2.83980927108196e-12,2.84610100476945e-11
"TTLL10",361.800356321193,-1.68362656312365,0.251986989953651,2.87651544962439e-12,2.87950292857801e-11
"FLJ36644",116.199694637502,-1.07555738262618,0.158442872688083,2.92754290427321e-12,2.92191301407269e-11
"CST2",157.814885185133,3.18273664024264,0.482057699412167,3.00431851538134e-12,2.99558675220855e-11
"HORMAD1",196.360257796361,3.19067084031759,0.485148609756567,3.06812575614565e-12,3.05319240069538e-11
"KRT15",1781.71276733096,2.09027132989995,0.314755857981584,3.08120360424205e-12,3.06469986012105e-11
"RASGRP4",1090.12363200743,-1.10297420745531,0.162769095056803,3.08293959118809e-12,3.06492044524745e-11
"PGLYRP1",36.5281909911654,-1.86730936935261,0.280704508989866,3.23475098681854e-12,3.20012681936432e-11
"ACACB",4807.55141909785,-1.07432342831258,0.15885115691102,3.31158103363042e-12,3.27293514168522e-11
"ARC",822.476742143722,-2.14043045691554,0.32455843236013,3.40132485045499e-12,3.35507876696196e-11
"LOC100506795",146.835056236355,-1.5530777189561,0.232867254264437,3.46935077510329e-12,3.41884756761761e-11
"HMSD",51.8158516246722,-1.25102863178419,0.186232869959569,3.48739229248119e-12,3.43328343346847e-11
"KLF6",40050.5772115287,-1.20607832581729,0.181979861216406,3.4898022300655e-12,3.43398575297792e-11
"HEY2",569.150368199281,-1.23411091368192,0.183560331227273,3.52276488915769e-12,3.46473683777652e-11
"MTFP1",993.371632444658,1.08946114107699,0.160941379617463,3.60761117710596e-12,3.54352145776034e-11
"IL36G",9.33568669283634,4.36851836959497,0.669994469897655,3.61248562140553e-12,3.54608736483362e-11
"ADRB1",2072.02364691693,-1.6313928274513,0.24654819137339,3.62960261944247e-12,3.56116270577484e-11
"EMR1",1327.54818608696,-1.7282658886868,0.260504428584359,3.78902190993759e-12,3.71397542271413e-11
"TSPAN6",4860.08213771824,1.04547468685932,0.153640669807835,3.95804651359074e-12,3.87402415288153e-11
"NIPAL1",209.950936190976,1.51237247486096,0.226840375454637,3.98148439199654e-12,3.89319930330445e-11
"SPRED3",32.4861601600051,2.00203934292027,0.302564370019013,4.00262085777406e-12,3.91197724684716e-11
"ENTPD3",2050.70204409996,1.49348992881801,0.223678144384455,4.00954425968613e-12,3.91685257530439e-11
"ADAM33",818.624098425744,-1.43415848277042,0.215371526428581,4.08346603493041e-12,3.98137938405715e-11
"DLL1",1347.38160477643,-1.13672763165238,0.169145286334449,4.18174235563792e-12,4.06935802983015e-11
"LOC642924",50.005344692749,-1.5199884931916,0.228556038006465,4.18617299778954e-12,4.07171204460635e-11
"DGKK",31.5433329657172,-2.78603836261623,0.426577482464364,4.19054630765871e-12,4.07400806019789e-11
"NMBR",14.5373151139655,-1.5608687876177,0.235644654311473,4.37672949686009e-12,4.2488912108367e-11
"ARHGAP8",10.0585649267782,2.36596122481361,0.360002522248639,4.48563798694774e-12,4.3504455435462e-11
"PAQR4",1818.81961333979,1.16390310341352,0.173367833155835,4.56513763726947e-12,4.42331024011352e-11
"TMEM156",447.784483532282,1.60409595526714,0.242025109326752,4.62932895562148e-12,4.4812169962092e-11
"PNMA3",178.777826959704,2.30558793113482,0.351823280392482,4.71382092244963e-12,4.55429352225789e-11
"BCL11A",776.489831568044,1.17358859563954,0.175431279793586,4.81288478540353e-12,4.64778630445386e-11
"MC1R",398.79554668061,1.27799747085093,0.191240176809041,5.00945938247146e-12,4.82840320764784e-11
"LOC440028",44.8347128727871,1.11353211939933,0.165820765534715,5.06126640781274e-12,4.87601586675572e-11
"ACMSD",37.4753428872624,1.82369441957798,0.277119848680016,5.22716975156232e-12,5.02627757441201e-11
"DLX6",64.4835537030144,4.77628306559613,0.738672323470243,5.24573376082339e-12,5.04173300345804e-11
"MIR663",447.045343167266,1.54660534388806,0.233686239789955,5.4695869861313e-12,5.24194650503237e-11
"ANXA3",14226.85133064,-1.19039721058049,0.179264830535882,5.47750054155749e-12,5.24704630675178e-11
"PLA2G4D",64.549357871359,1.99246770722142,0.304339529017982,5.52383926279485e-12,5.28893238023796e-11
"CCL28",755.400476186255,1.70260144834955,0.258183943452923,5.57641859270822e-12,5.33422914626688e-11
"MRGPRF",1519.7652976881,-1.17145726575423,0.175612008597036,5.59312641190073e-12,5.34768406723111e-11
"PIP5KL1",290.795958520403,1.31276283812436,0.197366165076517,5.61692631238022e-12,5.36537071679509e-11
"HJURP",430.476999819109,1.87359275775185,0.285270909314726,5.64358803700942e-12,5.38829554042961e-11
"CA13",1458.48977910732,1.13897519250377,0.169640308102879,5.72467380186465e-12,5.45285281993141e-11
"SLAMF9",34.8035223358541,1.86069825075745,0.283334319169484,5.79189810765176e-12,5.51429019741201e-11
"MARCO",20425.8188990109,-1.42725693029949,0.218171932856184,5.95316423401039e-12,5.662499871269e-11
"C22orf41",42.1681888585099,2.35008409936769,0.361648793461159,5.98846148968598e-12,5.693398262693e-11
"PZP",452.780208287654,-1.67964677704612,0.255770645418801,6.25854256237553e-12,5.94737840399263e-11
"CLCF1",1044.03918250636,1.36464696156976,0.206008557356347,6.28788954448852e-12,5.97246233083023e-11
"TFF3",3596.50754293488,2.52160862789528,0.387893972909779,6.31534005671915e-12,5.99572223677543e-11
"C21orf67",315.079914382815,1.18448083339747,0.17799948714133,6.3317104908219e-12,6.00844594677572e-11
"IGFBP3",15417.2164717686,1.51717321406828,0.228522149381332,6.55727497429857e-12,6.2195783858846e-11
"CGREF1",166.005847466969,1.88589888638686,0.288431144972376,6.65229618495431e-12,6.30675068288806e-11
"CLDN1",6558.65045902992,1.60524201044878,0.243152508077346,7.02601973853931e-12,6.64549838914832e-11
"DCST1",23.9031086681513,1.24082856584629,0.186700367793204,7.03593058304813e-12,6.65176417241837e-11
"LOC646862",42.5635790073163,2.65080013496495,0.40918077440955,7.05686207273137e-12,6.66843815192136e-11
"IL3RA",2147.57120959585,-1.04365164918434,0.157263680259899,7.16746957938509e-12,6.7697970954892e-11
"TMC2",128.085308074856,-1.57458750052055,0.240006610320265,7.19077092645981e-12,6.78863779489146e-11
"FAM195A",1381.15686956461,1.02730710918144,0.154145265155283,7.19827661794359e-12,6.79255557220495e-11
"GABRB2",463.376178026921,-1.75286006626178,0.268252076350796,7.32529270399223e-12,6.90919150146816e-11
"ERCC6L",212.099349346037,1.73408603152703,0.265106868275141,7.34242660773672e-12,6.9221265471448e-11
"TMIE",164.082371357618,-1.32547089859939,0.201017211390031,7.51548766155152e-12,7.07539468639369e-11
"SPRR1A",28.2778536403068,7.48636257937948,0.85085095568993,7.54230361893118e-12,7.09733926316997e-11
"OGN",4655.86376039121,-1.83392106569014,0.283400912729505,7.5937731837564e-12,7.14245181284449e-11
"VPREB3",114.955372108209,2.15191557069189,0.331456612438992,7.71503285338045e-12,7.24640278353938e-11
"IL23A",131.145435108553,1.3415128408121,0.203384459616915,7.92053559157171e-12,7.435972212848e-11
"ALAS2",72.7370711762537,-2.2942114091168,0.354854770366141,8.02810644681595e-12,7.52648923529419e-11
"BOP1",2778.10964664628,1.06042566794888,0.158811032298538,8.07455721546641e-12,7.56653299065998e-11
"CELA2A",18.5156581146869,-2.25818495948419,0.348678756239132,8.2739985204755e-12,7.74625365647292e-11
"ASPG",355.156823028392,-1.99216844683514,0.307092303926638,8.32575469492254e-12,7.78415919645509e-11
"PDX1",28.5665441225733,6.42764945009512,1.02426937810287,8.69876688068187e-12,8.11016768456387e-11
"EYA4",1023.17258806377,-1.74986813508863,0.269317524935509,8.77136635518695e-12,8.17408961304508e-11
"LOC286442",18.8199988112346,2.27071089741849,0.350996007767619,8.79542225200187e-12,8.19273547182558e-11
"DEPDC1B",335.898920843493,2.12265436626329,0.328044247121752,9.10907722296669e-12,8.46153428499627e-11
"COL6A6",7849.01304679015,-1.93428403239888,0.299979878974467,9.12369380870945e-12,8.47122414596734e-11
"AURKA",747.196767029211,1.21240951801124,0.183397323464881,9.13778142247117e-12,8.48041420322049e-11
"CCL23",450.904239276761,-1.56017183018053,0.239177728847453,9.33755484165348e-12,8.66184452566031e-11
"TF",1243.02237639876,3.53641319281037,0.552675815623422,9.39160128579129e-12,8.70400190593871e-11
"FLJ44635",160.850694455002,-1.02862457931497,0.155229033006635,9.55087760194311e-12,8.84351846024384e-11
"AJAP1",169.282243062809,-1.83470209900309,0.283034708612596,9.68064790422015e-12,8.95548419695247e-11
"STON1-GTF2A1L",1476.49534748693,-1.18996466852495,0.181208623257819,9.70642761549242e-12,8.97523076131485e-11
"GYPB",4.80397862220173,-2.44566260195339,0.379931646182791,1.0004622816435e-11,9.22988014710396e-11
"FAM125B",6349.39155143201,-1.0286051682034,0.156175284256889,1.0003367623962e-11,9.22988014710396e-11
"S100A2",638.752025917589,2.96182865840323,0.312985031796907,1.00678675466544e-11,9.27976807886302e-11
"OTUD7A",127.254096565026,-1.0197622460554,0.15418173328497,1.02008441238896e-11,9.39378006877388e-11
"SLC38A3",68.6507046908479,2.18410708283478,0.338762104232229,1.02872749845422e-11,9.46906470950972e-11
"VPS37D",290.196094451731,1.40825182626234,0.215326695563862,1.08465300361516e-11,9.96571105137292e-11
"MFSD3",1569.78542761095,1.18250948385101,0.179842082923553,1.09805231217273e-11,1.00796720411284e-10
"LOC643988",1229.4178547579,1.58287085103431,0.243635874978582,1.10243621132778e-11,1.01153269961403e-10
"LOC100287616",395.193369270738,1.11219599830866,0.169229457343154,1.12785429634636e-11,1.0334494709075e-10
"DEPDC1",330.892120381363,1.93618278466902,0.300489387783535,1.20001363244202e-11,1.09659033563245e-10
"ERN2",1621.10220125291,3.29041887801955,0.516674846552783,1.21906318800044e-11,1.11299314336116e-10
"FHL2",2775.55259919794,1.44469996633179,0.222291758795359,1.25243369647717e-11,1.1419148851529e-10
"PRPH",141.291263565117,-1.55106133591102,0.239446314270446,1.25841969011606e-11,1.14685605347318e-10
"PTK6",1385.23043264759,1.49094719986842,0.22972657284804,1.26941798879054e-11,1.15542476577301e-10
"DNA2",451.038017090299,1.16690481051238,0.177428247485125,1.27271099218787e-11,1.15779519967976e-10
"PDIA2",51.6584318774415,2.34549814104062,0.366097890410971,1.28982097129784e-11,1.17156789602119e-10
"CAB39L",3762.0845133189,-1.08074944566586,0.163979343664666,1.29069783086307e-11,1.17156789602119e-10
"PON3",3424.76065798503,1.59365889372475,0.245684952102852,1.31477386331801e-11,1.18915108462124e-10
"ATP1A2",1707.01958849841,-1.42896536048438,0.221002939751388,1.3362745686388e-11,1.20801847002313e-10
"HAPLN2",23.5998482065039,-1.72916670804064,0.268813193338359,1.35414823465803e-11,1.22363010793362e-10
"ITM2C",16003.5604265431,1.25308947795639,0.191084558955482,1.35513622404987e-11,1.22397645296713e-10
"FAM107A",12704.6872570154,-2.09115792005599,0.327319954027977,1.37556349460147e-11,1.24131880045601e-10
"TINAG",19.7040441915897,7.59779671738372,1.08707316379223,1.38528312595021e-11,1.24953278753825e-10
"MIR663B",54.6050197197774,1.47576448253154,0.22798737382315,1.44831715118022e-11,1.30464563671735e-10
"LOC643714",12.5126393703212,4.14432532495287,0.657756104357682,1.46000926109986e-11,1.31342433128544e-10
"AAA1",11.9394356547609,3.99155903619191,0.631705587696354,1.47088044374943e-11,1.3214421243645e-10
"FZD9",145.905713593556,2.70538568753029,0.425654333364611,1.47549043306288e-11,1.32499564576867e-10
"IL22RA2",97.0472592464842,3.43023212185935,0.542283325398435,1.48300267372968e-11,1.33115109174999e-10
"PMEL",245.622985640906,1.16925549499027,0.178652514033248,1.48878901428955e-11,1.33575259034729e-10
"HOXB13",209.100915385297,6.99028697111965,1.11921918754362,1.49076503438464e-11,1.33693287820025e-10
"CHTF18",1006.14605810505,1.06629150954637,0.162882829241762,1.49443984975706e-11,1.33904192115682e-10
"C20orf144",19.5699083437625,1.28860077658098,0.197768065513957,1.49538327986221e-11,1.33929437910137e-10
"CDCA3",210.942339444475,1.80352263719623,0.280704079673411,1.51534112222749e-11,1.35656875961993e-10
"EGLN3",2073.84451041742,1.77481303320157,0.275246505111894,1.51688761453363e-11,1.35735288266027e-10
"CCNB1",1191.48978377202,1.47762162461949,0.228512846993656,1.52621887459597e-11,1.36456575493643e-10
"KBTBD10",218.764256132688,-1.17934007122953,0.180915072735641,1.53354721423577e-11,1.3704427886687e-10
"NPC1L1",131.453779953283,4.11632142379072,0.434799549705443,1.53482003760217e-11,1.37097495062249e-10
"DCN",122939.799415739,-1.0805730471166,0.165188513544971,1.53607735458943e-11,1.37149279815812e-10
"ANGPT4",130.152815410753,-1.92952408949065,0.301692823428924,1.55194648150695e-11,1.38505064956711e-10
"LOC442497",164.233176794925,1.70340551057852,0.264934032646259,1.56324943016541e-11,1.39452321357329e-10
"HHLA2",1907.67481349084,2.10652375764174,0.329582677499222,1.59369266003802e-11,1.41917875634974e-10
"SAMD3",523.180576114348,-1.02375329766261,0.156203020196933,1.62221011369624e-11,1.44266937220235e-10
"TPX2",1491.65221795874,1.96644540241773,0.307501246112019,1.63599354977586e-11,1.45364993156335e-10
"CMTM5",36.9359489018282,-1.67927867865143,0.261962199598843,1.66350408168225e-11,1.47615020242571e-10
"C1orf98",28.1476651721532,2.51845510294384,0.39677435561741,1.67664005631455e-11,1.48585251225319e-10
"C15orf26",191.097297148927,-1.79002349053158,0.279662832923312,1.70337429297903e-11,1.50888398530365e-10
"ISX",30.5148355023198,6.57880573704322,0.884235517077814,1.77707979403975e-11,1.57073677341304e-10
"ADPRHL1",339.729400695118,1.03874355044756,0.158850215635104,1.79976578698747e-11,1.59009425117474e-10
"CCDC167",843.454340667786,1.08766126292976,0.166468759525336,1.82919625997468e-11,1.61539099032057e-10
"PLEKHG4",1961.11645496197,1.01535100978671,0.154073024368608,1.83389894540094e-11,1.61883770404974e-10
"ANGPTL5",163.875455289391,-1.61840957139815,0.252439149221579,1.84680261079478e-11,1.6288074790892e-10
"TRHDE",818.316637822074,-1.78114827068783,0.278824821821051,1.85963844426241e-11,1.63941383929945e-10
"RSPO3",618.806161817652,-1.26747416137481,0.195837060756732,1.86465507697727e-11,1.64312074066595e-10
"RNF112",180.113640916787,-1.18627414231609,0.183031023414308,1.86986107880929e-11,1.64699121393294e-10
"FAM111B",683.835386390805,1.70187324153055,0.265557373515504,1.87106530327734e-11,1.64733505017994e-10
"PABPC5",255.421491341964,-1.17468942967636,0.181029585369133,1.89427426783135e-11,1.66704371544236e-10
"CDC25A",231.480604619679,1.32122775162385,0.204422980696473,1.90931862016469e-11,1.67736624091812e-10
"CYP27B1",457.176311498193,2.17504822165421,0.342841549532366,1.96037635740767e-11,1.71998170135624e-10
"B3GNT4",53.0450910463608,2.33037087989138,0.367955805856837,1.99195230439220e-11,1.74617178835871e-10
"SRCRB4D",273.587149749971,2.14665253845619,0.338379568626506,2.00252155770948e-11,1.75391773472945e-10
"NOX1",137.79831389374,1.61842303462471,0.252704998033245,2.04485748498008e-11,1.79022319868001e-10
"MFSD4",4606.11607186208,1.43186960287273,0.221989109788358,2.05421319406454e-11,1.79763637099266e-10
"DYSF",7576.89633293299,-1.14029364953377,0.17782010739976,2.05557849714219e-11,1.7980537753092e-10
"LRG1",3406.73238868987,1.2338488169136,0.190441795095567,2.1743328108619e-11,1.89701165623516e-10
"C15orf50",15.8647878121165,2.55800729980535,0.405026296885234,2.23376529295707e-11,1.94634710696273e-10
"NKAIN1",13.2936522280287,2.52742195836112,0.40021782275014,2.31633050063703e-11,2.01395385152037e-10
"DAPK2",4320.77637684687,-1.1350854347865,0.177626626319152,2.31848316328241e-11,2.01495997028765e-10
"EPHB3",2698.25658541019,1.27072099438083,0.196576418446771,2.3443038710608e-11,2.03565228031496e-10
"AQP4",47320.4874259907,-1.36267613032826,0.212556201466673,2.44712492248777e-11,2.12220460822943e-10
"MELK",458.833373031589,1.92772180756346,0.304268790381729,2.50839436854651e-11,2.17161721187981e-10
"GBP1P1",636.207898764523,-1.1468553557304,0.178005085743505,2.53262651432885e-11,2.18978612885648e-10
"ADAMTS9-AS2",405.433338749234,-1.34494628440401,0.210007502858364,2.53183460593024e-11,2.18978612885648e-10
"MALL",36938.5759898177,1.23334845643684,0.188486329635626,2.57180357196935e-11,2.22081382680169e-10
"PRRT1",121.276819765276,-1.10325773030457,0.170753226563806,2.70813443403716e-11,2.33455490116466e-10
"PLS1",7018.2926333319,1.06139031000672,0.162755079117976,2.71196539620795e-11,2.33686213642593e-10
"STEAP1",890.599557286451,1.61912416012219,0.254761610715722,2.72878685768051e-11,2.35035637388558e-10
"NCRNA00160",8.4263792527564,4.48208838358948,0.715877640579169,2.73460410024303e-11,2.35436501884386e-10
"LPHN3",1154.59021000399,-1.60582540198184,0.253281230201164,2.76929457727038e-11,2.38289329993916e-10
"TTBK1",45.7693345226799,1.10687573887533,0.171458900029242,2.77485449577772e-11,2.38597408024795e-10
"CYP27C1",141.015899533728,2.65569014654685,0.258807360635461,2.80603654060538e-11,2.41176159738401e-10
"ANKRD22",2157.11247052334,2.1583584699897,0.342882234782881,2.83544431489714e-11,2.43514349846129e-10
"FAM64A",156.877104843989,1.87194190585168,0.296310568912355,2.84426119215843e-11,2.4415051225818e-10
"COL5A1",20743.8115784752,1.4916655396166,0.234494538408177,2.89602055100219e-11,2.48488138926814e-10
"MIR135B",5.03405980806889,2.66779032177303,0.422627076060586,2.93552692459909e-11,2.51664550956417e-10
"TTC39A",3872.23219872304,1.13692278663289,0.176197194092459,2.98861963848988e-11,2.55999365648217e-10
"FAM169B",42.1704929912392,5.48918882386633,0.888641871172042,2.99500380570659e-11,2.56437698948e-10
"MCM10",306.817092707595,1.99222186787696,0.316359011925726,3.0034615863218e-11,2.5705313306021e-10
"ECT2",2937.47664245974,1.33736967132569,0.208770531604541,3.03138255233419e-11,2.59333111757381e-10
"LOC200261",50.1978058357725,-2.19507056903257,0.350938487002533,3.04160321226856e-11,2.60097552258251e-10
"C18orf56",33.4185253993215,1.8142374259815,0.28749295655616,3.14589341417776e-11,2.68788639072909e-10
"S100B",862.298128028429,1.9339512857714,0.30671179705849,3.15503044828469e-11,2.69455575121226e-10
"NHSL2",1189.54706537356,-1.16913984315021,0.182577881123287,3.27188063638318e-11,2.78964346929368e-10
"LPL",14775.6299329483,-1.43913746713302,0.228846544309446,3.40280142345664e-11,2.89152408111611e-10
"THBS4",847.256681718816,1.91738947746375,0.304516784362892,3.40844980809264e-11,2.89510837455321e-10
"TCN1",479.546411251798,3.75421525711473,0.607073193788121,3.4396602076701e-11,2.92039271239306e-10
"MIRLET7F1",11.4775226003375,-1.59488717541425,0.252327734056748,3.45721204283694e-11,2.93406410729821e-10
"KIF18B",276.417548572213,2.12172613231471,0.338659000225054,3.48462977322724e-11,2.95485510012118e-10
"BUB1B",704.831579137544,2.02465826630292,0.32257019692028,3.54615565420038e-11,3.00450969429343e-10
"NUDT8",407.746089237225,1.09622317807246,0.170996361712877,3.59440613024197e-11,3.04311127359812e-10
"ECM2",4916.58317331227,-1.19003091993853,0.186697864429562,3.68583080792437e-11,3.11632837857966e-10
"C1orf162",3878.41557134874,-1.00965971926304,0.157229894979468,3.70850109643586e-11,3.13418666776444e-10
"LOC92659",434.846338187481,1.20914968657983,0.188924529226921,3.71661052473191e-11,3.13972928343483e-10
"SEMA3D",1657.38383117933,-1.35513726029362,0.213750317187306,3.71845555362132e-11,3.13997742431577e-10
"LOC96610",12481.6083848291,1.90492062472636,0.303924795093459,3.76771405634039e-11,3.17627239543464e-10
"NUF2",357.020400323967,1.86742798672608,0.297566629616288,3.76573103924995e-11,3.17627239543464e-10
"LINGO1",423.218255524679,2.31086790360249,0.370718595508143,3.76711103717193e-11,3.17627239543464e-10
"DLL3",16.2963940323978,3.14095026793659,0.507220965817762,3.97316964480611e-11,3.34112699545161e-10
"MAB21L3",2354.34178412327,1.09069354567094,0.169385818667271,3.99597519942311e-11,3.35890921974764e-10
"PLAC1",17.8553592127896,3.66135476121481,0.592722001659262,4.08012427579794e-11,3.42679649238282e-10
"OR2A9P",28.6946738393384,-1.19290335435852,0.187180223931004,4.09965344471514e-11,3.43891775277576e-10
"HNF1A-AS1",155.443038675334,1.16334372828025,0.182524685176325,4.13017992614285e-11,3.46165515051997e-10
"PTPRD",2864.31931707022,-1.24279121810665,0.195604891019978,4.18533125090298e-11,3.50352728906233e-10
"KRT18",36443.1817817998,1.03584765449486,0.160866924899777,4.20655276766007e-11,3.51838159381023e-10
"DNM1P46",519.438156066329,-1.1162681063278,0.174938679933415,4.20573025002513e-11,3.51838159381023e-10
"WDR87",65.0740537037818,3.84198796295854,0.625201125376687,4.30059511836336e-11,3.59406877748938e-10
"EPYC",46.8418165474179,3.61581844355255,0.586683026356603,4.32984406753418e-11,3.61552697074915e-10
"NOV",1746.67720233155,-1.63649078876611,0.260834535648039,4.43040727454361e-11,3.69797417088813e-10
"SGIP1",1132.04828397858,-1.15756527483033,0.182449515786524,4.47424052620514e-11,3.7314834153654e-10
"LOC100131347",54.1609304375678,1.03352369878929,0.16152209947454,4.52576795928638e-11,3.76979708905002e-10
"KRT72",14.5891068795525,-2.47985395924359,0.402407261905266,4.55917674411479e-11,3.79450232227086e-10
"KRT23",1393.91920211589,3.29715324164527,0.535369525203467,4.58936297390298e-11,3.81805573180314e-10
"CENPA",171.696945618084,1.87850018257302,0.300949501342219,4.61619808638825e-11,3.83880301834776e-10
"MAOB",6028.82860989195,-1.10829846818486,0.174094289007085,4.65698920261857e-11,3.86954509237284e-10
"CENPF",2821.9666511006,1.87488897933044,0.300915045392916,4.75409929582968e-11,3.94537613148374e-10
"CDC45",285.145737902705,1.68874468091907,0.269690205564668,4.8619742660022e-11,4.02829394671103e-10
"TNXB",23124.4626138135,-1.68794547422832,0.273343727320144,4.88704235448744e-11,4.04474420406485e-10
"DCHS1",7914.88352829032,-1.12903607830023,0.179893222186282,5.12064677535887e-11,4.23394654330224e-10
"LOC100505912",25.7165784279185,2.0847442374388,0.335245892329047,5.17103914565059e-11,4.27172774208652e-10
"AURKB",305.582565470132,1.84756628260928,0.296916319252383,5.18534147308089e-11,4.28044440279896e-10
"GUCY1A2",1166.83488648307,-1.27540744603222,0.202084565518326,5.26609305520571e-11,4.34356110555904e-10
"FCAMR",45.6813432538425,2.13084733077469,0.344131254574083,5.34163446386567e-11,4.4040742640776e-10
"PLEKHH2",8273.67232742111,-1.31144269443396,0.209388148329194,5.43654990516544e-11,4.47868158854105e-10
"PHACTR1",2451.38704670556,-1.08279505364363,0.17059566029104,5.48440824000607e-11,4.51626961700418e-10
"PDK1",2682.39763261096,1.29866707888601,0.205336461427095,5.5735898258005e-11,4.5859768969117e-10
"SOX12",2418.14151383715,1.01553789448466,0.159621418234852,5.63283579077517e-11,4.63095975796427e-10
"APCDD1L",81.9355430042467,2.83064209964467,0.462957001038988,5.67885499049083e-11,4.66311171856085e-10
"SPRR1B",73.3246365633781,9.60070565398986,0.999722636926957,5.78819228920618e-11,4.74327126015475e-10
"GSG1L",36.6197230087758,-2.03938761791984,0.330319582461962,6.0179118914498e-11,4.91758395619037e-10
"SLC5A9",999.568251245423,-1.91676786336835,0.310176579737362,6.39372449721727e-11,5.20995883849335e-10
"NTNG1",877.442929541041,-1.74648882755642,0.281939424596896,6.50564289773015e-11,5.29476147539027e-10
"WISP3",43.6447616608279,2.62320304216479,0.42839608418263,6.51210858433801e-11,5.29576496004763e-10
"MCM2",2628.11202893722,1.21165643257093,0.192211194394871,6.51144831076202e-11,5.29576496004763e-10
"CD5L",164.722290175839,-2.11142176859431,0.343391656464599,6.73578540280545e-11,5.47106871341032e-10
"LILRB2",2174.39394783596,-1.19287576059991,0.189842891223421,6.81024843307848e-11,5.52711461643711e-10
"PCDHGC3",4882.07138592567,-1.30973737933465,0.211410619843443,6.83624187797333e-11,5.54598684777789e-10
"CES3",1083.30294427652,2.02493941453304,0.328067114291706,6.9258560323646e-11,5.61643637624567e-10
"TLR4",7954.0860390217,-1.12850502627049,0.181290294858872,7.0098032105516e-11,5.68223575429615e-10
"POU6F2",83.5176987884382,3.72329405176476,0.613971832879482,7.14693824637338e-11,5.78747082116519e-10
"MMRN1",6252.07963297381,-1.57547943510027,0.256794336613583,7.21167392592488e-11,5.83652506735888e-10
"ALS2CR12",267.205049615338,-1.38740508298813,0.222426886365005,7.25380872736269e-11,5.8659345765301e-10
"MST1R",3773.27035944013,1.09307314378555,0.173388828108164,7.31770847584647e-11,5.91288372293846e-10
"SYT15",7433.29893948999,-1.22809219469097,0.198375082655845,7.34673046090249e-11,5.93396533356454e-10
"NLRC4",1453.78909887721,-1.0728833823396,0.170279428709458,7.46118957596046e-11,6.02160838145995e-10
"REM1",378.516330382703,-1.18073575595657,0.188085788205126,7.47127713159995e-11,6.02734636989695e-10
"APOBEC3B",346.993175029651,1.54525173120088,0.248547223093928,7.54394268544338e-11,6.08112082421583e-10
"ECM1",7755.45086404961,2.21538688527163,0.359880126684145,7.7230764719801e-11,6.21809032893195e-10
"SPTSSB",158.77015379409,2.42248920695415,0.396564402762806,7.83978346832691e-11,6.30954501719304e-10
"KBTBD13",15.1858236457722,-1.65415334133635,0.267619058539197,7.9318825386711e-11,6.38113014567734e-10
"FAM71A",53.0904150785406,-3.36032913253338,0.554618497229952,7.96322931130502e-11,6.40380311839988e-10
"PLA2G4C",1573.95166170899,-1.01816362869657,0.161610684584407,8.11219444867612e-11,6.51710688733388e-10
"PLAU",6881.42308396063,1.53744150778942,0.247430456802253,8.20767299242988e-11,6.58468129368899e-10
"CYP26B1",1210.56797149958,-1.65818326828521,0.268587263473229,8.23866402509163e-11,6.60692545688905e-10
"AVPR2",269.225626131862,-1.44035102403034,0.232005668289507,8.26445778312237e-11,6.62498574210614e-10
"SPP2",6.67567608252952,5.24643745309501,0.893925726531392,8.37697562704954e-11,6.71252429402652e-10
"TMEM150B",582.80944248359,-1.12743070129983,0.179822472948014,8.46231521448292e-11,6.77554281077329e-10
"C4orf48",485.901140837452,1.29177298459511,0.207010251398485,8.5895114948148e-11,6.87194870223504e-10
"OMD",1063.88635463115,-1.32790270133313,0.213378903536057,8.63017041726193e-11,6.89357850891076e-10
"CHRM2",137.550661502366,-2.31260188738242,0.379627252046419,8.69599850408546e-11,6.94342034403131e-10
"BRIP1",741.705609919933,1.01017883621338,0.16039484365399,8.83964414409813e-11,7.05533269403353e-10
"KPNA2",5122.30176177142,1.24899533731639,0.198813745907545,8.93632129181698e-11,7.12687467563702e-10
"PRKG2",906.27695843891,-1.55507704457773,0.251816337468715,8.98488776885882e-11,7.16278508583975e-10
"KCNC2",15.4430581102783,4.42201473356985,0.735126609098706,9.13072546308888e-11,7.26474112021942e-10
"KCNE1",749.332416368524,-1.47537194821155,0.239643542868812,9.14442930278360e-11,7.27278559990738e-10
"TMEM217",183.906366520979,1.04699636298802,0.166714074320049,9.18912863336588e-11,7.3026792681884e-10
"MAMDC2",8920.51314316611,-1.58037255017989,0.256997987810371,9.29309677656931e-11,7.38232228628491e-10
"PITX1",393.312426211856,2.53952864610769,0.418176605127941,9.42695622250783e-11,7.48572071007379e-10
"NTRK3",474.823312393184,-1.53339587591889,0.248578427979755,9.56898394917397e-11,7.59254426167113e-10
"HBZ",8.37502271308103,-2.40885122317792,0.396208679361482,9.64163768343421e-11,7.64719390087742e-10
"LYPD1",85.0517273461722,1.81586906873252,0.296144597236481,9.82183554789077e-11,7.78096960175566e-10
"GNGT1",9.53418889027457,5.45654043721274,0.919683892343986,9.8622942808856e-11,7.80691038480272e-10
"CCNB2",565.730525757044,1.7673959832151,0.287887601747878,9.89279166216252e-11,7.82493145892269e-10
"CLEC4E",768.897679428549,-1.56730256936495,0.254542829826425,9.98106709307061e-11,7.89167105589227e-10
"C1orf111",31.681493059621,1.39028114940182,0.224431102372003,1.01465931010308e-10,8.0194139382259e-10
"CELA2B",85.6179061285034,-1.13087395157409,0.181369675947233,1.03844691033561e-10,8.19142786909704e-10
"SLC39A4",2580.31145992727,1.31938744404218,0.212332730073625,1.05229966050272e-10,8.29423575865873e-10
"RPL39L",561.153694151717,1.47253707507607,0.238929952910131,1.05584484310174e-10,8.31570251720713e-10
"CADM2",263.133135689028,-1.8593532290965,0.304509471733628,1.0631895496971e-10,8.36703719884099e-10
"RANBP3L",474.596844170172,-1.41366168996342,0.229197643750301,1.09837866626576e-10,8.6238489464256e-10
"POU2F3",593.324943029594,1.27774077508701,0.205720128314109,1.10517667404618e-10,8.67385849529616e-10
"CNTNAP3B",562.756594423267,-1.41224349683974,0.228990371775881,1.10735557555083e-10,8.68759077702497e-10
"ESPNP",38.4227350053782,2.76907127822557,0.460372648881987,1.12769900798493e-10,8.84376428540219e-10
"GVINP1",4330.02181845684,-1.21610207128548,0.197004272383246,1.15072626344094e-10,9.00690266755919e-10
"HELLS",478.497773044194,1.40754052236885,0.227981151380661,1.17644753667172e-10,9.19755681335353e-10
"DIO2",1006.61030290779,1.85909429837697,0.304611304380017,1.17832256697933e-10,9.20865910356315e-10
"GBA3",71.9983361044948,-1.77429642134212,0.290953251500839,1.19965660373686e-10,9.36092880348408e-10
"ST6GALNAC3",908.950502991907,-1.41822348216024,0.230564859917609,1.21934619910601e-10,9.51090035302684e-10
"LHFPL5",18.8849156418282,3.18003391246822,0.530242095261342,1.22392936646323e-10,9.54297161270503e-10
"PRSS8",17347.7882402276,1.20325632567097,0.190936232481086,1.22502856857875e-10,9.54418909030119e-10
"KLRK1",1209.24046065473,-1.16926617437956,0.188702022683543,1.24707204898038e-10,9.70845590131228e-10
"FCRL2",300.583224386272,1.94204638081119,0.319958273581072,1.29723247805478e-10,1.00834418541885e-09
"POU2AF1",2598.69963634456,1.92967981062687,0.317958168907293,1.31119927413196e-10,1.01880938609232e-09
"DLX6-AS1",116.850183626564,2.2995812381888,0.38097597255527,1.31612042885025e-10,1.02224073677506e-09
"ADORA1",924.331040854357,1.79552023920079,0.294806897917383,1.33278492004962e-10,1.03399385077518e-09
"C4BPB",438.253651059248,2.46793602694277,0.409834745174391,1.33745914726993e-10,1.03660428101806e-09
"DPEP1",165.901724680208,1.97002205707056,0.324692200747069,1.33768607382006e-10,1.03660428101806e-09
"LOC100499183",54.3063022381428,-1.00757330937284,0.161738307037931,1.34229352724825e-10,1.03939007155583e-09
"ZNF423",1157.93925605938,-1.27927404586693,0.207610721245264,1.35607497206279e-10,1.04964870017296e-09
"CCL22",1485.39399281279,1.52110817455127,0.248193687713637,1.36260663667591e-10,1.05349583395558e-09
"SAMD5",2951.02153770717,-1.21748466778037,0.197179509008017,1.36249553147878e-10,1.05349583395558e-09
"RPSAP52",11.7774450968397,3.02610242682053,0.507575218768784,1.36603849183762e-10,1.05574589970543e-09
"PSPH",1703.84363578499,1.06103861064337,0.171057727560243,1.38082418715661e-10,1.06676573939836e-09
"MTNR1A",22.2047956964881,3.1608053087503,0.529401770743882,1.38690832146623e-10,1.07032333139781e-09
"PP14571",68.0745766648049,1.8354956995695,0.302293982595892,1.39251303822519e-10,1.07374691073204e-09
"UPK1B",548.833283576773,2.87188773535109,0.479457784560548,1.39544237201872e-10,1.07518648846711e-09
"ANKS4B",158.844065685079,2.05469225002382,0.339725214246184,1.39610612654612e-10,1.07528858856241e-09
"SORD",3481.39201618831,1.00108171955027,0.15947508483731,1.4384766980275e-10,1.10623886188354e-09
"CASP5",99.9991747560246,-1.39437117254356,0.227777807261071,1.45138383757198e-10,1.1157409896048e-09
"CCDC81",356.3609469203,-1.57238985383792,0.258025756608481,1.46531411924209e-10,1.126022136962e-09
"CLDN14",30.6608472394254,2.143229429562,0.354750818232745,1.47445664345241e-10,1.13218804704553e-09
"REEP6",720.67146860821,1.61024866722547,0.263909074357061,1.47710088943317e-10,1.13378836188914e-09
"KIAA0101",603.387347935298,1.56323238780768,0.256144270060025,1.49983956712553e-10,1.14949839750806e-09
"SALL1",36.5141747758143,4.21698029666568,0.715345937315848,1.49953989868386e-10,1.14949839750806e-09
"CPNE7",288.507997999683,1.54411819236383,0.253089933331432,1.51206600245404e-10,1.15799197713478e-09
"GREB1",804.111717180847,1.42421458590489,0.232301292688873,1.52948990214399e-10,1.17045009865015e-09
"LYPD5",493.941174677989,-1.13269632955229,0.183406594732002,1.54394898617495e-10,1.18062226781894e-09
"ESPN",515.976893015906,1.7749606393629,0.292762167288052,1.59497783159172e-10,1.21688451900671e-09
"PPARGC1A",1494.61387035814,-1.41899870209563,0.233113952904248,1.60140197692536e-10,1.22132544894296e-09
"TMPRSS13",2242.54530486791,1.22406024410355,0.199078318500943,1.62050136951033e-10,1.23403191197361e-09
"C1orf182",25.2319360654065,1.44872954747309,0.237260402600225,1.63289422100486e-10,1.2430015768093e-09
"TTK",433.756683687643,1.93090361311281,0.319833023990012,1.63617854526634e-10,1.24503345619309e-09
"PSD",332.813957091498,1.2266909413734,0.199064935268865,1.6482938126653e-10,1.25331010751909e-09
"HSF4",905.314617473441,1.04025189306042,0.16791846316285,1.6764591350371e-10,1.27185942100022e-09
"IDAS",144.733529971266,2.11246386979611,0.351418531775503,1.68129865248254e-10,1.27470530697037e-09
"ADAMTS8",5274.37673014187,-1.64512541143764,0.274547722295218,1.68146987283775e-10,1.27470530697037e-09
"TRIM15",40.4477900413325,4.30615615574625,0.729172987617635,1.68988084353633e-10,1.28060195260273e-09
"MIXL1",34.1028945246725,2.16247013531259,0.360319212403401,1.76154342749682e-10,1.33390948432335e-09
"EME1",170.169590272341,1.49556643611525,0.245788103267123,1.77556452657798e-10,1.34402399336069e-09
"SLC16A7",1041.48052309673,1.38364426085846,0.226177606581243,1.77782777951275e-10,1.3447313933153e-09
"SCN8A",177.930471172474,1.64905479601773,0.272604510024351,1.80197703492836e-10,1.36248850070918e-09
"CASR",383.701813768585,3.25546043614113,0.548731233161387,1.80569401395801e-10,1.36478911637506e-09
"KRTAP3-1",8.36285696379033,4.68593587937237,0.800751615846317,1.81660433796015e-10,1.37252289677684e-09
"BAI3",569.581790204445,-1.55082963579622,0.25633891098156,1.83250092452514e-10,1.38246929606088e-09
"PIGR",169276.853454409,1.81689744372324,0.302684199401762,1.84469989649495e-10,1.39105332502513e-09
"RSPH10B",121.835288268708,-1.84659989505355,0.306947055182402,1.8645024447456e-10,1.40451782598048e-09
"KIFC1",877.625435586286,1.6430950326511,0.271877484157804,1.9033799412274e-10,1.43220495875033e-09
"COL6A4P1",17.439105889242,3.37220544121396,0.567869707359546,1.90564210175186e-10,1.4333742765351e-09
"MIA",236.308919381505,5.23036329482287,0.570915059159997,1.92780318444763e-10,1.44950461576539e-09
"SH3GL2",299.526596666703,-2.20209658102331,0.36885681575269,1.97962154447421e-10,1.48460613863292e-09
"PTN",2313.52930613516,-1.29245653723855,0.21198868729476,1.99686368253166e-10,1.49698214067123e-09
"SLC30A3",78.7618075309667,2.17556483744882,0.364372541520416,2.01769801159052e-10,1.5109221403109e-09
"ALOX12P2",206.800343694004,1.69911531051488,0.281902935164117,2.03924201533041e-10,1.52649029705262e-09
"CDKN2A",549.585603115004,2.10760654228518,0.352569754380375,2.05077925688836e-10,1.53399197851727e-09
"CD300E",1301.23570703342,-1.40254679336826,0.231318032244499,2.05587903545031e-10,1.53723855029736e-09
"ANGPT1",8604.38965195269,-1.32353531035173,0.220085089358806,2.07813286389322e-10,1.55330455310423e-09
"FAM131C",21.9289065882146,2.54640247984803,0.428369193521898,2.09049878536478e-10,1.56139431419072e-09
"SMC1B",77.0660428584133,1.688242589033,0.280296921178294,2.09128309729769e-10,1.56140395324244e-09
"DAO",30.3848766102597,-1.82448257950058,0.304382009526284,2.10827166815516e-10,1.57350762666403e-09
"SPINT1",17969.0057828022,1.09187334762219,0.176872859720859,2.13172542310875e-10,1.5904258860724e-09
"LOC100505633",145.280932943401,2.39080379344535,0.402105791887121,2.14653526093403e-10,1.60029540392507e-09
"NPY1R",607.147991938852,-1.41569760431452,0.233903219378259,2.1760371515663e-10,1.61990319914871e-09
"LOC641364",30.7152628491308,1.20438511406678,0.197088150067468,2.1843375146276e-10,1.6236935598082e-09
"LOC284798",11.3961996090457,3.0580809917752,0.517486675207336,2.18785189164991e-10,1.62570888909273e-09
"TOP1MT",2322.25268408938,1.05772877224164,0.171113255099553,2.19984779241969e-10,1.63402272170154e-09
"GPR112",39.3561716182245,-1.93917025686399,0.324529418911976,2.24497541829127e-10,1.66509884359229e-09
"MYO7B",710.390594588211,-1.80073535977201,0.300508509820337,2.2497112179112e-10,1.66800017442273e-09
"LOC100134368",89.3757763312867,1.19970585900013,0.196582230386382,2.26930249034508e-10,1.68190961944616e-09
"BUB1",1032.62086364982,1.62874678288126,0.270112666442947,2.27414848526742e-10,1.68426781889125e-09
"LOC400950",179.703739267904,-1.34701721833373,0.222267218965726,2.28460015053981e-10,1.69138959938099e-09
"LILRA3",205.220370061443,-2.02490338600657,0.339750499415117,2.31342492308797e-10,1.7114778460608e-09
"SPRR3",28.0375723013759,9.8688191001548,1.1682841853659,2.33906153995447e-10,1.72854854436723e-09
"C10orf91",20.5959849589685,1.83252874222467,0.306650039862398,2.35486926470363e-10,1.73769262803012e-09
"GTSE1",376.959263543797,1.74593056416215,0.291195467160965,2.37092608373596e-10,1.74699362435019e-09
"LOC728643",424.695349224179,-1.39550116777483,0.230766585548197,2.39091909121476e-10,1.76044355493917e-09
"NCRNA00032",26.1923527220802,-1.3376540325186,0.221153192175934,2.41251748728263e-10,1.77570059854864e-09
"ASF1B",681.980065713619,1.30559857612251,0.215219557566997,2.42113615306478e-10,1.781396469436e-09
"PCDH18",3095.16994889063,-1.01681070802638,0.166328634751219,2.43764144796918e-10,1.79223757894458e-09
"BCAT1",17360.4979122295,2.0642815934757,0.344705867099262,2.445040201129e-10,1.79702464455527e-09
"EGFL8",413.391112866613,-1.01874282773174,0.166121541356409,2.44839674207943e-10,1.79818572048004e-09
"FILIP1",3203.5368382745,-1.136631775612,0.188377902863134,2.44821436362829e-10,1.79818572048004e-09
"C9orf173",27.4407060660628,1.71840629777473,0.286404942085503,2.47476164977185e-10,1.81623098451893e-09
"IGF2BP1",82.1075556200923,4.73917242323792,0.55118480699126,2.4867148236002e-10,1.82368096900332e-09
"MAD2L1",715.506798395524,1.23427472809344,0.202665336677702,2.49909879242933e-10,1.83143586739906e-09
"ENAM",346.951201237103,2.26011689303709,0.381031610268034,2.52824990407501e-10,1.85212834992335e-09
"KRT20",28.7844050326908,8.33536171522458,0.682227612497691,2.57235151651706e-10,1.8810320464531e-09
"KRTAP4-1",23.5340505115891,8.83465909439825,1.55270668059678,2.58796199964782e-10,1.89176377157355e-09
"MSX2",233.891098262652,1.67881100319868,0.280004488026274,2.59730384090351e-10,1.89790711349198e-09
"CATSPERB",139.0487200074,1.75469354399761,0.293683014132102,2.60889916992022e-10,1.90569210026543e-09
"KIR3DL2",54.39550584675,-1.8672187238439,0.313242658354803,2.66888428853256e-10,1.94669862645721e-09
"IL17D",482.398512588306,-1.19683523981117,0.19721153926957,2.68629687814352e-10,1.95798830070231e-09
"RGS22",765.382348625673,-1.52095181879706,0.253318701696307,2.69933801879766e-10,1.96678548734641e-09
"SDHAP3",2237.5769486305,1.65369479856492,0.27627486461817,2.75235146344732e-10,2.0032486865026e-09
"AQP5",5494.13865491749,2.42839906534365,0.410448743789306,2.87883513920341e-10,2.09079662908562e-09
"CCL14",163.079147936652,-1.73147864396784,0.290416434330427,2.89260023476257e-10,2.09973315796702e-09
"IL31RA",316.339707236768,2.23119862061125,0.377069246219715,2.89321465222569e-10,2.09973315796702e-09
"HIST1H1D",45.0222460975468,2.46641247029295,0.419698987602829,2.89507572549907e-10,2.10033074407981e-09
"MIRLET7A1",6.61669353912999,-1.91643296269799,0.322548619318328,2.91909492240069e-10,2.11699750355831e-09
"FLJ41484",321.679729111981,1.5254954690757,0.254183032923969,2.93495708594783e-10,2.12773876707271e-09
"KLF9",14789.4089493131,-1.10518775124802,0.184087970255119,2.96451358374489e-10,2.14762775406515e-09
"ADARB2",312.698525101522,-1.4424221348044,0.240955946875069,3.0946784397289e-10,2.23313320137443e-09
"GRHL1",1654.77893175468,1.36164415216636,0.226108225488502,3.10607827830082e-10,2.23976239512244e-09
"COL5A2",17788.1256735798,1.46106206066891,0.242982918496134,3.18406647743719e-10,2.29273175275013e-09
"TRPM3",51.3754843242861,-1.06775174501215,0.175670724688425,3.19859665869525e-10,2.30155687766266e-09
"PCDH15",836.042721424403,-1.90146308493801,0.322130303136367,3.2228412002187e-10,2.31735448432066e-09
"GATA1",58.0821278484807,-1.09913550130905,0.181360441484672,3.27183431122503e-10,2.35174709849097e-09
"SCN7A",17147.9800504601,-1.514569692259,0.251342840520182,3.30074767241686e-10,2.37122365228094e-09
"PTGFR",918.296277730087,-1.09003406189084,0.179898997672648,3.39759267178797e-10,2.43694802514743e-09
"C1orf129",201.95637306633,-1.75204858026472,0.29567907383659,3.47246841218104e-10,2.48712785318317e-09
"RIMBP2",164.492752105228,2.62382199185706,0.44827070423605,3.48574472196501e-10,2.49487124884348e-09
"GZMH",937.65876954388,-1.62652365852812,0.273805418919129,3.51403774557671e-10,2.5124563054828e-09
"ESPL1",522.460980054752,1.61271486589564,0.27082248430294,3.55223102564732e-10,2.53886681462314e-09
"PKNOX2",1931.06596086735,-1.35522435637669,0.226224614738335,3.55418025317099e-10,2.53936330760445e-09
"CDKN3",239.431226750586,1.50781938351936,0.252851611038832,3.55784652703562e-10,2.54108579935526e-09
"CYP2D6",211.168526143461,1.53314189028149,0.257404055909736,3.579505988187e-10,2.55475249319087e-09
"AMBP",200.835735198183,2.24157856448662,0.381905591293039,3.63744844994558e-10,2.59427745156267e-09
"KLF4",14151.4151339669,-1.51951864870022,0.258028274084597,3.7302055053792e-10,2.65668858671289e-09
"SLIT3",12540.9981460798,-1.44094633277498,0.244258278621362,3.77859327644262e-10,2.68925831605046e-09
"NCRNA00319",105.848397441059,1.85432451993842,0.314139958366511,3.80867947746209e-10,2.70876603314512e-09
"LOC100507392",139.91706195015,-1.07661862977016,0.178080703319595,3.85262566610237e-10,2.73809677344024e-09
"CYP3A7",297.438345192026,-1.72713688208801,0.292305214620961,3.94063340056456e-10,2.79573644096836e-09
"CD274",2679.87162351257,-1.16984957019075,0.196232358981042,3.94240728394145e-10,2.79601492061173e-09
"SCUBE3",1243.51603101266,1.63304966320526,0.274982292689399,3.9590028539292e-10,2.80680128778917e-09
"TAS1R3",299.504924862977,1.58569200695409,0.266966252703417,3.99621102467583e-10,2.83218863271931e-09
"PMCH",9.74190847565889,1.9031721648172,0.322060620368879,4.00969568332222e-10,2.84075079895432e-09
"DERL3",3549.88375267248,1.89183861922547,0.320257214518311,4.04346954365436e-10,2.86367624328579e-09
"CYP2F1",468.44395593371,-1.80695850520097,0.307694760447688,4.1074269555367e-10,2.90389203657067e-09
"TMEM132A",3279.9591832016,1.41438491303499,0.236876379569061,4.10710828752542e-10,2.90389203657067e-09
"SLITRK2",295.626656884542,-1.86884205971288,0.317700356160821,4.12251847302365e-10,2.91049516611342e-09
"GOLT1A",908.992354657332,1.32295759604388,0.221126794849324,4.12080728561254e-10,2.91049516611342e-09
"CECR7",115.226265027819,2.08273911090484,0.354900952516403,4.12939644295519e-10,2.91433449797267e-09
"DGCR6",1774.28224495752,1.6838544597267,0.284812700864042,4.13742108244079e-10,2.91898013697051e-09
"PKIB",684.753967056234,1.30859339770437,0.218927471219403,4.14226403322845e-10,2.92137861660547e-09
"PCDH9",559.033353336666,-1.58181100990222,0.267864810868479,4.15242319143758e-10,2.9275234349665e-09
"LGI3",4429.77510358309,-1.9866895104983,0.338522382828572,4.16919203298358e-10,2.93832228202022e-09
"MAGED4B",77.4100298186192,1.79297084291846,0.303911179751046,4.17486398903677e-10,2.94027216430387e-09
"LOC255480",2238.79464852827,-1.1472388152907,0.191243530509387,4.22539270049855e-10,2.9706902970056e-09
"VSTM2L",3030.58362957221,1.71880604361939,0.291283832229703,4.23425071114366e-10,2.97485139341405e-09
"HOXD4",94.6936431744101,2.25860450133253,0.386015441258625,4.26358914090045e-10,2.99338563305467e-09
"LOC100506229",9.91192391489911,-1.81400229019033,0.309261401590653,4.29348615575466e-10,3.01228607551578e-09
"BACE2",5861.76201654827,1.29801364162147,0.215275485480953,4.32320539470394e-10,3.03208594574506e-09
"KIAA1024",136.797877582449,1.23357738338947,0.205813729730865,4.40970657042901e-10,3.09061186606834e-09
"OR6K3",11.1855603653,-2.07450358806083,0.355057219750235,4.50585770152592e-10,3.15581542341129e-09
"SP5",306.158219594166,1.75508305244185,0.298306302197454,4.52861304100662e-10,3.1705739164061e-09
"SPC24",104.39844263674,1.51644381732055,0.256152247122092,4.53006262845039e-10,3.1705739164061e-09
"ITGA8",5068.75624563055,-1.4815706570182,0.250950264714892,4.53389247130963e-10,3.17215753583748e-09
"LOC100131289",75.6299560617523,1.63380289269049,0.277042795392903,4.60321549630214e-10,3.21732337226007e-09
"HBD",67.3185073353176,-2.03991405708884,0.348775468123652,4.64204637351798e-10,3.24334348106239e-09
"COL13A1",1603.4048741589,-1.23318228790371,0.20678869959007,4.7260221849017e-10,3.2997383595928e-09
"CASS4",3046.81640024065,-1.37437928732855,0.232585585039714,4.75207108806507e-10,3.31563843135213e-09
"HIST1H2BK",4956.68282084673,1.16280962175921,0.194624935477846,4.81275242566817e-10,3.35682018773085e-09
"TNFRSF9",757.799630245457,1.25058285247981,0.209019858735694,4.8150183044479e-10,3.35724373063486e-09
"C17orf53",198.161719861166,1.40533055011858,0.23669694208212,4.88500288156471e-10,3.40369512308954e-09
"SSTR1",2257.28021616873,-1.91260297665739,0.327042589481695,4.95407319386429e-10,3.44825981832899e-09
"AKAP12",11929.375779074,-1.3516146713857,0.228964025804035,4.99357513493909e-10,3.47217294078674e-09
"GJB6",110.252194133539,3.21331016675926,0.55933250160607,5.11621422583273e-10,3.55256576827034e-09
"CDK4",7657.69518871714,1.70281786037867,0.100859810335421,5.12031034526309e-10,3.55419073040022e-09
"KRT19",36843.9117209647,1.23083388397008,0.206482754019846,5.21773024359214e-10,3.61685198152563e-09
"GGT5",4103.12846714892,1.16233304281498,0.193924492446901,5.48620165836305e-10,3.78997296132855e-09
"SCIN",3114.17398642654,1.56684605133347,0.264797792981302,5.63289195887973e-10,3.88071361945829e-09
"AK4",2219.96388009328,1.71199691607909,0.291747776618203,5.63828947495835e-10,3.88311048869111e-09
"HIST1H2BG",70.6071849220402,2.31539699227661,0.399932085851451,5.65976801797297e-10,3.89657702216976e-09
"OXT",19.6830084243119,2.4776833168126,0.429185054647972,5.95131791272315e-10,4.09034383264615e-09
"RNFT2",214.179450591802,1.30708472903138,0.22050237904431,5.97187996182891e-10,4.10169061104102e-09
"SLCO1B3",116.353294426412,6.06246185776577,1.06987115850053,6.03097134984893e-10,4.13666184657039e-09
"CCL15",17.0003365179893,-1.68801930778642,0.289108545896277,6.06408682844843e-10,4.15796685279894e-09
"C20orf103",566.835565598526,1.39864393624732,0.237248960388551,6.09268007168032e-10,4.17333121255098e-09
"EDN2",171.403839557949,2.38846728718056,0.413709097479585,6.10763909717591e-10,4.18216248193294e-09
"SETBP1",3954.55048870095,-1.01251747567504,0.170973102147706,6.36777033627277e-10,4.35332803164995e-09
"CCL14-CCL15",4189.51441353819,-1.51101073047744,0.258231543409037,6.37448409237894e-10,4.35604093564625e-09
"SSTR5",34.3738503343602,5.42843518409384,0.961514724990132,6.43049979574154e-10,4.39283652938253e-09
"CDH20",65.6342433735799,2.12172887765993,0.366687273401336,6.478639413125e-10,4.42422875712089e-09
"PLA2G2F",5.5081927035464,4.0170417846071,0.720531169425718,6.51721852732617e-10,4.44757316964292e-09
"MFAP4",52625.8560580316,-1.45167266851382,0.250390341055035,6.57024113869361e-10,4.48224640675084e-09
"DTHD1",1184.72099736873,-1.58776333116294,0.27330403952763,6.58623819223134e-10,4.49164579679766e-09
"KIAA0408",5881.12869206381,-1.30338795330787,0.220221005305337,6.63045501579285e-10,4.52027753367003e-09
"AOX1",3577.769493036,-1.27517139863964,0.217201421761805,6.6443241526133e-10,4.52820758158403e-09
"LOC84856",285.396099906712,-1.08613196802801,0.182481877421884,6.76956689273319e-10,4.61045772125883e-09
"LOC283299",155.287722774628,-1.11235064537251,0.187417676357088,6.93946603542126e-10,4.72140275707435e-09
"CD300C",796.282193006813,-1.02764545840126,0.172187973047009,6.95446367258215e-10,4.72941561680842e-09
"ITIH3",514.387032133137,-1.15046718375231,0.194134658925596,6.95591635355895e-10,4.72941561680842e-09
"LOC100129046",127.811804113008,1.41141483936016,0.240416349409239,7.08362993355973e-10,4.81140112366384e-09
"KIF14",449.157991953924,1.87343013886202,0.323049604722239,7.17434830257281e-10,4.87138490413876e-09
"HMGCLL1",375.29017562587,-1.14726999401223,0.193970659413471,7.59107732107112e-10,5.1388292995251e-09
"CCNO",458.597380240387,1.82206478676574,0.314579597291885,7.80524838830694e-10,5.27499274216096e-09
"GRIP1",455.83728281491,1.60269472965051,0.275258945021591,7.86423856102347e-10,5.30954145142348e-09
"GCM1",33.6314406184692,5.81189482681679,0.407844056631934,7.9112478869333e-10,5.3377189493139e-09
"TEKT3",127.795227371273,-1.48067635945156,0.254164860838912,7.98047840127886e-10,5.38084154964308e-09
"LGI1",10.5106485024016,-2.16196994937594,0.377636561151803,7.99369474883593e-10,5.38795788915045e-09
"CTSL1P2",60.8897693750196,1.03161836575046,0.173670651645412,8.09605006437618e-10,5.4551314698082e-09
"FOXH1",9.26499275855025,3.2122657656875,0.338941634825647,8.10446734179507e-10,5.45898580583275e-09
"GALNT3",5857.06913720607,1.08275731103349,0.183321550547606,8.15448722373757e-10,5.48902480531002e-09
"RPS2P32",86.0002785538022,1.14388960598014,0.193671724089021,8.18237385052826e-10,5.50413523125764e-09
"KIAA1324",9710.36805924537,1.88454025758964,0.324734926258723,8.2282056604568e-10,5.53312660376432e-09
"XAGE1E",6.16266297744573,5.82402476073212,1.10990779544132,8.33813989730278e-10,5.60146995225043e-09
"C1orf130",3065.79656843854,1.15672089658663,0.19527806066325,8.42701409961914e-10,5.65554351427026e-09
"FBLN5",15378.4079807942,-1.0966980659001,0.18741907157548,8.43705640908127e-10,5.66040632337468e-09
"ACSM3",1944.37774288222,1.35715101873576,0.231512186990238,8.55369705823496e-10,5.73485863384345e-09
"CYP24A1",436.832769980726,2.78147719367063,0.488730860278608,8.55099459509673e-10,5.73485863384345e-09
"C1QTNF7",3246.65257501177,-1.44153259428607,0.250261576919824,8.57442971087057e-10,5.74685535687852e-09
"CALML5",61.6854279862118,6.49822281302199,1.16595110557441,8.57837775753139e-10,5.74759828501135e-09
"KLHL33",69.3056059725013,-1.39530491858609,0.239279486986554,8.82790056690919e-10,5.90695984710112e-09
"MYH2",261.798464824642,-2.33915204165781,0.409871417802727,8.85193567199115e-10,5.92108492851199e-09
"LOC100506810",183.620243267336,1.30292813642616,0.222584615782133,8.89827366821906e-10,5.95011421600337e-09
"BMP3",5872.99907327311,1.32426361538257,0.225939199826274,8.90665411882762e-10,5.95375118953732e-09
"FLJ26850",50.9913153350334,-1.60370535402642,0.277115212935844,8.9278215983965e-10,5.96593057025895e-09
"C16orf89",49557.3092578327,2.10504940769855,0.367888849862199,9.06019012539819e-10,6.05038958522549e-09
"C1QTNF6",1361.40138529402,1.29545082900173,0.221334456829498,9.26511481205166e-10,6.18315822323566e-09
"CHRNA4",28.4222631202671,-1.9427617926942,0.339073721382052,9.34390346841147e-10,6.22752552203216e-09
"MYOM2",422.127687945711,-1.08520402994257,0.184434011855191,9.88747987574066e-10,6.56818116720928e-09
"MIR3687",311.459798971439,1.39158688156911,0.239126001166004,9.8995889015122e-10,6.57406755103374e-09
"PDCD1LG2",1517.84189704335,-1.06118041728461,0.181068686178036,1.00770910598264e-09,6.68317169534558e-09
"NEIL3",90.3994319125773,1.4969610254328,0.258775468290118,1.01025290106962e-09,6.69539372793103e-09
"PPP1R15A",21735.0531398971,-1.02930312539376,0.175689368498802,1.01922124071909e-09,6.75067314574448e-09
"C6orf112",16.7665011038702,-1.60383505285723,0.278445231443306,1.02484952668684e-09,6.7830771903447e-09
"LOC100506585",848.432176883391,-1.04439633813953,0.177445524601962,1.05376737173417e-09,6.9680840807812e-09
"MIR23B",19.2181321291806,-1.37994230179167,0.238069639100766,1.05588980216521e-09,6.9798384995513e-09
"ACSL5",19781.3440641939,1.14502988305476,0.195921902760249,1.06723987026062e-09,7.04336557350675e-09
"CAV3",70.6536789772648,-1.6537345743081,0.287767745311185,1.07968381773764e-09,7.11620975409561e-09
"LYPD3",311.907406811794,1.41764419811613,0.244328590951817,1.08908128436958e-09,7.17581193910311e-09
"ORC1",266.817927491124,1.34310908094286,0.231485207073409,1.11369973547737e-09,7.323715511955e-09
"TNFRSF17",484.86392503465,1.95784712484383,0.343017708677266,1.13053002156599e-09,7.41992806955812e-09
"MSX1",271.485968270506,-1.24409716079923,0.213695677290055,1.14227516374066e-09,7.4921554080605e-09
"ARHGEF4",921.134698552974,-1.46391532913187,0.25353995723606,1.15010945832956e-09,7.54109671073815e-09
"MCM4",4492.17241404094,1.09382219134816,0.185956940534134,1.18096726189276e-09,7.73590885047614e-09
"CAMK2N2",41.9655180815049,1.94057985862412,0.340229336090995,1.18801366166049e-09,7.77954853628919e-09
"C12orf36",75.205649568296,4.91784909511838,0.885259830203123,1.20319288115818e-09,7.87385292839405e-09
"COCH",187.073570990107,1.66041873896825,0.289451145046366,1.22354876149225e-09,7.99930571103509e-09
"NCRNA00273",57.7401655339914,1.45967607933243,0.252927484090957,1.25267255249493e-09,8.17914359195157e-09
"IGLL5",171247.600057212,2.15495491037451,0.379691445981837,1.25915675275777e-09,8.2161804747163e-09
"DUSP13",32.036720032002,3.82877153926023,0.685503243166195,1.27418382611611e-09,8.30085446553467e-09
"ALB",65.1267205764497,4.03112397198577,0.441068941004417,1.29177289553684e-09,8.40462075813605e-09
"WNT4",734.92541362633,1.09922218321947,0.188044530349365,1.29816715869808e-09,8.44350946632643e-09
"SKA3",192.324363597074,1.58824128600577,0.277253789236324,1.333355434551e-09,8.65846883245001e-09
"PLA2G2C",6.63253916581338,2.43326203007636,0.429538482150263,1.33832858137879e-09,8.68797588700709e-09
"GALNT6",3614.51681794123,1.26782268712456,0.218821352564342,1.37301924748135e-09,8.90175611411597e-09
"CCDC54",13.2258257926323,-1.72849444188429,0.303803248702667,1.38902981149026e-09,9.00267448426973e-09
"KRT17",3088.9495372325,2.11812323389825,0.373081428853736,1.39120380814611e-09,9.01099400981935e-09
"RDM1",31.7006457929699,1.80194421384232,0.316853331207503,1.46648663087698e-09,9.47738055414459e-09
"CCDC87",69.7369233145226,1.03135782300435,0.176800686666643,1.48427542265241e-09,9.58622170705406e-09
"RNF183",42.349100101827,2.32619014385219,0.413639657818876,1.50087383694799e-09,9.68724085894908e-09
"C1orf87",603.875931687499,-1.85998974916464,0.328293175373344,1.50082280176415e-09,9.68724085894908e-09
"LOC388588",387.890464139377,1.36559885082617,0.237161038754807,1.51554015968216e-09,9.77255443521076e-09
"F10",931.722537751139,-1.07984376071536,0.185770622239058,1.54272837788313e-09,9.93510824185689e-09
"AQP2",52.2457591091624,2.18499414450587,0.388186314897351,1.5584937672681e-09,1.00303568659058e-08
"PRC1",1610.79186490279,1.34380089997343,0.233277056541014,1.55915821998022e-09,1.0031443588881e-08
"C13orf30",2960.7657214293,-1.70768679914645,0.301884926981224,1.57771260891581e-09,1.01443713205416e-08
"QPRT",3177.65815608344,1.57251289970237,0.274626774368165,1.59201361945763e-09,1.02298246576006e-08
"SLC28A2",277.330789974332,2.34831321760144,0.418665853067571,1.60665583734531e-09,1.0314088424899e-08
"NUP62CL",243.2078721584,1.2503420532477,0.216423069470914,1.60741989211389e-09,1.03157216348375e-08
"CYP4F22",100.466224974549,-1.13266412005125,0.19540578428754,1.62506568596697e-09,1.04223556874707e-08
"C10orf136",20.383724116352,-1.37440067447987,0.240096165066107,1.62579645577238e-09,1.0423739645641e-08
"HOTAIR",70.1238824048925,7.01366401395701,1.28733136528038,1.63721925683997e-09,1.04936526211836e-08
"NPW",45.1392729097355,3.3506452025999,0.375714026700514,1.66442121316011e-09,1.06561753997434e-08
"RGS5",25381.983573031,-1.05493908017623,0.182867581939277,1.66468191364007e-09,1.06561753997434e-08
"NCAPH",572.457747032956,1.54787423815137,0.271258722602117,1.68808057823761e-09,1.07991273653942e-08
"SYT13",544.779613461003,3.91952929389121,0.455333702546719,1.71518694593431e-09,1.09621405028912e-08
"GBP1",15116.5897522251,-1.30644789223087,0.230245388492099,1.75553902098738e-09,1.12058862579014e-08
"JSRP1",483.251307569679,2.19683118225407,0.391712438076013,1.76644534819463e-09,1.12648457129198e-08
"BHLHA15",238.153566978779,1.74359190575679,0.307920008660407,1.76992526945776e-09,1.12834826390849e-08
"PLN",2528.64890847252,-1.17157759960068,0.205522078236553,1.77882707449493e-09,1.1333093740904e-08
"FAM26E",1422.52032726232,-1.10890411394582,0.191916507587707,1.81263666148401e-09,1.15376033538043e-08
"SLC44A4",12413.9291694082,1.27252488039524,0.221016186911361,1.82561348716946e-09,1.16092499509259e-08
"PRSS35",319.00016380269,-1.22670648719776,0.213564363249681,1.85138064806207e-09,1.17620199929141e-08
"MYH11",63266.5014299024,-1.28033987035526,0.232305715210487,1.85707358620998e-09,1.17944858671089e-08
"SERPINA5",290.417866125496,2.56126766255512,0.460407443007718,1.9147907352983e-09,1.21306038413686e-08
"BCL2L14",256.697637142522,1.24396312072961,0.216689990643955,2.00880482312347e-09,1.26944172415992e-08
"SVEP1",15149.7733158329,-1.483559350201,0.261538986562825,2.01456713689244e-09,1.27268581204244e-08
"PBK",281.466565309605,1.84757352443648,0.32897040124224,2.04272981043738e-09,1.28886826973388e-08
"GAPDH",110202.719229188,1.01891195250682,0.177913569619952,2.06074183436619e-09,1.29901823324217e-08
"DMRT2",156.66553551929,-1.35893840759746,0.238996039383714,2.07934608104313e-09,1.30992978606891e-08
"PDZD2",14226.3250219236,-1.23301220037715,0.216518307986884,2.10707214677005e-09,1.32615818789716e-08
"LOC284100",36.7259042146595,1.62678222556092,0.287797792588576,2.1690629232009e-09,1.36178668202572e-08
"SULF1",9867.79911234737,1.468182434446,0.258805798148765,2.19417380740621e-09,1.37712471428555e-08
"FAM3B",2230.84352866696,1.63268180346974,0.288335216134818,2.1966123040152e-09,1.3782278253432e-08
"ACR",44.4192351145057,-1.36237806628668,0.239901429667725,2.221117204681e-09,1.39317116020912e-08
"B3GAT1",536.77121192659,1.98607157447701,0.355633009326331,2.23353061853466e-09,1.40052333487485e-08
"PTPN5",152.761488343489,-2.32771301816433,0.419810460517607,2.2494260526242e-09,1.40918083352419e-08
"RASGEF1A",658.908870164982,1.24265605036624,0.217156512460296,2.25685345510583e-09,1.41295919532314e-08
"TMEM26",397.342849649261,-1.13563103849586,0.198086640231243,2.26852348135462e-09,1.41982633846935e-08
"ADORA2B",1011.67214601969,1.13710895345892,0.198522538626638,2.26962831147448e-09,1.42007872187187e-08
"LOC647946",18.4753554111154,2.3918918587788,0.432073221914829,2.27594308566202e-09,1.42358974032401e-08
"EMR3",472.06674099401,-1.53591360900914,0.272556815879023,2.27812381040671e-09,1.4245135633748e-08
"NFASC",3563.57909716561,-1.33641810590452,0.237853550016498,2.27961412068657e-09,1.42500523214382e-08
"CYMP",21.3779310807594,4.06125498668495,0.743594425872457,2.35292656190942e-09,1.46720845778215e-08
"TLX2",13.58466542488,2.49106642963782,0.450141866080627,2.35563316578854e-09,1.46844382225826e-08
"FLNC",3514.23900179272,-1.2128485829279,0.21323053351853,2.36378076874e-09,1.47261577531753e-08
"TBX5",2740.28106465772,-1.04183297883295,0.181215180784181,2.36486829985639e-09,1.47283997715056e-08
"TTYH3",13110.3008359454,1.08577266215877,0.187489429464462,2.41039542440432e-09,1.50064405706524e-08
"ADAM29",30.3761285280018,-1.56811212870084,0.277893759678182,2.42697873830248e-09,1.51012839354382e-08
"CILP",1196.05691103639,2.18516262785982,0.392936386557863,2.50545379660804e-09,1.55752120077221e-08
"RRM2",1793.4820952499,1.69707989138156,0.302149943919416,2.52744996930916e-09,1.57039263804694e-08
"FBXO2",1343.75041977383,1.62060479399561,0.288128227410585,2.5411356587772e-09,1.57824875327736e-08
"TYMS",678.713183165928,1.27969753825233,0.225447790527519,2.55234766679882e-09,1.58375441826104e-08
"CLIC3",3200.28891488583,-1.23623881004074,0.217793991168089,2.57084992507804e-09,1.59376947422679e-08
"VGF",19.20755729463,2.34897204590982,0.424744103581736,2.6353334806308e-09,1.63224556246781e-08
"SYCE1L",131.939725651495,1.0780093558595,0.188277272692872,2.6389513267376e-09,1.63348666068794e-08
"HIST1H1B",13.2442711494311,2.21439576003259,0.401411019897155,2.65824776229352e-09,1.6449279411979e-08
"HNF1A",270.234718054375,1.39610733726172,0.247490940562765,2.67248851207015e-09,1.65323471799547e-08
"GZMB",1185.81415014474,-1.40826399978295,0.250052800476726,2.67883894061753e-09,1.65578800517626e-08
"STRC",39.2269529093637,1.2770634452985,0.225185161075486,2.68413781443275e-09,1.65841372106024e-08
"AFF3",4081.00534515499,-1.18356383130345,0.208720431931683,2.69194951695178e-09,1.66273268759905e-08
"TUBB2A",1256.45847207294,1.17864910214313,0.206205844016226,2.74364282436167e-09,1.69104976881561e-08
"LOC100507377",10.3694269508877,3.56357311611899,0.651469423688625,2.77680340002337e-09,1.70992630422491e-08
"POLE2",245.346304284543,1.01827363166683,0.177605051070897,2.80622206988407e-09,1.72699121059664e-08
"ABCB4",153.961172329798,1.29279043122057,0.228366429405861,2.83621775648208e-09,1.7443902646294e-08
"GRIN2D",292.751020401496,1.67139952727064,0.299228666613894,2.84051211784988e-09,1.74650078303158e-08
"IL27",27.4960360645901,-1.37099369072061,0.243570772368778,2.92032625641178e-09,1.79176489105883e-08
"IER3",6972.82021182992,1.3319288924208,0.235183274468213,2.91996820340022e-09,1.79176489105883e-08
"LRRTM2",178.888406954659,-1.09465182082079,0.19208341631359,2.96647965347928e-09,1.81642895107019e-08
"NKD1",5410.2589618551,-1.39169116698437,0.248677881559304,2.96680703139077e-09,1.81642895107019e-08
"SYNGR4",11.5007408575914,2.17158056060509,0.392752631424826,2.9698976492295e-09,1.81777134315254e-08
"MARCKSL1",10295.8486839409,1.19913003456999,0.210492828372348,3.00213269393303e-09,1.83528142125939e-08
"LOC728264",2938.8577867598,-1.1031238126942,0.19605590668899,3.0511843353596e-09,1.86245543220789e-08
"DSPP",8.95596193984876,4.30724548520148,0.521093017005233,3.06838357623886e-09,1.87170593931877e-08
"C10orf105",229.853737989616,-1.10576125448153,0.194464377888198,3.10926833133631e-09,1.89448224848219e-08
"KCNMB2",198.381567887499,-1.4267386319392,0.25445485068841,3.17199480311043e-09,1.92921715173552e-08
"GDF10",2145.57961193414,-1.69650454173018,0.305229916741681,3.1752069026995e-09,1.93059065537821e-08
"TCTE1",216.344752616368,-1.63889944195902,0.295160279098109,3.30081428472319e-09,2.00335178222135e-08
"GABRA4",16.0672866318399,-2.1186209074274,0.388031923470195,3.31657992835721e-09,2.0123169763153e-08
"NR5A2",1063.63603807643,-1.21570134441406,0.2152842141176,3.32630650028374e-09,2.01761372107412e-08
"CD79A",2929.86455049962,1.90608760381364,0.344744448455775,3.39229217891976e-09,2.0533309208587e-08
"BRSK1",325.12808322249,1.17870889779489,0.208026651655686,3.39410260965084e-09,2.05381258361563e-08
"SCTR",2623.06859020269,1.69714814326184,0.305172509980481,3.42667435822254e-09,2.07228310979332e-08
"DPT",7720.21857394975,-1.16567156142135,0.207517857500677,3.43448083275333e-09,2.07638370775867e-08
"HBG2",15.4788452071703,-1.18109241396121,0.532511590536603,3.44237603109723e-09,2.08053548060433e-08
"CNGA4",233.123435317735,-1.5955145390992,0.287446761494794,3.45310475408541e-09,2.08639681574456e-08
"GPD1",2978.68705284827,-1.53107316962793,0.274879037284763,3.48507813489236e-09,2.10445902530896e-08
"HIST2H2BC",176.564771656968,1.2292754232289,0.217999923444551,3.49649090267334e-09,2.1100916028924e-08
"PLSCR2",30.2424528024626,1.19360532194479,0.211267467315147,3.61182137790891e-09,2.17321273811695e-08
"ZBTB16",2948.45278012946,-1.83718688059721,0.333887627501846,3.64014069666509e-09,2.18960142172951e-08
"WDR17",679.602071098171,-1.01427010201261,0.178226752725835,3.66633569329693e-09,2.2036880420917e-08
"ANXA10",39.2427705621293,7.21992070682606,0.545968819563251,3.69055364268784e-09,2.21663193714079e-08
"FCRLA",418.663635051233,1.93942193528533,0.352169226106174,3.72902657886503e-09,2.23841123911053e-08
"SPHKAP",67.4653910552851,-1.97151730961372,0.359418570927518,3.75792500817824e-09,2.25508924075113e-08
"FAM5B",16.9776845885572,1.92465388421005,0.34982253890407,3.76680784743773e-09,2.25974978186091e-08
"SLC5A12",59.526099764617,2.36485912205652,0.433261488084648,3.76860437586604e-09,2.26015766435273e-08
"WDR16",834.651219937465,-1.69502487329738,0.307152988560601,3.81356736506992e-09,2.28576893800356e-08
"PRSS27",171.15883411471,1.37120355493066,0.244997047104082,3.83887005384744e-09,2.29889256686172e-08
"LRRC48",1072.81690912959,-1.19686240548229,0.212781275653419,3.86816488580245e-09,2.31506580288372e-08
"HIST1H3H",87.3944572467935,1.93148347834836,0.351565247237183,3.88625069966443e-09,2.32520249517906e-08
"AADACL2",13.439182413747,-1.96185361530442,0.357366229002892,4.00299607694438e-09,2.39151840594543e-08
"PCDHA11",292.887574975448,1.37155752172977,0.245994792837896,4.17428054398745e-09,2.48651007918923e-08
"ARX",503.521818774847,2.53951960027009,0.467855515746737,4.21114723089292e-09,2.50773260077974e-08
"SCN3B",215.19702090668,-1.06428217579604,0.188522067120128,4.28247603954252e-09,2.54795995051088e-08
"C8B",1040.77983021508,-1.97167830723118,0.36062208871892,4.28766147178871e-09,2.55029549957318e-08
"BCHE",2295.03191654277,-1.39152106697694,0.251162482717318,4.39211370276069e-09,2.60629649538491e-08
"HIST1H4H",178.056983304912,1.58574299980576,0.287626011393891,4.5480637854428e-09,2.69016245123167e-08
"DNAI2",539.099182402381,-1.68212646749711,0.306016154683423,4.55846038460108e-09,2.69552429578471e-08
"TSHR",69.1253055430715,1.51386607498582,0.273728905124215,4.60349002471351e-09,2.72135635485474e-08
"CCDC65",522.124587359024,-1.36139975803478,0.245098381181614,4.62536854362593e-09,2.73349152384037e-08
"PIWIL1",32.6906122789797,4.74953420006775,0.894031316074144,4.65576442316743e-09,2.74984907176341e-08
"SRPK3",165.773414009826,1.43697809678415,0.259130730343594,4.67904338285417e-09,2.76198650079764e-08
"MSR1",18678.4080394326,-1.09693764415022,0.197007856011268,4.75629875127977e-09,2.80513528626614e-08
"FOXD2",284.665554971648,1.08330477978296,0.192827347120476,4.84153460258822e-09,2.85042181183794e-08
"MUC6",583.89271387382,7.78744308890565,0.567043960458731,4.96861943420383e-09,2.92014593402206e-08
"MST1P2",810.209421122729,1.36116253026747,0.244940576346418,5.0343713901706e-09,2.95535705650937e-08
"CREB3L1",8507.14246698679,1.39419183225309,0.249355998734661,5.09570881481756e-09,2.99049701712735e-08
"DEPDC7",226.082161977894,1.2969961587995,0.233132251210875,5.16210810832239e-09,3.02858638320445e-08
"ARTN",77.6604319245683,1.39422795720111,0.251869998297205,5.16583691745788e-09,3.02989582863706e-08
"AATK",3074.48232173088,-1.24206713059388,0.22403275309842,5.19495280790001e-09,3.04432657164749e-08
"RET",254.135521525504,1.04470165180643,0.186084271462393,5.22222849636463e-09,3.05942480448383e-08
"DNAH12",1099.89276599693,-1.68590408692258,0.308114935033838,5.23300524731013e-09,3.06485125031262e-08
"SEMA3B",8164.41336173343,-1.33081331849295,0.242025375475591,5.25086634672636e-09,3.07442249708094e-08
"KAZALD1",556.936120569279,1.04861790898386,0.186605011030559,5.30688948937775e-09,3.10542787379286e-08
"CHRDL1",16799.1128700193,-1.20741467617238,0.219470669831036,5.32042492288403e-09,3.11244857988716e-08
"CNKSR2",716.460285029936,-1.19406738437156,0.214527749286311,5.34177018878165e-09,3.12403266082431e-08
"ABLIM3",4582.36074028499,-1.08693984773452,0.194575740474372,5.37718191155676e-09,3.14292633762115e-08
"FPR2",1149.48453554248,-1.71004126992709,0.313079498741887,5.39144794567546e-09,3.1503550192961e-08
"CDHR3",2905.74793623819,-1.54347241411942,0.281178333757997,5.43946291624187e-09,3.17657729046889e-08
"IL11",94.2971147607904,1.29079710738363,0.232420800102373,5.45955601034602e-09,3.18647269911805e-08
"HSPB3",73.3687067358149,-1.39940559040987,0.253953185333382,5.48113273417e-09,3.19814377838959e-08
"GSDMC",325.107522774466,1.69252272423418,0.310097384992575,5.61871542335439e-09,3.27087773609767e-08
"C15orf42",245.757316582148,1.49465994860564,0.271715078246636,5.69119242895008e-09,3.30831206072311e-08
"MGC27382",115.34002653872,-1.56648957402144,0.286464677392294,5.8703990685594e-09,3.40954799273202e-08
"NXPH1",8.43768130434409,3.91758899144056,0.738467722784585,5.97502446183551e-09,3.46534298372529e-08
"C9orf152",2629.50003688649,1.1752785784298,0.210768971536979,5.97737929919632e-09,3.46571568017854e-08
"TPTE2",19.612428141257,1.60545424171678,0.292940588641845,5.99771650007334e-09,3.4765114455322e-08
"KRT6A",102.182158444988,3.09095860486498,0.580381822004709,6.05847767485596e-09,3.51072564033093e-08
"CA7",11.6103725809568,1.52286959722327,0.278098673059205,6.13337942395111e-09,3.55209536252345e-08
"CES1P1",322.808150753647,-1.15687004273881,0.208339688415539,6.15486687269945e-09,3.56352003347568e-08
"LOC100505989",313.963471819084,1.52980271926606,0.279072021065033,6.18819915363181e-09,3.57974675817838e-08
"ADAMTS18",59.3237498179449,1.73945827617671,0.3193961622491,6.28434739514292e-09,3.63432787500251e-08
"RSPO4",794.518751388213,-1.65230389498336,0.304017274107295,6.31446327720778e-09,3.65070126232398e-08
"BCO2",238.911901008607,-1.06406500473703,0.191331049015667,6.39040345496501e-09,3.69249661238786e-08
"DSG1",13.9880055858644,4.52491559100203,0.855647345665533,6.52888215233447e-09,3.76498870784621e-08
"ESCO2",275.452264923712,1.58492520331371,0.29052921559424,6.60591626168591e-09,3.80832671753872e-08
"SLC16A3",9235.31184872207,1.05230240954251,0.18662772658517,6.85827373300924e-09,3.94482292213242e-08
"LOC100288181",105.512853001643,1.49389139776212,0.273378169455058,6.89354304028664e-09,3.96285727572967e-08
"FBLN1",43030.4047602133,-1.14269490805505,0.211146034072212,6.9080536349927e-09,3.97007136927562e-08
"IL33",14058.7772247965,-1.33594164853277,0.246387220367333,6.99902266428384e-09,4.01664921314911e-08
"RASL10A",72.7334681496945,-1.10417468443973,0.199201474206608,7.06605153918874e-09,4.05166994914219e-08
"RGS7",56.7841852905995,2.20702421010686,0.412119757320565,7.13848140201644e-09,4.09088341048173e-08
"DDX4",8.38698130275701,2.5956715742785,0.487999008166663,7.13802561043139e-09,4.09088341048173e-08
"CCDC36",104.394221850055,-1.15185341147137,0.208294314840637,7.18426486713938e-09,4.11595542529771e-08
"GAL3ST1",398.876778679765,1.38305216040699,0.252433780543109,7.5069861721528e-09,4.29476843161517e-08
"SCNN1G",1966.01109968413,-1.10048461311829,0.199175714217845,7.53360086882547e-09,4.30877691963538e-08
"CCNE2",547.666043127129,1.01534437544447,0.182818462514789,7.76946426304354e-09,4.43615588570562e-08
"MUC13",1367.90892567607,5.45096644162274,0.687332411378069,8.07008798695093e-09,4.60131411109503e-08
"GSTA3",75.4714063271412,-1.68559152065719,0.312807118009007,8.16501678790075e-09,4.65019991007032e-08
"CCDC147",378.752884215878,-1.38895195767862,0.255044770124952,8.26471573828991e-09,4.70301128081884e-08
"PTTG1",750.446539694536,1.72910871200942,0.206897621248643,8.27998425390132e-09,4.71037552791503e-08
"APOD",7660.54804057177,1.81887789481585,0.336982638540788,8.81086363535506e-09,4.99204895187403e-08
"FCGR3B",2828.48854737372,-1.70726562707554,0.318228451372467,8.82220182559753e-09,4.99636785539786e-08
"SPAG8",382.003713473084,-1.16229739629827,0.211981001106844,8.86299678056533e-09,5.01806763176008e-08
"MIR650",2754.37472429184,1.88346174271169,0.351710427682162,8.97559110416023e-09,5.08039540098734e-08
"CYP2C18",600.79755108895,1.92653055282071,0.36064482795767,9.24721333295035e-09,5.22829176179464e-08
"SOX7",3483.14790177842,-1.5954647971523,0.297480202543445,9.41271938193553e-09,5.31444499329866e-08
"GINS4",449.490232788859,1.02515025380686,0.184939448540236,9.45368201543903e-09,5.33459653399781e-08
"NCRNA00184",16.1527264606348,2.0982798582118,0.394038810263135,9.48091573007586e-09,5.34847311294497e-08
"SLC6A18",21.3599736755725,7.82506230820162,0.857843690908908,9.53667061536136e-09,5.37692896728494e-08
"CLSPN",706.020572608017,1.23580572738355,0.226495229919996,9.64790337911459e-09,5.43207822800163e-08
"PGPEP1L",9.91681649054761,-1.69788120786481,0.317400696065522,9.66039975425668e-09,5.43728166832297e-08
"LOC729444",42.1076083926447,1.42449393625468,0.263499016061307,9.8329309514775e-09,5.52703014131786e-08
"CHAD",245.331327016475,1.35178084652437,0.249302964617514,9.83575963160756e-09,5.52708524995471e-08
"CDKN2B",4808.44541783419,-1.25398144583024,0.230630344515253,9.87977828922876e-09,5.54874007636735e-08
"C6orf201",27.7012570279312,-1.00793830086069,0.183050821754987,9.88949220520553e-09,5.55111513382044e-08
"KCNK12",22.9701131466384,2.68446397511363,0.28401621310571,1.01716451090844e-08,5.70316533664759e-08
"LOXL1",2980.95994169241,1.03159114991789,0.186760834135424,1.02047436092417e-08,5.72013889212575e-08
"UBE2QL1",102.143075722486,1.15578369891347,0.211222980432873,1.02160582105647e-08,5.72489574307972e-08
"CCDC89",281.916900690619,-1.0721641554178,0.196038258353227,1.02535115661537e-08,5.74270413974867e-08
"CDK5R2",13.4557929564224,2.59283532722845,0.493807953463227,1.03449526320282e-08,5.79071311462618e-08
"GRM4",28.1385020765229,2.4411881157551,0.463523468068977,1.0409378875158e-08,5.82355549508216e-08
"DOCK3",338.423400447919,1.28964861174801,0.23719471126632,1.0516981291473e-08,5.87887926872977e-08
"DLGAP5",582.185118764568,1.76539321907701,0.330935296011731,1.06086525927535e-08,5.92848528796037e-08
"TNFRSF13C",100.778472999884,1.75016175444537,0.327837336400378,1.06637632196196e-08,5.95763818184707e-08
"ERV3-1",2883.56785124875,1.37195629571382,0.253158730080193,1.07349897644998e-08,5.99412214684802e-08
"ROPN1L",550.583921447579,-1.45406076105597,0.2712183858841,1.10210358682893e-08,6.14367356127911e-08
"RFTN2",759.566566903001,-1.02547469747706,0.186852398577279,1.1095986661045e-08,6.18375181735165e-08
"SMPX",17.8254571191659,2.19838730496695,0.416065514509695,1.11078388401247e-08,6.18865306806948e-08
"APOH",1460.66935285908,2.06952921714523,0.390790663951264,1.11252108297594e-08,6.19662609810569e-08
"DLC1",33209.0821174593,-1.12243013367466,0.208526577197417,1.1176649926622e-08,6.22356454373469e-08
"AGRP",129.020720973715,-1.32975629371556,0.246228497288381,1.11985843565809e-08,6.23406342028476e-08
"LOC100292680",57.4972855095692,1.23135149040099,0.227286566288158,1.18726845664e-08,6.5930043431688e-08
"USH1G",9.60497887467164,4.18823971753858,0.521888243648901,1.24443884514013e-08,6.89345557320237e-08
"DQX1",62.1857362996687,2.25075976331913,0.429104431038452,1.26316989678348e-08,6.98956311667425e-08
"SLC22A20",66.7780141064207,1.17718808655226,0.217211197087537,1.26840828880473e-08,7.01663082090638e-08
"PLCB4",2509.68651579378,-1.13592559485375,0.211228435574312,1.27461680435836e-08,7.04904883525073e-08
"CCDC146",1912.61857581157,-1.06363248437068,0.196168848269531,1.28407171145853e-08,7.09745917849045e-08
"SLC9A4",400.669134584002,1.00428979173544,0.183033128002509,1.29337680690594e-08,7.14498906893645e-08
"LOC440925",178.602236065612,1.43433714570124,0.267474646439249,1.30163399543821e-08,7.1866813152386e-08
"COL2A1",496.353185602995,3.61065924800281,0.69991318521688,1.31431348748878e-08,7.24877910088837e-08
"HOXA13",29.7159506961505,6.54134533063679,1.29082726440545,1.33344078192385e-08,7.35026548663416e-08
"SLC27A6",217.915313475582,-1.999673862401,0.380478391960423,1.34058307498439e-08,7.38561296155661e-08
"PCOLCE2",1930.43844856168,-1.55629982552732,0.293250767926327,1.34497175337459e-08,7.40575986399759e-08
"DGKH",1050.29462673156,-1.06454479504687,0.196158939204613,1.36134541124697e-08,7.49387883302964e-08
"LOC100287718",301.905820644438,-1.73632913565581,0.328237102620231,1.36179789964862e-08,7.49433150809889e-08
"CKAP2L",329.060645361728,1.55915727149874,0.293013834516706,1.3718738169526e-08,7.54567878503741e-08
"PFKP",6882.5801114054,1.2030256201681,0.222591152750831,1.38059337473367e-08,7.58951398641615e-08
"C22orf34",397.623066746349,-1.10656493496359,0.204292030999584,1.41552343767003e-08,7.76045771990225e-08
"METTL21B",1233.57701361449,1.05662518513282,0.108242813731416,1.41631775047314e-08,7.7608467024093e-08
"PKDCC",3005.68742847727,-1.10960031052881,0.205922539721843,1.42090111177793e-08,7.78150957886824e-08
"HCN1",41.1538953901083,4.73699279756979,0.443865115196042,1.46252884756464e-08,7.99650091938302e-08
"ODZ4",2152.71117153419,1.55494746520468,0.292159218110926,1.46337036525915e-08,7.99894128091021e-08
"HSPB9",36.6428880829485,1.71884444657314,0.325587493373044,1.51990241842126e-08,8.29227624023308e-08
"LOC100128593",62.6633562556511,-2.05758598379906,0.394021657492659,1.5209641640282e-08,8.29583283322417e-08
"GPR182",58.7962751157767,-1.01378156313369,0.186388441480064,1.53069662676009e-08,8.34666767840811e-08
"GPR143",328.376540541135,1.25259875400588,0.233403299078911,1.57527428985748e-08,8.5735753968823e-08
"TLL2",50.164537057761,2.46787686713562,0.280162535249219,1.59324843876738e-08,8.66441204972877e-08
"SLC22A4",705.965432039495,-1.19026730009295,0.221663226494399,1.60398600084846e-08,8.72046216577319e-08
"GDNF",50.6913250086275,1.4794619544587,0.278328053216046,1.62175656890258e-08,8.80288943715662e-08
"FXYD2",152.828812800548,1.82443542422256,0.347577503570868,1.64774850381058e-08,8.93917916527201e-08
"ADRA2C",333.100329754008,-1.10461969686476,0.205106456458759,1.72921683948848e-08,9.35857701820487e-08
"TUBB8",25.9045059044538,1.71702523471798,0.326921833874854,1.74016514293683e-08,9.41279600699742e-08
"LRRC71",299.488578782472,-1.62497306046118,0.308841078659228,1.76011666119917e-08,9.515630699608e-08
"GJA3",31.4936947749652,2.00603737479255,0.384784131004828,1.78215802810031e-08,9.63221913131601e-08
"CCDC108",908.524114521181,-1.50372503559733,0.285174032025061,1.79861349937467e-08,9.71596899942428e-08
"SLC28A1",16.0135991200091,1.98940816510526,0.381982456182042,1.81299886338488e-08,9.78845291911799e-08
"GALR2",21.595513670303,1.84283681894744,0.352235261734712,1.81389250703877e-08,9.79066619599247e-08
"CHMP4C",1780.0922832478,1.01507838013145,0.186678908520402,1.82406196720014e-08,9.83768672477965e-08
"OR2W3",24.7455962202656,-1.91464831659793,0.367448771124593,1.84910747801066e-08,9.96214651647959e-08
"SGOL1",257.444284002111,1.01116954005691,0.187627671308241,1.86948038106242e-08,1.00665475906051e-07
"C2orf40",1263.33781535224,-1.48968774898364,0.282459236355328,1.89201757503332e-08,1.01770735413897e-07
"MOBP",46.0437183085864,-1.10960664042312,0.206952525907804,1.91229939114818e-08,1.02752460781073e-07
"DST",51164.2723324964,-1.04683146656892,0.194536850393475,1.93112376504065e-08,1.03681369040286e-07
"PIM2",6559.74712173593,1.16708490243946,0.218283622299993,1.98259884826094e-08,1.06360411576066e-07
"CDX1",21.7669735191484,1.39163264902704,0.262859591097737,1.98579782837309e-08,1.06503799268944e-07
"CDH17",134.307887696631,5.30582300299668,0.374827602607891,1.99667727991087e-08,1.07058926682585e-07
"SLC4A5",2269.36049222947,1.17385513996179,0.218985278938304,2.00131129011383e-08,1.07250574061938e-07
"LAMA3",18863.4974395765,-1.27541605418494,0.239353332340471,2.04024593693011e-08,1.09250312194186e-07
"CCDC17",1125.57703683473,-1.52031535035697,0.289521416048811,2.07108006888255e-08,1.10842759582897e-07
"CLDN10",333.233092251828,2.22832489288656,0.432402778244425,2.08871190114587e-08,1.11727319215363e-07
"KLHL23",12.3578741200241,1.4276635662333,0.270385016114199,2.10380618021164e-08,1.12504995756047e-07
"CXCR2",1365.68213989961,-1.59574625733668,0.305017154383994,2.12704206446799e-08,1.1362749650804e-07
"HNF1B",3580.67224356536,1.02760492634939,0.190356453617773,2.12965647267688e-08,1.13737141592224e-07
"KCNE1L",28.2393593578633,1.32732308030716,0.251055125332658,2.15291608869516e-08,1.14834831647324e-07
"DKFZp434J0226",21.6106272939917,2.42022216898218,0.471609935039567,2.16961623730907e-08,1.15657630390763e-07
"SHCBP1",537.049432201781,1.26786874298073,0.239224660352395,2.18561512179828e-08,1.16449159463856e-07
"HMMR",585.37462475247,1.51444623614965,0.288220929041184,2.19994830856003e-08,1.17181983456746e-07
"CCDC13",277.312060983477,-1.07296547228625,0.200657015643283,2.23234353261912e-08,1.18813740320125e-07
"PBMUCL1",58.9670354492578,1.57435876415069,0.301122690361717,2.25128505344608e-08,1.19758898204473e-07
"EDIL3",7148.95028203425,-1.03502864034067,0.19553457720084,2.27402226901895e-08,1.20936638852371e-07
"DRGX",27.6063470291999,3.22829142537475,0.639198923080862,2.30065637625561e-08,1.22224634414147e-07
"SLCO1C1",61.5558130015979,-1.06803235019799,0.199911809923718,2.37552825361716e-08,1.26036873870157e-07
"HIST1H3D",48.1396255096462,2.05505380916039,0.399066729609539,2.38499813100344e-08,1.26506150863838e-07
"ANKRD20A1",48.6626926913472,-1.39359015854302,0.265837674047708,2.4024850407352e-08,1.2733359442137e-07
"SLC6A10P",32.0296484291072,2.31476590809371,0.452036360675326,2.42330723447703e-08,1.28336372927916e-07
"EZH2",951.849606266746,1.02563022134812,0.191118842388999,2.43798545856978e-08,1.2901245403114e-07
"PPM1J",169.943698847024,1.03371635246614,0.193069739306137,2.50213347160078e-08,1.32303248690364e-07
"DGAT2",1468.4754712479,1.19321617320822,0.225075345411014,2.50551631732695e-08,1.3244752096896e-07
"MEOX2",1612.84562428732,-1.07461669396991,0.201976892328977,2.59309023140975e-08,1.36613064481949e-07
"IGDCC4",351.062937780462,1.31756893264946,0.249975893470645,2.59289465188143e-08,1.36613064481949e-07
"FOXB1",28.4954893799707,3.37113994528116,0.669119153822702,2.62530453640139e-08,1.38238265143862e-07
"AMY1A",460.310324576142,2.18114157394849,0.426314985320311,2.62689820378546e-08,1.38269562126959e-07
"SPSB4",96.5326081820195,-1.12536793325041,0.212196706447937,2.63177652600794e-08,1.3847098690649e-07
"S100A14",12494.5634628966,1.12645166047194,0.211282025688853,2.66704992003806e-08,1.40217551770105e-07
"KCNK15",298.893626800188,1.12769203139931,0.212066964387514,2.67540803148967e-08,1.40620446547344e-07
"SFTPC",1066621.9817524,-1.94713127339058,0.340023158251791,2.68760056744928e-08,1.4122461860265e-07
"CLEC1B",41.7360523368006,-1.27085049143468,0.24207193826357,2.72035461397287e-08,1.42797452648924e-07
"CEP55",723.688401548442,1.61963142550988,0.312384649261934,2.72281418686858e-08,1.42872062726371e-07
"TMEM151A",35.5602356752975,3.50511331563625,0.408553676408238,2.7264070500562e-08,1.43003900233707e-07
"RAD51",274.767426857839,1.22969391140278,0.233589440761078,2.74171146497066e-08,1.43769382804329e-07
"TNC",27380.0274148903,1.35718627989303,0.256129494125323,2.76652217270243e-08,1.44957740868936e-07
"PNOC",176.297510995214,1.7480137018389,0.338660536453918,2.83066675844274e-08,1.48088720231687e-07
"UGT2B11",32.6299990892139,6.27212503669989,0.676716439557502,2.83500525744714e-08,1.48277367999968e-07
"UCN3",194.621155907203,2.49428016386185,0.492096611873656,2.89841188632543e-08,1.51359017004936e-07
"NGB",8.15689402149416,5.22740726558388,1.09535474639704,2.92107143557597e-08,1.52424354028083e-07
"GRK1",26.9863527912983,2.0994195934527,0.411258417685931,2.93548766163845e-08,1.53058232249418e-07
"SPINK5",1583.34487290135,1.56497373149438,0.302131500759493,2.97378541363085e-08,1.54935368229864e-07
"GZMA",1634.87802083511,-1.01640014541584,0.192964635114095,2.98551655846516e-08,1.55506537982227e-07
"HRCT1",365.009128273431,-1.53430659132994,0.29621026246971,3.00426410530801e-08,1.56442783008848e-07
"MYADML2",7.50497945114694,1.94508557756677,0.380628061225459,3.05729254097771e-08,1.59040499413852e-07
"C22orf15",187.159910625368,-1.47803961015589,0.285122855741947,3.09787930847552e-08,1.60986328839161e-07
"PBLD",1256.28028019769,1.20079623922301,0.227999434763663,3.16446185521308e-08,1.64151390085515e-07
"IL13RA2",272.529309187034,1.91367290624832,0.374166466241312,3.16929808655733e-08,1.64318039369895e-07
"CTSE",24376.8948366703,2.35350261491952,0.46247268834123,3.22848835886824e-08,1.67215539590205e-07
"KCNH6",65.8334653072325,-1.02235584221082,0.192842584873694,3.23170561543233e-08,1.67339353701627e-07
"TMEM146",147.497038293343,-1.70045609252942,0.331237963637884,3.23648956055884e-08,1.67544207660541e-07
"SCN2B",737.782499898335,-1.21739490097745,0.234014919306934,3.25579726568275e-08,1.68457547174552e-07
"HLA-DOB",1488.93209275819,1.12567223917449,0.213106428095305,3.26199579433564e-08,1.68735131288392e-07
"RPPH1",189.503784345762,1.06550415625869,0.201501564091297,3.26882657081677e-08,1.69045269851564e-07
"SCAMP5",1252.11013527542,1.02260705163192,0.19303804766285,3.27624540118878e-08,1.69385653040772e-07
"PDE1C",975.473500438191,-1.30073377883685,0.24945029024628,3.30057448117434e-08,1.70469323994513e-07
"UGT1A9",129.388700870641,3.88090043491687,0.508811852272598,3.33745026735517e-08,1.72138215972239e-07
"VSIG4",12305.1362823897,-1.07741009055562,0.20765956078374,3.33723960750492e-08,1.72138215972239e-07
"TTC29",387.426345733254,-1.61754611463232,0.31501790350106,3.36641650472426e-08,1.73515753685062e-07
"PTPLA",778.166419040222,-1.04128584911124,0.197324861197932,3.45879270748374e-08,1.78050415036059e-07
"GLRA3",33.7010325923688,2.4505497935909,0.486425622871371,3.46808807025113e-08,1.78392809733045e-07
"PRIMA1",191.070633370885,-1.40096331554314,0.27042228521291,3.47336621006079e-08,1.78618916305489e-07
"PROK2",140.641783758201,-1.68336613695588,0.32891927167154,3.54133377052417e-08,1.81929281343096e-07
"RYR3",304.093451650187,-1.10557898142037,0.210599462668295,3.61449631785879e-08,1.85499543533924e-07
"ACADL",2093.50645935683,-1.44625264232268,0.281032995755757,3.61912723025904e-08,1.85690124886371e-07
"DCC",854.476571529393,-1.54191561513987,0.300424329139958,3.62742937910045e-08,1.86068925652236e-07
"KLK14",76.1190463240097,-1.10324916780026,0.210257175736854,3.64181754205122e-08,1.86759637366757e-07
"DHRS2",165.186737865209,1.92620034773761,0.379195541980991,3.73848876301334e-08,1.91668569027743e-07
"OASL",1949.58527695975,-1.06156858591682,0.202234120969644,3.75438098065212e-08,1.92434604784451e-07
"CHRDL2",207.470131596465,1.50295029161931,0.292360571602571,3.93915527469146e-08,2.01650080715806e-07
"AQP3",37534.4976336918,1.37813788650572,0.267159638001944,3.99610781938837e-08,2.04462129353488e-07
"XCL2",103.711933907117,-1.10678515810805,0.211705752549906,4.00876491089798e-08,2.05057898815987e-07
"TEKT1",1123.25455847848,-1.63140797267324,0.319531892943384,4.010070330185e-08,2.05072848795539e-07
"IGSF9B",494.504331913927,1.26837421764219,0.244188233027715,4.02918488437722e-08,2.05946291021918e-07
"LRRC67",84.6860649942605,-1.56766369395623,0.306559914946504,4.08153633054571e-08,2.08411646989343e-07
"ITGB1BP3",15.0907132157657,-1.75599989314428,0.345523558700242,4.11721448963394e-08,2.10180424929837e-07
"CCIN",54.2499170806879,-1.2054601222512,0.232290629477961,4.15190986257224e-08,2.11737988229591e-07
"SCGB3A2",60110.7666788006,2.45887358787975,0.487740507773011,4.19497588818346e-08,2.13880370157988e-07
"LOC100287846",112.457163670571,1.18993353742839,0.228834782764008,4.26470236786201e-08,2.1732588274898e-07
"DCDC5",186.229675530471,-1.31770189391892,0.25532822931126,4.27611219341397e-08,2.17852471449515e-07
"LAMP3",40996.4415278635,-1.28915889544913,0.244536375875697,4.30714313204061e-08,2.1926781724254e-07
"CMBL",4241.55654996677,1.20547166800941,0.231693470339983,4.54031816335283e-08,2.30558404276028e-07
"HIST1H3J",6.43050358227032,2.76739963708442,0.553861802243986,4.54319355228799e-08,2.30616299834575e-07
"KRT3",12.6326443676933,3.34060536090054,0.679578991394129,4.56672883710902e-08,2.31725140115126e-07
"LIPK",7.74415066964669,7.02349859751508,1.47284294628832,4.56902412223141e-08,2.31783501899965e-07
"SIRPD",57.0449291157471,-1.19286192654934,0.230713503488665,4.66273805822294e-08,2.36359832297747e-07
"PRRG3",81.5448337716561,-1.32008193060716,0.256510879075959,4.74492013940718e-08,2.4040532801437e-07
"BLK",388.230241829048,1.40839203227644,0.275074648423713,4.81425757072815e-08,2.43674387319601e-07
"TMEM171",66.2694225643319,1.60161921983768,0.315278075473758,4.87230392257945e-08,2.46242955547892e-07
"CTGF",49137.0281304925,-1.12343645571684,0.216635146401658,4.93292682770387e-08,2.49244562954454e-07
"PTCRA",97.9797892455248,-1.05225913295185,0.20220880335548,4.96036637910207e-08,2.50568444919903e-07
"TRY6",37.5562346565,6.82665347680433,0.795616864971787,4.96344377670769e-08,2.5059881637401e-07
"MMP17",263.656856922899,1.27999579212535,0.248831079713803,4.97116001991999e-08,2.5086325096784e-07
"TRPV4",1034.49790645658,1.06007025220969,0.203818616810618,5.04475635654174e-08,2.54513742304989e-07
"CDX2",9.08140146134953,4.41924355557679,0.90323006906948,5.04848831773141e-08,2.54575117187846e-07
"KCNH8",75.6383330506751,1.68317371004978,0.332686920542747,5.08219209861238e-08,2.56147037519953e-07
"CCL20",1401.55842708494,2.12567096877275,0.424379586089591,5.18257904276249e-08,2.60752131256663e-07
"POPDC3",88.0138182923772,-1.38078815663253,0.270632283412171,5.26655184644032e-08,2.64713871179038e-07
"COL7A1",859.816791910411,1.35528829445165,0.264435765253611,5.29168014099708e-08,2.65739528633803e-07
"MYBPHL",308.518572897762,1.66656496968752,0.330562254913984,5.46685226692181e-08,2.7394222293059e-07
"HAPLN1",200.67184195271,-1.87978496684339,0.37544009263479,5.46774655718384e-08,2.7394222293059e-07
"HSD11B1",1753.99534057092,-1.0223916488552,0.196803723266231,5.50074701110486e-08,2.75527394832401e-07
"CES1",24273.1617795148,-1.11505852413724,0.215812460724848,5.5378327827704e-08,2.772477698641e-07
"DACH1",2773.91334987979,-1.53183335558453,0.30220973373862,5.54857546221707e-08,2.77716903884114e-07
"TSNAXIP1",296.648857477019,-1.18229863307777,0.229714836310078,5.56877132008329e-08,2.78383552209943e-07
"SLC4A11",519.201578518357,1.47067826125643,0.289037707663907,5.58488222614517e-08,2.79120002813344e-07
"CACNA1I",193.393835650225,1.4711386602196,0.289714317269247,5.63309972196722e-08,2.8139084766125e-07
"OSTBETA",575.377505575928,-1.14486562997944,0.222095569488204,5.63806237257604e-08,2.81569258532721e-07
"ECT2L",1076.40596325246,-1.57871025567169,0.31291218672539,5.78891135053698e-08,2.88817733907368e-07
"FCRL5",984.53480274995,1.84343181181266,0.368494396817846,5.81681460162402e-08,2.90066874480098e-07
"DNAH9",2867.5160284687,-1.69170883364781,0.337114674901632,5.84011639883886e-08,2.9108543715562e-07
"LDLRAD1",535.024380909173,-1.5396227776636,0.304800770417212,5.85060797065445e-08,2.91536572954251e-07
"HS3ST1",1421.80019998466,1.14833811966016,0.222957372788122,5.87666932910162e-08,2.92763140266665e-07
"NLRP14",44.8776565415316,-1.28941162677443,0.252568002130844,5.91008518991984e-08,2.94282987279625e-07
"PRSS46",10.7254729233888,2.10124902519866,0.422417914176396,5.91201246773707e-08,2.94306552777831e-07
"THEG",18.0244921697377,2.61559940787485,0.53107364191618,5.94804691990131e-08,2.95954812452612e-07
"PNMT",120.694169824789,-1.4123896156572,0.278508380143954,6.06058621115082e-08,3.0125816674829e-07
"RAB15",3803.07936396577,1.13914480261781,0.220765236997827,6.1296015553856e-08,3.04539187733333e-07
"LOC554223",108.037953393696,-1.60928185744032,0.319998543061123,6.16007309869078e-08,3.05902943058391e-07
"MGST1",13923.1198479806,1.09404736017539,0.209238649474996,6.18714099811734e-08,3.0709642212578e-07
"IFLTD1",105.183166552345,-1.17739806848885,0.229660507930857,6.21129921247901e-08,3.08144380783793e-07
"AQP1",114188.576044595,-1.13531993470058,0.220983365890396,6.2498621847434e-08,3.09981525315832e-07
"RNF212",538.850294851609,1.55415376978245,0.308276172836734,6.46597264001119e-08,3.20072761571207e-07
"SNTN",1612.02645401311,-1.50357488437695,0.298589119509716,6.54626650114088e-08,3.23968166869419e-07
"INA",34.8880509147263,2.11944322284111,0.428341924427288,6.57639966376502e-08,3.25379871899946e-07
"HNF4A",270.749270391356,2.74680087188422,0.561854623744076,6.58676071379676e-08,3.25812863167058e-07
"MARCH9",2352.46709155858,1.46570958690719,0.120729265000248,6.58974200375472e-08,3.25880693618371e-07
"PTPRT",1042.30223602308,-1.56187633907933,0.310919123732814,6.5952813580583e-08,3.26074963283972e-07
"TMEM155",165.431988721463,1.98237434140582,0.39980688848717,6.6069644424566e-08,3.26572813869997e-07
"FPR1",3196.64158939678,-1.22755499322069,0.243058311671512,6.61811013996279e-08,3.27043865583464e-07
"NPSR1",8.67525275561591,4.52541408617794,0.702195262828717,6.80169500803131e-08,3.35542550956768e-07
"S100A5",38.8508009992047,1.4119628828115,0.279519991623199,6.87763090471877e-08,3.39123330432187e-07
"FAM166B",534.326619567651,-1.47940061581802,0.293967926286447,6.8824623835213e-08,3.39278911604614e-07
"GPC5",272.849620494335,-1.47266265163476,0.292665962139921,6.90550021605995e-08,3.4033170166367e-07
"LOC100506895",5.95750782885743,2.04868200175994,0.411477739713417,6.90920050119882e-08,3.40431176593879e-07
"KRTAP5-1",24.6240585771401,1.48842180078123,0.295953924814826,6.95800033720398e-08,3.42752214225714e-07
"HYAL1",4344.62079138512,-1.18085221419279,0.233329693008018,7.15422148519137e-08,3.52075363680425e-07
"KRT86",228.935260966253,1.25751273273002,0.247734876635531,7.16954484223426e-08,3.52743697500398e-07
"LOC400794",42.669248615668,2.0772872190921,0.421391843146501,7.17339097585178e-08,3.52847160977438e-07
"CPNE5",940.391722145097,1.39345017032432,0.276152503868613,7.19704297362241e-08,3.53838588363107e-07
"FOXA1",5646.55546797823,1.24188570631201,0.243511503934485,7.22144495969464e-08,3.54793009294338e-07
"SNORD99",19.9904599279807,1.08103124012209,0.211065363610021,7.22171433374177e-08,3.54793009294338e-07
"E2F3",2748.80147473153,1.17420829905623,0.229649655413236,7.29375838209748e-08,3.57984877332772e-07
"MYCN",105.819625362762,2.69839468262528,0.317675551805291,7.29989038674449e-08,3.58198985013564e-07
"RNF39",582.260678765296,1.19549021470457,0.234147596020302,7.31042898609656e-08,3.58629164099807e-07
"NCAPG",571.66839572939,1.26594220190238,0.249534811283753,7.41207455034695e-08,3.62999760400611e-07
"CLEC4D",99.9113953725934,-1.41264654261757,0.280885104010107,7.46028464636683e-08,3.6527242749664e-07
"FAM83B",138.430783955196,2.19449387022682,0.446987313113246,7.47556858014914e-08,3.65932245781859e-07
"ANKRD20A2",13.6088605758666,-2.01861844266804,0.412527561938833,7.71450634021102e-08,3.76899162037681e-07
"KCNQ5",403.193912858103,1.66865686303636,0.334779061136081,7.72934919792086e-08,3.77260084675949e-07
"CERCAM",3442.95176322863,1.00401305529585,0.194056676448352,7.78582918826781e-08,3.79799042290232e-07
"NUSAP1",1304.74110723015,1.33675383377239,0.264326471017686,7.78803310196235e-08,3.79799042290232e-07
"ZCCHC12",40.6898421857197,3.36807284355718,0.294360440672576,7.79222756698296e-08,3.79871093890419e-07
"RLN3",12.4530162338919,1.9835901979223,0.401527991316689,7.82206265138976e-08,3.81233734954924e-07
"TTLL2",30.5734600944708,1.66671683422203,0.334641744011325,7.87146861580359e-08,3.83364764803851e-07
"F5",1848.41855424693,1.85889456914944,0.375029434012873,7.98021135462123e-08,3.88567375580679e-07
"C20orf26",379.008392250777,-1.41868808361496,0.282990664208183,8.15771382652655e-08,3.96637726549901e-07
"CES1P2",471.27144174002,-1.11511770795099,0.218958352703734,8.17564064009001e-08,3.97413886157689e-07
"KRT78",12.0082721903186,5.11081444200756,0.758490215319527,8.26286031851756e-08,4.0136442454311e-07
"EMB",10852.00587623,1.00322703615385,0.194581005442522,8.27550012182492e-08,4.01785555207144e-07
"TEX11",30.5470358074977,1.66365282020687,0.335129829944147,8.30433514892555e-08,4.03088843523746e-07
"CDH6",2267.27790468943,-1.05819756007454,0.209526141098824,8.31247922510168e-08,4.03290728656e-07
"LOC728613",961.781054188296,1.3074413067771,0.259063284444671,8.3546659456416e-08,4.05143252050148e-07
"SLC22A10",20.4781854100083,-1.73217636116108,0.349357323743289,8.38360829793102e-08,4.06422338438614e-07
"SERPINB5",253.950628592365,2.9944439835153,0.620624274880127,8.39602411360963e-08,4.06856413894117e-07
"C20orf85",1674.16765631919,-1.65179157251255,0.334473881951802,8.4048360120949e-08,4.07185939973224e-07
"LRP1B",72.6463974362843,-1.69413431261192,0.342295768819178,8.43176554185458e-08,4.08295134767174e-07
"KIF11",1303.7843882225,1.30509705928838,0.258643992093184,8.47623744693513e-08,4.1035044765227e-07
"ABCC11",24.8086770894329,1.27308017364755,0.252382019969896,8.76409391320805e-08,4.23071845688634e-07
"IL24",51.8317206719024,1.14421964710399,0.225308112487605,8.81825107486004e-08,4.25584692432623e-07
"GPC2",76.0001784498743,1.28503858695831,0.255091274136373,8.95346762641828e-08,4.31493186253172e-07
"CRHBP",83.6565602057958,-1.16448911720295,0.2301838999971,9.09745347866362e-08,4.38223597957235e-07
"CDH23",1878.64221843617,-1.05852033978473,0.209109252293534,9.12515510304195e-08,4.39453401000886e-07
"NCRNA00163",81.9856824992217,-1.35162517942672,0.269910973587485,9.14426881529826e-08,4.40269136751789e-07
"NOTO",34.7920543341299,3.20555564612136,0.668177240443519,9.21904017151684e-08,4.43447224599982e-07
"HIST1H2BH",26.8761525644416,2.12200897364772,0.433533426640993,9.32315910423439e-08,4.48135985345068e-07
"C4orf49",89.5137068013003,-1.13819518322269,0.225348477806424,9.34337445343133e-08,4.49001050123228e-07
"KDR",16181.6143117526,-1.07534782705246,0.213842058587376,9.39479697956671e-08,4.5125791567017e-07
"CACNA1B",57.4362478966277,2.42013712837046,0.50037233448291,9.60879608782623e-08,4.60444227305139e-07
"LOC100506474",16.851650012486,-1.41276521007524,0.283658676580673,9.66174617247595e-08,4.6254352951061e-07
"LOC387646",275.3996174827,1.32053781757356,0.26355899328497,9.79892946262673e-08,4.68667606930595e-07
"KLC3",449.567254158366,1.05429244117313,0.20777878451262,9.8349403172612e-08,4.70278825801285e-07
"CAPN5",2816.9833468053,1.15005964141851,0.227865608759306,9.88314574848698e-08,4.72472255774977e-07
"SCARA5",4102.28210897881,-1.46797313922408,0.298258179671704,9.88830816710103e-08,4.72495858381237e-07
"LDB3",556.314474221986,-1.18674793539025,0.235703183641235,9.90365947968833e-08,4.73006067787568e-07
"CCNA2",702.146168058259,1.18473439062045,0.23491199042858,1.00652863662749e-07,4.80498729574931e-07
"ENHO",233.814186531118,-1.58323115949405,0.320844600392001,1.01664007696184e-07,4.84525825236275e-07
"PLOD2",6397.27190402151,1.21209072916146,0.240193728541671,1.03955903236501e-07,4.94401183601978e-07
"MGAM",743.222826695734,-1.47962087362201,0.29883006554346,1.04398217882751e-07,4.96388143801918e-07
"FAM163A",16.5523225630164,2.16103087055761,0.444004243687995,1.05213367642234e-07,5.00029061856412e-07
"IGLON5",22.4185340738654,1.46908788341786,0.296683060972297,1.05842770976051e-07,5.02902236461562e-07
"SPATS1",81.7081011662724,-1.63590585477859,0.332967374963932,1.05970463203081e-07,5.03156820812072e-07
"CNTFR",350.385997493258,-1.47847023960872,0.298871964846869,1.0700554244864e-07,5.07592965714299e-07
"CXorf41",191.42295868268,-1.61356852510802,0.328974069529712,1.08889139300991e-07,5.15923471112207e-07
"TMEM178",624.050317511221,-1.13318602427688,0.225443781114701,1.09056093065387e-07,5.16593582901121e-07
"DCLK1",2396.67945479758,1.08020449960899,0.212870542797959,1.1032863433849e-07,5.22254884856261e-07
"DNAI1",566.125766833241,-1.50027954172285,0.304016690553202,1.10875050542527e-07,5.24473451280975e-07
"KIAA1751",318.689374518621,-1.08070256247594,0.214169882573149,1.10965638895394e-07,5.24779321701323e-07
"P2RY6",790.184352598019,1.37930955991803,0.278200558811775,1.11244324037909e-07,5.25974389827452e-07
"FGF17",12.6183318684599,-1.1774023132115,0.234879278905196,1.14179592585256e-07,5.39222849630929e-07
"CDK1",1395.58260385459,1.11888157438984,0.22222007425485,1.1447501606741e-07,5.40365858260367e-07
"CLEC17A",115.311702608719,1.31681536209911,0.264497720064867,1.14607687114703e-07,5.40716615561174e-07
"SRRM4",29.7464600478344,-1.15061644738077,0.229537458180487,1.16353068135435e-07,5.48463542647726e-07
"FAM179A",920.470061108362,-1.305035254545,0.263064619343634,1.18604531599481e-07,5.58166548269031e-07
"CCDC150",102.812820333236,1.23537977312581,0.247872099120497,1.19725677152066e-07,5.63311815721752e-07
"MLLT11",457.684350057614,1.24693684232556,0.249862106676007,1.20338218003655e-07,5.65930732019514e-07
"LRRC2",547.90461653153,-1.16640080134736,0.23328723262423,1.20407270656431e-07,5.66123940849436e-07
"MC4R",11.9879870826713,2.12854230952914,0.440459885075743,1.20830335911234e-07,5.67981149368156e-07
"FOLR3",343.527667494116,-2.15338143871493,0.447799156853741,1.22365076765166e-07,5.74794968392603e-07
"CD19",384.317271766535,1.71976904923867,0.352155399193515,1.22459857630556e-07,5.75106723503501e-07
"A2M",458829.323480957,-1.18053560464195,0.219771133073442,1.23359811639182e-07,5.79198781579375e-07
"LOC440356",15.3100834018275,2.42197804025758,0.508110460972439,1.23670844388706e-07,5.80524480814423e-07
"HBG1",8.64475344950298,-1.2350330363209,0.599489542983736,1.24945878744323e-07,5.85830329317545e-07
"WDR86",427.905647936367,1.3488967206646,0.272586471527283,1.250675436863e-07,5.86170194956492e-07
"SLC6A13",81.470858901128,-1.5051880961325,0.306768838045778,1.258089480437e-07,5.89330922784662e-07
"DSP",22289.4161720648,1.45155363249039,0.291614314341543,1.26915561606662e-07,5.94102192988075e-07
"SULT4A1",30.4950661896739,2.29037394648975,0.478244873392242,1.26970873980738e-07,5.94223690229855e-07
"MUC5B",37338.3855211705,3.14271543398191,0.660931079297158,1.28255023161238e-07,5.9981745004774e-07
"ABCA17P",43.3110853010027,1.11355578969912,0.222477493033491,1.28582340766845e-07,6.00792973098271e-07
"ACTBL2",26.9534005197927,1.99192854097127,0.413197547669442,1.28957266206265e-07,6.02266734028845e-07
"DNAAF1",944.002462415553,-1.44007668832724,0.293966869652294,1.32144287387002e-07,6.16297815898688e-07
"C17orf55",249.972294158351,1.1307150423022,0.225633237813635,1.32809930293893e-07,6.19259571315063e-07
"NAT8",20.3160352469651,-1.1783906122344,0.236286065620827,1.34068933246684e-07,6.24554494325924e-07
"LOC283070",2962.90460986837,1.08251380603579,0.214881902544932,1.34152674486349e-07,6.24800801720704e-07
"OR1L8",15.9133853642122,-1.37476278513196,0.279075565604433,1.34515582846252e-07,6.26058843962059e-07
"FAM172BP",59.3478364786197,1.09311365374783,0.218243313873225,1.362412801718e-07,6.33799069629375e-07
"KCNRG",234.387929278565,-1.09280723802424,0.218612746517641,1.37885345154099e-07,6.40642085098801e-07
"LOC100505893",4.5690296268081,-1.55642511546605,0.316797098657534,1.37902157243984e-07,6.40642085098801e-07
"ANKRD20A8P",122.079528585613,-1.24116334487686,0.250644809684036,1.38088062629141e-07,6.41358530444342e-07
"LOC100506305",203.472112239055,1.34228926909358,0.272426274322953,1.39094341447611e-07,6.45884048002089e-07
"SNORA14B",10.4919748299703,1.38797141015471,0.282303542780931,1.40564019865999e-07,6.52259588745458e-07
"MAGEC1",4.56242197091619,4.46485890290724,0.989594154357089,1.41944957220615e-07,6.5851658929692e-07
"RCOR2",252.353793544532,1.56732407080581,0.321518085351295,1.45083943297206e-07,6.72308630100443e-07
"C3orf45",14.2991325862158,-1.12146570118291,0.224725958615086,1.45348655420288e-07,6.73227033034792e-07
"MFAP5",900.428152886963,-1.31667800610406,0.267512946930959,1.45761845356365e-07,6.74986390267256e-07
"C1orf173",2328.95226659883,-1.66072283983264,0.342641317642326,1.45857820461944e-07,6.75132126562061e-07
"XAGE1A",3.62783730981784,5.90817511673799,1.33433455723883,1.47523367157063e-07,6.82362996943809e-07
"EMX1",10.0954384101795,2.91992824647133,0.616564783762062,1.48400269639856e-07,6.86262247608023e-07
"NMNAT2",1368.66957550295,2.01429458048821,0.419585187197514,1.49092704478475e-07,6.89306859604569e-07
"ITGB4",13154.5844964148,1.21254087343678,0.243494272080487,1.49609190001355e-07,6.91536792605029e-07
"XKRX",1353.58397558104,1.70591804448909,0.35218902577336,1.49917512265516e-07,6.92803736476327e-07
"RDH16",97.0540112576329,1.86757812586848,0.388188883179043,1.50154444081468e-07,6.93581949487219e-07
"RTBDN",6.98981426208645,2.7962056720578,0.592414162857773,1.51058171612309e-07,6.9727900834772e-07
"SIRPB1",2180.46169340166,-1.2885500770173,0.262228966619818,1.51688167390969e-07,6.99867835915343e-07
"HIST1H1C",2474.61889062727,1.18501773098759,0.238607903660936,1.54723484915967e-07,7.12572937015719e-07
"DUSP1",71929.859773814,-1.01164299665462,0.202382059878284,1.58127284746466e-07,7.27256162361556e-07
"DDIT4L",456.44036952577,1.3024928303011,0.265171085930424,1.60220255739678e-07,7.36212984432876e-07
"WDR78",1496.21473853743,-1.09641258323814,0.221136006343176,1.61794721977398e-07,7.4277318383863e-07
"GPC3",14217.0917195858,-1.28060884230228,0.263587687384432,1.65917723253691e-07,7.60666055804746e-07
"CSMD2",193.69808408898,1.41637822808839,0.290354266793984,1.67809723504819e-07,7.68817703363749e-07
"LTB",2698.48016075721,1.12597566513238,0.226719908414836,1.69969278730444e-07,7.7835931465677e-07
"SNORD72",5.36221238903147,1.4580201365961,0.299776654773591,1.71725887791042e-07,7.85514959271974e-07
"SYNGR3",99.5624376572105,1.24156492769241,0.25273783543254,1.72487290297214e-07,7.8864134694057e-07
"AGBL1",187.515777407524,-1.48838049434571,0.307389229469034,1.73630215931073e-07,7.93329390668365e-07
"NIPAL4",57.8156910894614,1.17005104576203,0.237139103388171,1.74133998107678e-07,7.95272169606839e-07
"NECAB1",1763.40992654301,-1.35675588957447,0.27866863384382,1.77142229117673e-07,8.0864588623609e-07
"FOS",93407.1855374267,-1.27971732064105,0.27080161179155,1.78603859699567e-07,8.149505690214e-07
"MB",339.523913741729,2.09137223951481,0.440958627649042,1.80814407501656e-07,8.24293788793021e-07
"TNFRSF11A",722.81613430922,1.02274275367762,0.204715315604875,1.81595208876987e-07,8.27666881981333e-07
"ADAMTSL1",1268.5397323804,-1.56829030931822,0.325419419592593,1.82194621690406e-07,8.30025059112201e-07
"LOC254559",217.751999154653,1.58106630436711,0.327399912429415,1.82309878251536e-07,8.3017643322595e-07
"KLK6",18.6205135711946,5.34042990580156,0.689966617049097,1.82973203829872e-07,8.32822266408914e-07
"RELN",968.892120085486,-1.18978411826711,0.242541268730004,1.86450400177209e-07,8.47218372717718e-07
"ANKRD36BP2",472.104143083295,1.6402189151016,0.340841266600512,1.8729556512496e-07,8.5039244811447e-07
"CDHR4",641.812340879387,-1.52466166491941,0.316017014053182,1.8776776853102e-07,8.52345234993582e-07
"PRDM12",5.16858716522036,2.13271745523299,0.448202875403612,1.88751067046425e-07,8.56302219921247e-07
"PNMAL1",1434.11979730489,1.24822649634845,0.254557337767476,1.88766390261776e-07,8.56302219921247e-07
"CENPM",296.893728377646,1.14933681740729,0.233781918160816,1.90643264919044e-07,8.64041720829909e-07
"FAM154B",1191.15353468071,-1.42039961124045,0.293346511524875,1.93702660652299e-07,8.771220479336e-07
"HIST1H2AG",36.770555349857,1.67358296194479,0.348962644957278,1.9387762516213e-07,8.77717962627303e-07
"VWA3B",1301.19550129335,-1.58718092943281,0.330410382757112,1.95912824341889e-07,8.85940902033998e-07
"FRMPD4",39.4921753364095,-1.38682350420345,0.286149927089439,1.96047324122956e-07,8.86351102875308e-07
"CXCL17",20174.1429064163,1.04402695077384,0.209942328657519,1.97435176769173e-07,8.91714205688427e-07
"MIR34C",14.5050202021066,-1.68630477705957,0.353101475610839,1.98450267963516e-07,8.95814423249225e-07
"PACRG",349.60814392655,-1.39511739467418,0.288147883147888,1.99781051120652e-07,9.01620569840161e-07
"ZSCAN4",50.9395344836177,1.84121810711484,0.386871540770752,2.01087470557897e-07,9.06707839510447e-07
"TCAM1P",64.1572623669202,1.18025586232163,0.240757492233494,2.03456895800814e-07,9.16778946550375e-07
"WDR69",432.478811809086,-1.23713703030477,0.253494594356219,2.03778491129594e-07,9.17615225573773e-07
"NAT8L",129.817007110633,1.34756549907647,0.277175679874538,2.03728085986794e-07,9.17615225573773e-07
"E2F7",252.384057473588,1.49845151809782,0.310695219592507,2.0400440585972e-07,9.18428198177622e-07
"LOC100287814",35.8374088670383,1.82835786402957,0.384212639816406,2.04232957353571e-07,9.19252677294557e-07
"KRT73",10.6566294757471,-1.60689144771125,0.335801331681143,2.05629198520467e-07,9.24920134945061e-07
"LRRC46",1144.07261316309,-1.35449473743469,0.281669606166649,2.06599928960176e-07,9.29080018236596e-07
"POF1B",1868.809959207,1.77471082685405,0.37080405084241,2.07426938361316e-07,9.32591883467659e-07
"SCGB2A1",263.383214756841,2.31203763745078,0.49334643264775,2.09812781826823e-07,9.4289975953746e-07
"ABCA6",3436.02296982084,-1.0502053485602,0.213629858216138,2.11909384533484e-07,9.51571989264027e-07
"LOC100128081",12.4967409991854,-1.20827568018215,0.247785437063718,2.12433037005482e-07,9.53616567316025e-07
"MRPL36",1592.81077461687,1.00016732539645,0.201047801310149,2.12940511764206e-07,9.55682682620685e-07
"IGFBP2",11724.68055327,1.47928325140572,0.304381752909089,2.13493434825487e-07,9.57739497850773e-07
"KLRC3",87.6309681795958,-1.48352055159343,0.308593477227089,2.13845008377422e-07,9.59104102496656e-07
"LOC643037",157.637555340986,-1.56386999288368,0.326493184076496,2.14490272805024e-07,9.61572007053488e-07
"PPP1R1C",209.815350349962,1.51491006816028,0.315244358907084,2.16845400891985e-07,9.71484674514091e-07
"AGT",1003.06549085486,1.81550776413304,0.38294691430951,2.17108531452808e-07,9.72233138304487e-07
"CPA6",247.138047571948,2.36772354082606,0.506868304749732,2.19366465908478e-07,9.81909915182108e-07
"C2orf73",106.090435670364,-1.45905898510251,0.303581278422487,2.19736126697594e-07,9.83347101588766e-07
"MIR27A",30.4534024396059,-1.45012386583763,0.301978351421787,2.20729788789775e-07,9.87139119508138e-07
"LOC100507410",13.0034146045923,-1.43634316005191,0.299280887535871,2.21332314714071e-07,9.89615061216593e-07
"RSPH10B2",96.2127824039821,-1.594157512596,0.333793674546836,2.21580323717652e-07,9.90505152908345e-07
"RSPO2",964.236323652817,-1.27633383321092,0.263532376832229,2.21972213476328e-07,9.92037883191513e-07
"ZG16B",480.424586238119,2.14914587308589,0.45767069410469,2.29212563163415e-07,1.02236480630028e-06
"MT1M",770.117107009399,-1.43835285632026,0.299442950457965,2.29545925188286e-07,1.02362614490771e-06
"LYPD2",84.9650874024044,-2.08166578035534,0.443980262675687,2.30788537971377e-07,1.02871411519019e-06
"CHAT",16.7937877247332,6.36796959873502,0.919178412390691,2.33192529343428e-07,1.03851484850172e-06
"ARMC4",859.899002650089,-1.41677076146301,0.295267638488691,2.33394787887107e-07,1.0389584124968e-06
"C5orf46",17.3175933147128,3.38601326287619,0.734943617636534,2.3508064009873e-07,1.04600290970288e-06
"HBM",5.73077782412766,-2.57089709542719,0.557643022988525,2.35433385825553e-07,1.04734223351539e-06
"LOC127841",4.55860312031183,2.9316436068757,0.629524762220944,2.36979406020132e-07,1.05352518279233e-06
"C19orf26",99.0502660021003,1.58368525032143,0.331757599105529,2.38783076863821e-07,1.06061186280461e-06
"ASB5",27.052578270859,-1.63182732258354,0.343330687803928,2.400584281125e-07,1.06580887111759e-06
"ABCC12",26.5996389523498,1.92443887479261,0.409482441556474,2.42675019152936e-07,1.07648149521687e-06
"ELANE",150.733038064285,2.22400396387211,0.476726395511173,2.4394184380044e-07,1.08139002636108e-06
"WDR63",562.984211143005,-1.23641615861651,0.255764480933487,2.45427513180338e-07,1.08773774781765e-06
"ALDH3A1",1987.47818283293,2.08833367041202,0.446308371282356,2.49200843487368e-07,1.10277093857189e-06
"HIST1H2AE",62.8608753271542,1.82891121128956,0.387993259619219,2.49675267128698e-07,1.10457426400137e-06
"IGLL1",52.2261795638397,1.85517071420863,0.393744561061381,2.49717495779372e-07,1.10457426400137e-06
"LOC100506835",22.5018207633976,-1.3221459549873,0.274659137499366,2.50612142414031e-07,1.10804726400227e-06
"KLRC4",125.86887275054,-1.2315531519056,0.254722350493411,2.5323275381776e-07,1.11914501528936e-06
"RBFOX1",31.6158333820616,3.05067375795714,0.665493439263014,2.59107297871983e-07,1.14410794420305e-06
"KIR2DS4",52.1321570083858,-2.38824379166937,0.515784593249701,2.63497287398357e-07,1.16227425945985e-06
"SLITRK3",115.261675400216,-1.29141467414799,0.268668399365666,2.65934338914943e-07,1.17146865528514e-06
"ENPEP",2727.39124539667,-1.06312853395888,0.218077976835622,2.67988581550545e-07,1.17972093935724e-06
"KIF23",843.311955785347,1.18125805459239,0.242993562169586,2.69541653043098e-07,1.18578409025111e-06
"NUP210L",186.163808440068,1.54062727808954,0.324138517998386,2.72241767192608e-07,1.19682899467144e-06
"C20orf191",24.985777301495,1.49456292285347,0.314297958036613,2.74656297508353e-07,1.20618748489186e-06
"C6orf103",372.402341083805,-1.51016800502325,0.318353044707206,2.76777905868062e-07,1.21497757377476e-06
"LOC100129722",26.0692847753821,1.28927022100476,0.267723926879532,2.77325941525118e-07,1.21711933703598e-06
"HTR1B",44.9481383138783,-1.44967980004253,0.304476816714414,2.81066042863038e-07,1.23273191193732e-06
"LDHB",40873.0210101886,1.01173647066651,0.205405585291219,2.81651054153253e-07,1.23476261362703e-06
"TGM5",24.892102632217,2.49260038957284,0.540285034550392,2.81717419604299e-07,1.23478611741243e-06
"KCTD16",292.984572068203,-1.38271550353317,0.289535648234639,2.83162347014639e-07,1.24058204890115e-06
"CLCNKA",59.2729496318383,1.35122175076962,0.282327416028991,2.85446712286704e-07,1.25004909203704e-06
"LOC100422737",73.3542484634798,2.39930571045662,0.521140528318444,2.94976050162937e-07,1.29038474850832e-06
"C1orf51",370.288450183285,1.38333685231884,0.290274732283674,3.01187026169006e-07,1.31670120878766e-06
"FMO5",8823.80836323239,1.30209115648465,0.272207920696296,3.04345156264882e-07,1.32916209140957e-06
"HIST1H4K",13.8796466046703,1.76601325799446,0.37662710008677,3.10822266503508e-07,1.35647983965017e-06
"FAM180A",487.722047635949,-1.15109611425307,0.238773450724745,3.11153112603704e-07,1.35733839487318e-06
"UGT2B7",77.696932995492,2.22135758592537,0.481431582288701,3.13579618730988e-07,1.36762875732254e-06
"CDCA2",245.843763512834,1.37425698921053,0.288492509222895,3.1959332543299e-07,1.39205691846119e-06
"LOC100507351",138.515040242118,1.7749329118226,0.379644222462725,3.1997974110724e-07,1.39344017636653e-06
"FRMPD2",214.128664598123,-1.37339268169416,0.289485473234288,3.2168531204596e-07,1.40026503249941e-06
"CXCR5",281.524677440331,1.42552828695818,0.300358316330477,3.24513180969809e-07,1.41136039879886e-06
"GPBAR1",303.652366411913,-1.08413767190194,0.224367235205901,3.25177908361348e-07,1.41394759251172e-06
"UCN2",8.05923914982193,1.86262733415412,0.399566338995945,3.27682624816159e-07,1.42300450738122e-06
"C11orf88",734.843870076034,-1.59721962377597,0.340801715085602,3.28007617465258e-07,1.42411029281731e-06
"SLC8A2",57.0555568209551,1.89380313182458,0.407584226107866,3.31724000870841e-07,1.43839449477864e-06
"SIGLECP3",469.576494070231,-1.09264015411714,0.226375329009855,3.31974100382754e-07,1.43861133906538e-06
"INHBB",1994.27255133244,1.12197980365216,0.23175299503047,3.31987232092011e-07,1.43861133906538e-06
"ACCN5",4.35709910171486,3.35055898551559,0.741691107374537,3.40887238794802e-07,1.47559850308931e-06
"C4orf44",58.5737285929051,1.11587784607667,0.232074439436334,3.46675848081081e-07,1.49937304295068e-06
"SOX14",27.2559718554152,7.24176577053817,1.17725992789818,3.58572133264241e-07,1.54817801821704e-06
"MZB1",4387.36270176861,1.76621203612175,0.37923622017401,3.58960482510774e-07,1.54919384360354e-06
"C19orf59",5743.06180793563,-1.52528208111011,0.325260244832545,3.60710602874293e-07,1.55608339999543e-06
"HCAR2",1642.16147166731,-1.13161063921885,0.238554375731273,3.66037454707862e-07,1.57771808363327e-06
"FGL1",61.2798459495014,3.0273190727539,0.430279754541355,3.67424458659442e-07,1.58234861015442e-06
"CDH15",142.106655552125,1.44174157784002,0.306117371071006,3.67396180189385e-07,1.58234861015442e-06
"C14orf176",76.3355923483916,1.10830661494847,0.230819425467235,3.70398856241953e-07,1.59481881497413e-06
"LRRC55",222.439448249918,1.54708054467372,0.329862062432473,3.73179162938425e-07,1.60610662067546e-06
"MIR4653",11.3842174712563,2.12118443279781,0.462357729895744,3.7720240791897e-07,1.62169794789462e-06
"TUBA4B",482.873702990874,-1.38751985000821,0.295731733648215,3.78159117110982e-07,1.62477577784831e-06
"POLQ",319.305779557615,1.33691372922665,0.282132737229236,3.78148290097477e-07,1.62477577784831e-06
"PLXNB3",1045.8710097878,1.40067981955927,0.296924314737947,3.96095812978623e-07,1.69751754192257e-06
"SNORA80",8.68551230731401,1.75494239358347,0.376577584777335,3.96737613610541e-07,1.69990813655609e-06
"CYP1B1",7039.17409469677,1.06112823446885,0.220774671542861,3.97092641862328e-07,1.70106924104452e-06
"LOC100288077",19.498529577339,2.12801626528877,0.465525270332016,3.97322767926261e-07,1.7013349155057e-06
"HIF3A",2805.59048269325,-1.20199157289308,0.255595047637953,4.0040822640229e-07,1.71273518820979e-06
"RAB3B",579.218530999434,1.81329883392242,0.239272480279782,4.02102624269839e-07,1.71816745151907e-06
"RGR",6.21684881078769,-2.21811178946508,0.483392491722781,4.04091299035948e-07,1.72630054533276e-06
"ANKRD34A",185.318908373974,1.03327150324088,0.215252453365224,4.0561616271583e-07,1.73244919804413e-06
"TDO2",424.682297789403,1.55998722263175,0.333986271555046,4.0758463162352e-07,1.74012244857449e-06
"INSL3",23.1213530488151,1.10903717678279,0.231814827031831,4.11460166743734e-07,1.7548177907838e-06
"KRT32",12.1781277464519,2.65625922306101,0.587602801600502,4.16783816579878e-07,1.77639950124096e-06
"TDRD5",115.165969916526,2.08753532375047,0.456910657545323,4.17787518911032e-07,1.78030256216383e-06
"RNF186",11.4793149633382,2.73909283058686,0.606948679673557,4.22615271659384e-07,1.80011694310976e-06
"RGMA",951.878179474021,1.02634967316442,0.213743460582032,4.24319024946727e-07,1.8069937689768e-06
"GRIK5",281.05172934949,1.74447904246725,0.377494696441603,4.33073728271737e-07,1.84156414578744e-06
"TMEM139",1556.85437593517,-1.12550792630747,0.238552184263727,4.43512680511981e-07,1.88437031197376e-06
"MKI67",4214.53982351105,1.51656505611774,0.324881877022849,4.4502203251697e-07,1.88998971048594e-06
"MYH1",159.137913245338,-1.77687841213876,0.386713211876031,4.48792547635515e-07,1.90520343051394e-06
"ZNF486",1479.13609917848,1.42880060166043,0.306148052381263,4.4912938781116e-07,1.90623357909115e-06
"LCN12",28.5423305402434,2.12895960207164,0.275681613159128,4.55803229206269e-07,1.93279255755689e-06
"EFHB",543.074399617819,-1.41704924092902,0.303601761259925,4.58321630431741e-07,1.94158395177247e-06
"SLC9A3",299.884370285796,1.18686118228014,0.250555298902388,4.59632411934448e-07,1.94672936806134e-06
"MMP9",4231.61559001241,1.61016942269938,0.345498779857147,4.60130897753319e-07,1.9484329500889e-06
"ASPHD2",612.824147009126,1.25996440424793,0.267098869723342,4.69528603263293e-07,1.98615014809871e-06
"DDR2",3690.01829613396,-1.02316904473568,0.215917247007868,4.69810563777981e-07,1.98692762670917e-06
"IGFL3",3.49395225886432,4.88792872990075,0.797018978142389,4.69919237199383e-07,1.98697206604402e-06
"DYNLRB2",302.556217345854,-1.3799750948789,0.295454789105289,4.71215447232782e-07,1.99203673087693e-06
"PPP4R4",412.805690769098,-1.27839371719008,0.272070161795682,4.71600234667726e-07,1.99283097075354e-06
"ESPNL",154.945105007022,1.63317384380695,0.353515657370247,4.7317354280206e-07,1.99864475789994e-06
"PRSS1",106.917947001331,5.00307040437125,0.567894879252421,4.79907051131243e-07,2.0249736547733e-06
"FAM92B",783.07438946583,-1.43735768305916,0.309365257151596,4.86298634187402e-07,2.050660553039e-06
"STOML3",465.976460300955,-1.59271248316051,0.345296740802942,4.89101283381547e-07,2.06119073015321e-06
"SH2D7",22.0998836041267,-1.05652621462591,0.221464830997853,4.90741668986106e-07,2.06724289738767e-06
"CLCNKB",169.62231630888,1.2772485439146,0.27184841943553,4.91256684280905e-07,2.06898180327295e-06
"MCHR1",48.4910893605489,1.63549842689692,0.354752156329468,4.92317053574414e-07,2.07261548122027e-06
"ZMYND10",1914.91526919924,-1.25098157984504,0.26644509684699,4.94472434898579e-07,2.08036095505761e-06
"MGC16121",58.8848739204594,1.50993910813139,0.325956132283605,4.9591516282379e-07,2.08556385013844e-06
"NEK10",313.455317268846,-1.36019471925037,0.291553292693929,4.96269444310438e-07,2.0866202372845e-06
"SLC17A1",14.2707006527111,2.92809540167717,0.659302192085838,5.05473796250693e-07,2.12179492117592e-06
"ZNF705A",16.3645163491315,-1.36340736643451,0.293284648183194,5.15385979018945e-07,2.16156988905975e-06
"AMN",536.170737362291,1.41903855445085,0.304715103311046,5.16005480692696e-07,2.16331129550556e-06
"RASSF6",1152.93463516231,1.15877865068905,0.24576133084387,5.16870936966372e-07,2.16649091636702e-06
"LAMB3",24894.39534994,1.10341059045764,0.234048067843744,5.23984836816192e-07,2.19449143016688e-06
"AQPEP",34.6932351521868,-1.08313326831003,0.228336880502001,5.27208716768724e-07,2.20753654036321e-06
"MTL5",188.851756916298,1.16519272824467,0.247124499067784,5.46390622031375e-07,2.28077801207199e-06
"TNNI3",89.8262856298549,1.88488818592874,0.415494109529888,5.54603185978333e-07,2.31172221733679e-06
"CAMP",190.570126693656,-1.54342097098625,0.336271636036306,5.70191491566937e-07,2.37083935513689e-06
"ATRNL1",114.247003766091,1.53342031660579,0.333617170190921,5.74803279904304e-07,2.38854304835619e-06
"TMPRSS11D",11.1620666526359,2.13888076627339,0.476220984319438,5.76482264541658e-07,2.39453673642268e-06
"CDH8",62.0425202011274,-1.5865360851732,0.346867089991549,5.83027493317545e-07,2.41973743945877e-06
"CFB",12567.4563384247,1.34524646934398,0.286894710127361,5.83977391647578e-07,2.42318294061882e-06
"PRIM2",1296.62158183418,1.37688816820311,0.164004985026476,5.86041136122515e-07,2.43074972054423e-06
"ABHD12B",88.5749046114308,-1.21381986157657,0.259878413472352,5.87160666273177e-07,2.43489429338975e-06
"PREX2",2727.18030248777,-1.1998778146617,0.259416923874548,5.89209733870579e-07,2.44289107400131e-06
"HBEGF",7075.1440200363,-1.24240006311366,0.268636654548072,5.91194587098747e-07,2.4506183980065e-06
"BAI2",460.792979249317,1.07877491292569,0.228136544285421,6.07060822866841e-07,2.51259875792737e-06
"TAF7L",8.66316550366145,1.95812784056541,0.433424090723868,6.26018035013608e-07,2.5875497338596e-06
"RNF126P1",79.067521360294,1.72810858641761,0.380712088491527,6.27517743233851e-07,2.59321899567096e-06
"DYDC2",385.527290277061,-1.4840860717015,0.324409453756674,6.29270054058085e-07,2.59939901309994e-06
"LRRC7",7.86549630125231,-1.64895029035946,0.361104133849703,6.32339943855743e-07,2.61154719518141e-06
"ALDOB",91.4023308525612,3.00084739735511,0.297901552096017,6.35304222436632e-07,2.62218449558317e-06
"RHOV",562.762845502053,1.57903528852697,0.345984028224072,6.39526844681666e-07,2.63907499759462e-06
"LOC100507127",22.2896036044525,3.06119569573023,0.465142047189584,6.40169527807283e-07,2.64118862868879e-06
"TPI1P3",5.87226721236974,1.65389306670277,0.361203075379916,6.44890486226333e-07,2.66012397222482e-06
"VIT",93.7808479239314,-1.48551901160815,0.324419596601485,6.4503259320067e-07,2.66016803565093e-06
"LCN2",6201.74474705148,1.83345309005497,0.403708086365425,6.48381111012434e-07,2.67170031596949e-06
"LHCGR",19.3918953822152,2.17985307321442,0.489435733731194,6.57520799480355e-07,2.7056065261805e-06
"LOC100131047",4.86227988143049,2.09503169413938,0.46915256286485,6.61308664763418e-07,2.72063997631633e-06
"NDC80",423.669122145755,1.19788199261368,0.256993159313339,6.64907832030668e-07,2.73322490416993e-06
"WNK2",735.130997250576,1.43054211012591,0.311810627167501,6.69493191120801e-07,2.74984003276707e-06
"MIR1204",6.32278044937591,1.78572634715034,0.394571063403302,6.72276151948305e-07,2.75959066955702e-06
"CMTM2",118.725256166116,-1.24524326113025,0.26925668699458,6.75240350893291e-07,2.77063449066108e-06
"FABP3",2109.70260937367,1.5331168733779,0.33527750698144,6.84500183465567e-07,2.80692224747296e-06
"ABRA",15.5835226615531,-1.35378356911595,0.294809356936935,6.87038493681228e-07,2.81676041130276e-06
"SCGB3A1",156481.862773517,3.1435227538512,0.716008265582389,6.90331033735656e-07,2.8285405777011e-06
"ANKRD20A3",13.4190693412844,-1.4542467826748,0.318311270690662,6.94592733049216e-07,2.84427503735569e-06
"LOC100271702",46.1001589942372,2.02925747299116,0.454858313046684,7.07477960803502e-07,2.89177330464937e-06
"AKAP14",198.105974669522,-1.45900353688553,0.320351909443718,7.07638243093998e-07,2.89184447374634e-06
"LOC100506123",1114.05455534842,1.21055417003411,0.261046348275527,7.07942824543128e-07,2.89250519006408e-06
"ASPM",1132.81854949378,1.51776959886699,0.331833215895031,7.08688647237455e-07,2.89438396059995e-06
"HOXC9",61.7089355129716,2.4700236412602,0.559530801346368,7.10853178951999e-07,2.90263853039488e-06
"SLC6A17",60.6031546639583,1.839021566941,0.40941445676649,7.1466458402024e-07,2.91761311923229e-06
"CHRM4",29.3386130269902,-1.30526213003106,0.283261998910314,7.27258665025278e-07,2.96603720305796e-06
"SPINLW1",85.4475986704204,-1.26449545757311,0.274275054922861,7.27929920736852e-07,2.968176777928e-06
"LOC100506930",693.536708842598,1.00621363041047,0.213451005119371,7.33758778715558e-07,2.99013719347324e-06
"ITGA2",11285.1422336768,1.08984301411465,0.231610660771288,7.34180255879429e-07,2.9912525280305e-06
"SLC4A3",373.771872607656,1.03638949557118,0.221343905347973,7.36325269384728e-07,2.99878466350428e-06
"LOC400891",233.789453331783,-1.19852735363872,0.259084992548639,7.43691588720814e-07,3.02756666277112e-06
"TAC4",57.0582734622869,1.01040571355623,0.215084015686428,7.44551614820147e-07,3.03045832205401e-06
"SPTB",2273.91958017584,1.27745640882281,0.276821679831111,7.5180075580552e-07,3.05750433961413e-06
"KCNN1",33.6181585033279,1.18921545318839,0.256693461627214,7.63528323063053e-07,3.10457548957799e-06
"KRT8P41",21.0021743571645,1.38569841310992,0.302464653279649,7.68084722819552e-07,3.12184796678525e-06
"CXCR1",749.591860799957,-1.76491422813753,0.3939268214833,7.73841819029475e-07,3.14209272998507e-06
"SNORD74",16.7246611899068,1.03124444393833,0.220505830487879,7.95431199640464e-07,3.22651761761977e-06
"LY6K",141.544141203998,2.20946176008298,0.50065332254132,8.00768837847552e-07,3.24491732670116e-06
"FAM167A",4004.39468745593,-1.23192572519027,0.268335546979588,8.05326011827796e-07,3.26142533121377e-06
"CENPK",344.584074558729,1.09365690447431,0.235143610935625,8.07812107966816e-07,3.27083914329992e-06
"SNORD77",18.8711675676033,1.15360735686775,0.248863535334078,8.12196025037896e-07,3.28727449365968e-06
"SYT8",785.610509573817,1.61121365418905,0.356994219915575,8.14413424657215e-07,3.29493146681725e-06
"LOC100129083",4.80559293241935,-1.96568906744563,0.442800092955331,8.14297456662684e-07,3.29493146681725e-06
"HSD52",5.79578410012448,-1.66824486983179,0.373475172494374,8.25706845380078e-07,3.33462335541464e-06
"MEGF11",1172.42102553879,1.96040271859467,0.44108377145448,8.39302384050535e-07,3.38615099772112e-06
"PCSK9",1812.49397275091,-1.23681574578175,0.269620605804198,8.41003037566717e-07,3.39166018796333e-06
"OIP5",162.997865830859,1.05218829249607,0.226112048995897,8.4200630662217e-07,3.39502981122298e-06
"C4B",2390.10638777592,1.14263542817198,0.246139582872442,8.46318663884903e-07,3.40967736792398e-06
"DLK1",107.213763609654,7.23464987439986,0.824370696690004,8.47307130618856e-07,3.41232463805338e-06
"PTPRN",46.0861460474073,1.82264943820331,0.40835050651414,8.47749488102323e-07,3.41274808844056e-06
"CKM",33.6418657860382,1.71491527069545,0.383041035777161,8.48396976260886e-07,3.41467552127592e-06
"C2orf82",24.3903562841898,1.26103578877249,0.275476846670261,8.69521331985963e-07,3.49552756320315e-06
"WFDC1",1423.56805050525,-1.0532179427505,0.227218265052618,8.76838194666847e-07,3.52284277456365e-06
"GSTA5",6.31196272857712,2.6252890391736,0.607776633132605,8.80439101566153e-07,3.53590632039692e-06
"CRB1",59.6224673465918,-1.11395979158145,0.241465346849616,8.87627875595708e-07,3.56265632162061e-06
"DLEC1",1071.95586488233,-1.0964959271661,0.237173440023008,8.98419691686499e-07,3.60382738395292e-06
"RHBDL3",130.901586016993,1.20454919525019,0.262321123445531,8.99761616135637e-07,3.60778028371661e-06
"KRT6C",8.36030399346189,4.07964180840129,0.954476473610848,9.01511945035795e-07,3.61336698603357e-06
"CSRNP1",17060.4661217148,-1.14129252261723,0.24901903321821,9.05067140609724e-07,3.62618052119585e-06
"TMEM151B",94.5103044877872,-1.39559451121135,0.309023247043596,9.2848856374926e-07,3.71120399266366e-06
"CCDC78",991.591660129697,-1.26576302013385,0.278265943135257,9.34658475730594e-07,3.73453171072501e-06
"OVCH2",150.914326659164,-1.2783602018407,0.280831312606379,9.37255763264232e-07,3.74402879499335e-06
"UGT1A10",19.3901253601862,6.50782350350707,1.19148894852587,9.55437529667026e-07,3.81440059920913e-06
"LOC389493",170.716282874227,1.86563219984908,0.42195255054412,9.57139322180551e-07,3.81968789831556e-06
"KRT75",21.4560209406087,5.576075595712,1.31991686167952,9.67009729659944e-07,3.85831735423752e-06
"ATP6V0A4",456.32852280399,1.61252448794097,0.360480973215577,9.74419475903821e-07,3.88405368486988e-06
"FBXL16",813.654561723233,1.0596644139508,0.229070431177379,9.78830660190568e-07,3.89933308264462e-06
"TMEM82",12.4263186434782,2.1191963259191,0.482914349890072,9.79659730858288e-07,3.90186788907961e-06
"CD27",1163.07953742151,1.21315547403196,0.265344186844957,9.94799641252585e-07,3.95983078438418e-06
"MST1P9",1765.85983690536,1.37514050953269,0.304361695732876,1.00098007811645e-06,3.98208289330878e-06
"CCL17",511.362406867945,1.68018897379237,0.377881309517746,1.00139348170722e-06,3.98294467738964e-06
"NCRNA00336",16.5177713983579,2.0750369480779,0.473837463315472,1.00876127412283e-06,4.00988549676361e-06
"PTGER3",384.19176217843,-1.01796250177821,0.22088484105073,1.01675268560621e-06,4.04085825826727e-06
"SLC18A3",14.5194988676541,9.46798842020526,2.15947031806364,1.02167289454278e-06,4.05881865720125e-06
"APOBEC1",6.52721644923562,6.06011988410332,1.36578614397513,1.05027600275934e-06,4.16264667551435e-06
"ADAMTS1",17411.3511558785,-1.23312561019263,0.273903612365255,1.05240216920957e-06,4.17025691209297e-06
"PADI2",1903.62899882289,1.12050149829967,0.243626575664306,1.07707299867561e-06,4.26551253496245e-06
"ALPK2",117.550328032337,1.64400526425858,0.370625811398738,1.09546537616835e-06,4.3341115478936e-06
"UBE2U",20.1537293584921,3.45097321181167,0.814674017630061,1.10752046953129e-06,4.37752818273439e-06
"CCL16",30.5037058180658,-1.05838519236489,0.230327124620904,1.11034347967114e-06,4.38617332503592e-06
"APOBEC4",309.137718984065,-1.4687736066071,0.329098884757277,1.13245781484223e-06,4.46562996887231e-06
"ITGA2B",182.612979739164,-1.03975209296655,0.227352660778797,1.15487879279127e-06,4.54695616512119e-06
"C18orf34",84.109280300668,-1.60672750236806,0.36291442330637,1.15694124932404e-06,4.55275057989981e-06
"FAM19A3",5.53983599050085,1.82255534758887,0.412545081466789,1.157890747526e-06,4.55527048020871e-06
"C20orf123",5.26006878996647,2.30019336254315,0.53306654479839,1.17444918538594e-06,4.61413547387359e-06
"SULT2B1",1059.07906664641,-1.0751617358797,0.235049701463009,1.17885369677504e-06,4.62964254490176e-06
"IL28B",3.92752862179934,3.07304207942697,0.72344049169954,1.18484617891791e-06,4.65137151037187e-06
"HEPHL1",70.710257962046,1.69405466208518,0.384208226906503,1.18467525042631e-06,4.65137151037187e-06
"LOC389332",9.72514016081845,2.05590804638206,0.472249167709268,1.18587639597659e-06,4.65451311440025e-06
"FAM81A",315.303977047615,1.13798616902446,0.24980879425593,1.18655691703829e-06,4.65628122484917e-06
"TSPAN10",114.171742094042,1.35145950039443,0.301258566434885,1.23108907548949e-06,4.81982088529646e-06
"UNC80",66.1113875562766,-1.05847169949006,0.231917726204198,1.23316811670817e-06,4.82615400619601e-06
"LOC643401",53.327910038706,1.22837990302294,0.272019372482266,1.23493173936748e-06,4.83112743265118e-06
"MEGF10",61.830429952152,1.15012533884217,0.25327353208673,1.25023684372258e-06,4.8881676557444e-06
"RP1",367.392543154702,-1.22186200494719,0.270971022107682,1.25758087230134e-06,4.91403367495201e-06
"C4orf22",122.419257826758,-1.50566460070519,0.339930250796953,1.2616200724336e-06,4.92696351266226e-06
"WDR49",365.854274248879,-1.17802522605159,0.260499485698023,1.26392007178781e-06,4.93499347474096e-06
"NDUFC2-KCTD14",1728.50652131399,1.0020365530369,0.218457598680913,1.26475214617028e-06,4.93633786938538e-06
"CYP7A1",10.1498437498767,-1.10203010976245,0.242447239401212,1.267246384323e-06,4.94511934935065e-06
"CACNA1G",130.12335804009,1.5044298537739,0.339666337148523,1.28280682395399e-06,5.0039107580753e-06
"SPATA19",1.96092206975445,-3.26582677385516,0.80871462069414,1.31731106934558e-06,5.12467679312395e-06
"DNAH10",2388.3271750173,-1.15112797682975,0.255336828421064,1.32945686948835e-06,5.16894669521971e-06
"PGBD5",941.676633517477,1.08202436343639,0.236997288503109,1.33773164165273e-06,5.20012025325389e-06
"C9orf117",699.881581886478,-1.08432746318739,0.24002765896371,1.34271782919391e-06,5.21850068754106e-06
"ATOH8",8117.7091871159,-1.2244331090783,0.273455309688228,1.34551369420706e-06,5.22836296495395e-06
"CLRN3",17.9681200783259,2.62517686234147,0.387576111778308,1.34844156512046e-06,5.23873430318678e-06
"KIF15",421.907435631608,1.13251639003665,0.249928611011153,1.39843190278675e-06,5.42357925738773e-06
"LRRC14B",9.64668715033137,2.08885085645453,0.485751420427483,1.41342816933246e-06,5.47859049702379e-06
"IL17REL",60.635948899303,1.55243035443551,0.352935556959025,1.42808543934557e-06,5.52905076086338e-06
"SMOC1",531.246397812681,3.12465181170069,0.371511148142167,1.43670242172467e-06,5.5602856057608e-06
"CRYGN",30.6447416575778,1.47511115410765,0.334392679308733,1.4404581901831e-06,5.57162511513397e-06
"BK250D10.8",5.10923021409213,2.49974808986062,0.594501321282234,1.44683862410864e-06,5.59400976364811e-06
"GYPA",3.9152919281199,-2.09761169245899,0.492897771059942,1.45775091783625e-06,5.62883180616627e-06
"WDR96",2058.04082805595,-1.29342755042537,0.29234441775863,1.49203614738826e-06,5.75353470361701e-06
"LOC149086",8.3716565232784,2.65177345560687,0.626245953508538,1.49395088057744e-06,5.75982090928915e-06
"LOC339685",13.8590335548605,1.39177873996861,0.314354105930747,1.49627840910862e-06,5.76769592054228e-06
"DUOX1",13738.3170929884,-1.13165372131661,0.254457069719912,1.50344410358422e-06,5.79421403287284e-06
"CLSTN2",659.603984556978,-1.0703180314503,0.237795700778364,1.51327598442733e-06,5.83099546940672e-06
"DKFZP434A062",14.1336061537934,-1.25532431826464,0.281806262127114,1.52478265653384e-06,5.87309719332091e-06
"FRMPD1",41.9863235501552,-1.33520852261866,0.301425678330099,1.52865063931131e-06,5.8868754928273e-06
"P2RX2",109.996073699707,-1.29946054103581,0.292406628640733,1.54381743111612e-06,5.93737575968484e-06
"PPBP",356.586304108617,-1.7226197564822,0.397241578987842,1.54494746485596e-06,5.94059301598586e-06
"TGM3",68.1980750374246,-1.46633614057845,0.333618033680088,1.54838275947346e-06,5.95154110036124e-06
"CXorf61",36.7932472554629,4.2343958325548,1.02731472512561,1.55844162523476e-06,5.98679387670845e-06
"MUC2",23.5293098243854,3.14674234948735,0.75581355469874,1.56187971475746e-06,5.99886286649064e-06
"CASC5",656.644330532574,1.30136761028645,0.292444153740148,1.56856274370197e-06,6.02224554159172e-06
"AK5",53.2627232333222,-1.08268359994288,0.240445769086223,1.64121139575683e-06,6.29042981660934e-06
"C12orf42",17.0027900221618,1.13708442454489,0.253015147197001,1.6819662290458e-06,6.43810106696596e-06
"MC2R",18.454272354649,1.40129815370676,0.317654983406937,1.68775128360887e-06,6.45902320505335e-06
"LY6G6D",5.34342114925973,-1.51041249186384,0.346276138190462,1.69009965885269e-06,6.46556552538978e-06
"CNDP1",22.526594739856,2.11525753656854,0.49744689852245,1.70647995635736e-06,6.52206586039073e-06
"DMP1",7.97529305500311,2.28156422095449,0.534603532255263,1.71580287330658e-06,6.55522196274039e-06
"ELAVL3",9.88503296995656,-1.34812513185868,0.305950689121537,1.71704038403578e-06,6.55871191041107e-06
"MS4A2",2455.42128476985,-1.09221482502779,0.244700120404749,1.72990498632513e-06,6.60660506192582e-06
"CACNG6",291.160941833832,-1.47764598359253,0.338449549085379,1.7376032313498e-06,6.63350188716545e-06
"ALOXE3",13.4773064296404,1.53686147557313,0.353010418088252,1.73732122948322e-06,6.63350188716545e-06
"FOXD3",18.3055196542288,2.28619034498524,0.540458425832872,1.74256216824593e-06,6.65117873797207e-06
"FAM101A",311.935652582441,1.77264435265896,0.411254044797096,1.74291520605926e-06,6.65127199959381e-06
"SLC25A48",6.14121920093916,3.29660375593194,0.788222598785823,1.76876946273165e-06,6.74230935878555e-06
"TBX15",290.496065737279,1.56436502712547,0.360112320162957,1.78496503551302e-06,6.79892308690611e-06
"ST6GAL2",488.24397324546,-1.06076095362719,0.236393411739691,1.79695617623196e-06,6.84202219020147e-06
"LOC644669",20.4816324521499,1.81866536108992,0.423915981322513,1.81866126643585e-06,6.92076004773981e-06
"SNTG2",31.6773238541725,-1.56156869133654,0.360015510253284,1.8263416386938e-06,6.94476443900078e-06
"GABRA2",18.7332029949288,-1.25962647277513,0.28492666537989,1.85753875401333e-06,7.05411668292378e-06
"SHISA8",20.0597229833228,1.62864952143721,0.377101851853632,1.89791509196769e-06,7.19934396111656e-06
"KIAA2022",509.130558816854,1.06092727962902,0.236018774609181,1.90418434665989e-06,7.22177166212155e-06
"C14orf166B",15.18299385396,-1.04369606819465,0.233269535766191,1.93687490240377e-06,7.33620649690371e-06
"GLYATL1",14.7283248791562,1.85535976904807,0.435458526967392,1.99290164030684e-06,7.53283325890772e-06
"TMEFF2",29.1430538823512,-1.15606375990079,0.261521377713678,2.00142324976166e-06,7.56080776379727e-06
"PIP4K2C",6088.1719526591,1.68639604740869,0.0869952301354986,2.0345117923053e-06,7.68007332861835e-06
"TLX1",2.65392907818764,4.63647413179041,1.13393734106782,2.07072766221742e-06,7.80950225655727e-06
"LOC100507240",29.8485516749797,-1.30560792943538,0.29870269093674,2.08897735708464e-06,7.87539405564353e-06
"PDE11A",122.609650596875,1.1901602565919,0.269688904439232,2.10360909554888e-06,7.92465134989853e-06
"AGBL2",391.618509772848,-1.07330294867332,0.241440502425258,2.13689326995032e-06,8.04404996783789e-06
"ARL9",27.9918824261685,1.32792031150208,0.304209648144069,2.14088757269343e-06,8.05758745981548e-06
"MYBPC1",31.8070693554808,1.87860117627009,0.443192376309154,2.16652668383422e-06,8.14953848866167e-06
"CDHR2",89.2709570360282,4.71807939192026,0.44871936127501,2.19451281320787e-06,8.24561608541685e-06
"LOC153910",5.12776396943914,3.99287539099729,0.976044567031878,2.22815963484241e-06,8.36427655208553e-06
"SLC38A11",45.0950609378778,1.14593572271064,0.259182192081786,2.23349594225004e-06,8.37964622188749e-06
"MIR223",74.4001942222706,-1.14164234600581,0.259212321701214,2.26844982894711e-06,8.49818489500619e-06
"LOC90246",490.810821103879,-1.08729278580556,0.245608385964001,2.27577104109873e-06,8.52403435286443e-06
"VNN3",287.888875663065,-1.30589524274253,0.300054435527215,2.29231120289833e-06,8.58122268501297e-06
"AZU1",167.311435765662,1.95666055921175,0.46535601806448,2.33765241035543e-06,8.73802815106264e-06
"HSD17B13",614.652458686816,-1.21139907379197,0.276766873699948,2.34451891105974e-06,8.7588422441418e-06
"NKAIN4",19.0663826516874,1.57381025360238,0.368046398360779,2.37265682311488e-06,8.85252474777297e-06
"MARCH10",328.673766550666,-1.15202160350171,0.262168500347342,2.38125204355658e-06,8.88131981087686e-06
"FSHR",7.30910501485467,-1.44924786121885,0.336816394896587,2.39873027406148e-06,8.94261768002122e-06
"LOC643542",5.42805574543422,-1.26851866068782,0.289677678060708,2.42788736818372e-06,9.03860000356937e-06
"ABCC13",61.7489992338232,-1.13615662292821,0.259290261280186,2.48066064423613e-06,9.22319105436875e-06
"HTA",10.1021662813346,-1.14174890784036,0.260148368165356,2.4827424939382e-06,9.22923614688764e-06
"C6orf97",2545.22996139166,-1.07440925820565,0.245106631491149,2.51216968017432e-06,9.32834828405951e-06
"LRRC10B",938.16488638187,-1.21990169636873,0.280437738367561,2.52537387784165e-06,9.37050277935708e-06
"C9orf24",1001.6292350801,-1.39969070793516,0.325515550654486,2.56240392386025e-06,9.49919740345337e-06
"KIF19",676.31691216739,-1.16605982296893,0.266679844432407,2.56861026197914e-06,9.52046151121037e-06
"DARC",4676.67496025952,-1.15782598341041,0.266883731687085,2.60466489731249e-06,9.64173778099892e-06
"SBSN",4.04293683705422,5.37824534603413,0.819659867410044,2.60896502575016e-06,9.65588975794642e-06
"OR5AK4P",12.3615601857966,-1.92405355321347,0.461886853973199,2.6852735098999e-06,9.91836151713209e-06
"LOC730755",4.53092509037042,3.22148204408981,0.788035059842235,2.68760820375974e-06,9.92517380994362e-06
"MDH1B",420.060846147817,-1.18811878911838,0.27281828218443,2.68881364675319e-06,9.92600346962088e-06
"BIRC7",187.42664529774,1.39175262396373,0.323797409615316,2.69137520690795e-06,9.93364798742228e-06
"MOGAT2",9.04026680869443,2.61909899950268,0.63984749868399,2.70503676924119e-06,9.97497708985443e-06
"TTC16",283.565655548656,-1.18269355480806,0.271640151447577,2.72004690516154e-06,1.00248487631782e-05
"C11orf85",25.7132008081872,1.77148296977637,0.421669060151322,2.7410889464772e-06,1.00987224910166e-05
"IRF4",2510.07534212174,1.3268127675274,0.306777868026059,2.75645889698969e-06,1.01535003701489e-05
"EMILIN3",83.8534715120102,-1.17331070789728,0.269598498986844,2.82827915762339e-06,1.03878059207866e-05
"WDR72",505.01162437144,1.67242935680413,0.396861632419342,2.84497453653383e-06,1.04377613909699e-05
"SLC35G1",419.459735919258,1.21541152273987,0.280187176945733,2.88637656481307e-06,1.05839036319531e-05
"LOC100130238",8.7142437542676,2.55853310766974,0.624872354599216,2.8932435047952e-06,1.06071620685672e-05
"SLC6A15",19.398802261604,-1.20948938025211,0.27864537136771,2.91874874729619e-06,1.0692921881271e-05
"NOS2",476.77136839964,-1.24277474149334,0.289612730127348,2.97060936064357e-06,1.08789766724781e-05
"CCDC164",838.136728229003,-1.33105681535125,0.311257030650505,2.97436386376857e-06,1.08907559635564e-05
"KRT40",54.8448918448179,1.6999347799157,0.404474383452643,2.98531332854689e-06,1.09268945900755e-05
"GPA33",790.739878837467,-1.31838165365166,0.307902759811181,2.99277135254301e-06,1.09522120677677e-05
"SLC34A1",6.18930258248313,1.59367293230345,0.378167803106924,3.00853973034517e-06,1.10059375893578e-05
"MYRIP",708.212524304598,-1.23520432288913,0.286887613484791,3.03372524241396e-06,1.10940619027463e-05
"C1orf194",607.21293794246,-1.46222116732924,0.34457080773572,3.05178599212556e-06,1.11580925337091e-05
"HSD17B2",619.858391685315,1.93984591310123,0.467064324713429,3.05578840369168e-06,1.11707085207013e-05
"CABP5",6.02816769841338,-1.9133556653742,0.461166465503151,3.08714042339876e-06,1.12751319326236e-05
"DMRTC2",11.5800544661133,3.82194061929211,0.960353097258483,3.09329228761534e-06,1.12935297968294e-05
"CHST9",1016.70845523174,-1.56579832944817,0.371930150288165,3.13651237274082e-06,1.1443069022467e-05
"C7orf45",6.84273021771539,-1.88805923498364,0.458903738342988,3.16884047033571e-06,1.15506032703161e-05
"ZDHHC8P1",242.881750522545,1.05749700015043,0.242009990108205,3.21939342031645e-06,1.17179899695424e-05
"TMEM35",401.705014005229,-1.05521619108165,0.241968174803177,3.24480741062734e-06,1.1798447150535e-05
"PCDHGA12",505.532797545874,-1.01248282495414,0.231730965704046,3.24975577118702e-06,1.18136326445037e-05
"FLJ41350",22.2983061324986,-1.22306822940927,0.284369411002232,3.26006447169566e-06,1.18468518799985e-05
"GNG4",225.135107165368,1.0001924953701,0.227487995546381,3.26274371496999e-06,1.18531413093392e-05
"HYDIN",3381.75136610383,-1.18627435147513,0.275583039235368,3.26987624687439e-06,1.18761107326367e-05
"LY6D",39.790503938792,3.27366404407319,0.819956739364536,3.31854526619287e-06,1.20442307213574e-05
"FAM83F",180.248073941944,1.48342421572029,0.350860434934892,3.33188567458672e-06,1.20904800895141e-05
"ALOX15",2159.79624806998,-1.58661617522494,0.378686177404894,3.35767206220295e-06,1.21796846256362e-05
"SEPT3",501.046535818293,1.0907121853158,0.250303002062928,3.36013433627033e-06,1.21864323777903e-05
"SCUBE2",3719.61627404761,1.35742338670704,0.31901575622346,3.41000812909983e-06,1.23518207840211e-05
"CFHR3",43.5078519750588,1.20822831289504,0.280939619856295,3.43574911056595e-06,1.24378109699537e-05
"LOC440040",4.8274144142271,4.03079369997359,1.01414193724682,3.47898159181366e-06,1.25813947471682e-05
"WISP1",1608.99347737238,1.09770214591696,0.252401614328017,3.50875035594399e-06,1.26867838432766e-05
"ZBBX",804.541250192281,-1.36341873899692,0.322668330549805,3.54760794360199e-06,1.28204128524277e-05
"TMED11P",16.9709792309022,1.5353816572291,0.36548269508485,3.55078319116786e-06,1.28295970318509e-05
"KRT6B",16.5454997992332,5.29860091641097,0.499972510035449,3.55389362619846e-06,1.28385437958028e-05
"NPBWR1",7.70326188770062,2.5808769197304,0.638565316165168,3.57523549645859e-06,1.29087302325755e-05
"ITGB8",4837.38316409603,1.37031520290742,0.320515080191077,3.68754406403075e-06,1.32928903651017e-05
"TNFRSF13B",207.511224744787,1.33961561371885,0.315512981357277,3.69772631374132e-06,1.33248492640979e-05
"SULT1C3",4.09679671671596,3.3723179671178,0.843674566135386,3.72569372750534e-06,1.34184638324619e-05
"ENKUR",913.607556282531,-1.29937152488188,0.307661236225513,3.75866825190405e-06,1.3530002505209e-05
"NPY5R",59.5886462415015,-1.38278032819053,0.327746504388711,3.77837331814792e-06,1.35960985480235e-05
"SRPX2",1484.02812452329,1.02110550189617,0.234537951346795,3.78251349172568e-06,1.36061588032734e-05
"GLDN",1985.63962221029,-1.10176455775539,0.25596619054463,3.78205144470359e-06,1.36061588032734e-05
"FRMPD2P1",35.7980973798985,-1.37328274509424,0.325412123015421,3.79504607534388e-06,1.36488144298215e-05
"ZNF812",157.381945370112,-1.16143402188126,0.271189323155925,3.87546824220531e-06,1.39157978872588e-05
"TMEM145",31.0049988099609,1.21686070636929,0.285134067037241,3.88708288280865e-06,1.39525526921316e-05
"GKN2",2596.41957426909,-1.53489371248969,0.369215186669798,3.96684685380475e-06,1.42237284619773e-05
"TMEM232",512.847384869211,-1.17689153399239,0.276688995035069,4.01915529163916e-06,1.43985349129324e-05
"WDR38",724.266262525016,-1.3751057138291,0.327362721494128,4.03241286298081e-06,1.44383634812656e-05
"FCN1",3798.67140312255,-1.10223851562998,0.25679438796488,4.06632291590739e-06,1.45494859715187e-05
"DLX5",53.0421991726358,3.06848048001824,0.373151942525428,4.07181634726102e-06,1.45659163368581e-05
"METTL11B",3.56291860916229,2.87670113672257,0.716484381062648,4.07235415988736e-06,1.45659163368581e-05
"LOC285000",4.8498557614304,-1.52695638347689,0.364849820742866,4.09185651088389e-06,1.4627917279548e-05
"C9orf171",415.055844212701,-1.37908154868588,0.328497171486271,4.12200091110267e-06,1.47278765122029e-05
"AK7",902.018780783552,-1.05706705289576,0.245560406579333,4.15398206285794e-06,1.48316724174118e-05
"C1orf110",210.022814830321,-1.72761519142415,0.420890445893503,4.22176046348048e-06,1.50710147339168e-05
"MUM1L1",491.026781425961,1.60832887479595,0.388773992125918,4.23079756655752e-06,1.51006125100848e-05
"EGR4",28.0199808872937,2.10572508602709,0.520593107968117,4.25653398730006e-06,1.51790881671847e-05
"RHCG",25.3640663598058,1.90589434329775,0.466531820863805,4.28498856690995e-06,1.52724869841212e-05
"KCNJ18",11.8248513696003,-1.30395793840309,0.309280817624271,4.32108459300457e-06,1.53902997091335e-05
"INMT-FAM188B",10.261607247486,-1.30036498508039,0.309666771571069,4.35127974760567e-06,1.5489668197553e-05
"TBX18",141.27998348493,1.72986411621553,0.421452230113916,4.38886422640117e-06,1.56179677930004e-05
"KIR2DL4",32.8382409001659,-1.6473678546768,0.250937110737565,4.5008088481413e-06,1.59686015591986e-05
"CA12",2546.54489302096,1.32167045944072,0.313633564070377,4.52953737585251e-06,1.60620823448897e-05
"ATP4B",13.7578249522602,1.23343079318347,0.291406675485953,4.56301480445439e-06,1.61694647508686e-05
"KRT16P3",345.224159896543,2.27649734384916,0.568607633435091,4.56541252378106e-06,1.61751295105641e-05
"YSK4",612.997075616576,-1.34444884687479,0.321375397291297,4.59742351413782e-06,1.62743003409695e-05
"HIST1H2BO",12.2716493492124,1.54980169437271,0.375099519496745,4.60848156147278e-06,1.63105919366621e-05
"CENPI",213.564648572533,1.08530409578197,0.254016437414382,4.609699682245e-06,1.63120509210352e-05
"SFTPA2",1008363.41200686,-1.36112282970924,0.3137701363232,4.62471195022957e-06,1.63565952445565e-05
"EPHX4",148.499078137221,1.24832091179557,0.295914460367805,4.64699995487522e-06,1.64239437902269e-05
"APOLD1",4110.18394372707,-1.05174377690713,0.246380971062686,4.73619826376399e-06,1.67158481354572e-05
"ANKRD7",12.2346217668096,1.38391615183933,0.331186774850768,4.7421517520356e-06,1.67310255556828e-05
"ANKRD30B",14.9405624284296,2.14488823407804,0.536481251038848,4.81411390835766e-06,1.69697673020687e-05
"MIR4423",3.30124088434664,-1.95723865419774,0.482049550758622,4.84646246237324e-06,1.70663268442757e-05
"IL17C",8.85180619662359,1.61106955837843,0.391676384789315,4.88615811536594e-06,1.71941457602785e-05
"COL9A3",191.183261857879,1.12746609314073,0.265351909537785,4.88920463036187e-06,1.72018757036598e-05
"KRT14",31.9394309024302,5.63457506320479,0.391306072916656,4.89829803048375e-06,1.72278801798474e-05
"ARSF",12.0856125121052,-1.08219872964785,0.254361778509371,4.92920017524254e-06,1.73335546815643e-05
"LTK",1270.41499020522,-1.22300352499179,0.29109962124676,5.03268204270957e-06,1.76820894335158e-05
"MAGEC3",8.30691820038443,2.40390191654649,0.605180482882589,5.04211962071616e-06,1.77121734194578e-05
"IL19",4.63305741587474,2.52815589843381,0.642186777056143,5.0824627809151e-06,1.78476976315931e-05
"SPINLW1-WFDC6",23.0325226573054,-1.72804935555918,0.42596601241468,5.09697804584016e-06,1.78924614335502e-05
"KRT16P2",543.473146772414,2.32172333736418,0.585122698876014,5.12286729907546e-06,1.79739915064286e-05
"WFDC12",42.8840814583419,-1.59385864036069,0.39085331969674,5.12789973944737e-06,1.79885300911879e-05
"KIF6",216.395503119775,-1.07546534315483,0.253463260216744,5.30402700802194e-06,1.85838342858529e-05
"HSD3B1",8.5279722822739,-1.42295665389808,0.343700177750792,5.31265374071722e-06,1.86076179902851e-05
"TEPP",218.250795267507,1.3938925742186,0.336346098116683,5.36895196774411e-06,1.87950461395899e-05
"THSD7B",412.296887041127,1.34077549719438,0.322552986559621,5.38311194640108e-06,1.88380997418921e-05
"NTM",3937.9717049855,-1.46789618921525,0.361045392222262,5.40051873863136e-06,1.8892481816218e-05
"ZNF300P1",323.873377149116,-1.05162681871546,0.247580409438151,5.41999856023256e-06,1.8957351107252e-05
"LOC645434",21.1438204021018,-1.18242744245233,0.281978822825973,5.44946936715599e-06,1.90505543109852e-05
"GDA",188.676350987874,2.06334970768799,0.516810982223216,5.4682018936423e-06,1.9109439663193e-05
"SOCS2",4582.16630688667,-1.06360172809539,0.251543097851635,5.51607449389774e-06,1.92700835055202e-05
"BCAS1",2519.45757783196,1.68190353926266,0.413746467714733,5.52922741094984e-06,1.93060362299527e-05
"PSD2",43.5480490183678,1.51748158909769,0.370434433054573,5.54754520876629e-06,1.93633148078356e-05
"ANGPTL3",8.2584287205149,1.1485565998213,0.272500634993302,5.56026297980808e-06,1.94043591334992e-05
"C1orf150",289.602140178235,-1.06012827444335,0.251159388355044,5.6103515492796e-06,1.95656660422068e-05
"WDR65",492.501017143968,-1.11221535407035,0.264179025787438,5.62199014125585e-06,1.95961257876976e-05
"PRG2",104.257499352942,1.18364817285742,0.282258583755967,5.63402718755706e-06,1.96347011541568e-05
"NPR1",6327.47819648519,-1.01779643739098,0.24186488528223,5.6633309975503e-06,1.97334279086617e-05
"AZGP1",11338.8488487592,2.32833252322897,0.587129327559492,5.71063976832239e-06,1.98743224811921e-05
"LPPR3",489.494702414369,-1.14797128515274,0.274093763651989,5.74309559328779e-06,1.99763884463674e-05
"CXorf22",144.453309033289,-1.27647677439438,0.307382888698535,5.7839792422407e-06,2.00915606387839e-05
"CCDC11",615.493013534919,-1.10511997959918,0.262576104830457,5.86687548489099e-06,2.03445993986086e-05
"DNAJC5G",13.0279917967877,1.70642909558201,0.423062337987674,5.90926443442356e-06,2.04845729435121e-05
"CXorf64",9.7606342471682,2.67336667264569,0.690395689787502,5.92913197043937e-06,2.05428894580047e-05
"PLP1",103.011561997342,-1.26268041581414,0.304265625558891,5.95114370758251e-06,2.06156254980622e-05
"TPO",27.001103194399,1.42740091552261,0.347952953809055,5.99684267974792e-06,2.0763272781522e-05
"C9orf153",5.68278272581997,-1.35862299526164,0.32901819513347,6.01465921723698e-06,2.08107208916399e-05
"KCNJ1",66.7032572666709,2.76346145481907,0.398263903390714,6.03502994967741e-06,2.08776347994224e-05
"GRIN3B",337.10661209434,-1.14391566361428,0.273149819976177,6.04076362385885e-06,2.08903291492443e-05
"HOXA10-HOXA9",40.609769518354,2.08853742371554,0.238455429613803,6.17482209350621e-06,2.13102427953383e-05
"CREG2",20.5551292596177,1.63405567243642,0.404858764950206,6.20609026513002e-06,2.14145027372139e-05
"BPIFA2",12.3419798710615,1.76363974943191,0.44173621429268,6.27503676125201e-06,2.16302825416386e-05
"A1CF",16.3742263427642,4.04306416245199,0.471238943166597,6.32920124196948e-06,2.17947196901504e-05
"CAPSL",650.191279960743,-1.36406130522955,0.332453639859479,6.33140463717548e-06,2.17985986155926e-05
"TRIM31",107.685868788084,2.15967005116738,0.32917499216241,6.43604996702525e-06,2.21325326847703e-05
"ZNF215",231.055080086471,1.09055037920076,0.26020356109162,6.51335914348804e-06,2.236798480206e-05
"B3GALT5",144.914577414606,2.27351580130274,0.58146537374528,6.68660773642874e-06,2.29162931244589e-05
"SNORD7",7.91779865165512,1.13385882513865,0.271648790149012,6.71164986754382e-06,2.29925848507335e-05
"LGALS8-AS1",42.8480724792213,1.01317759005551,0.240416369825755,6.80400589250169e-06,2.3287095581692e-05
"FLJ32224",35.5347233435729,1.21782479647146,0.294250475445875,6.85445816041345e-06,2.34478769012893e-05
"MUSK",214.604113689806,-1.18304296984305,0.28672802797141,7.11366213758599e-06,2.42935102626755e-05
"KRT24",33.0733650482509,4.2076567588845,0.835715443178704,7.13971391771299e-06,2.43660342958065e-05
"C1orf189",111.589944001389,-1.40002847171447,0.344563643080248,7.17287084507172e-06,2.44709386103315e-05
"HPSE2",470.36643387507,-1.24038656065485,0.301530341775888,7.19195042720933e-06,2.45318956179886e-05
"WNT7A",694.368417532017,-1.36110682198459,0.334651688943319,7.22853164227275e-06,2.46525204669322e-05
"LOC286467",98.8632814363226,1.08728292900986,0.261029333131614,7.29889806396827e-06,2.48673616752705e-05
"SCN1A",968.993485055938,-1.15575548274517,0.279955034460778,7.34225779904544e-06,2.49994855928028e-05
"HTR2C",17.5966192650383,3.82629027815406,1.02237250041927,7.44622930210438e-06,2.53139279986387e-05
"EGR1",61125.7285064428,-1.14755903907044,0.274261382096177,7.48082457662762e-06,2.54144629499026e-05
"DEFA4",8.44170053259348,-2.09996327574205,0.53753861240843,7.50542483690104e-06,2.54937580338503e-05
"C2orf71",136.141269408045,-1.51260829496365,0.376456101977911,7.52005315779203e-06,2.55348760219541e-05
"EPHA8",3.97893511868173,2.82132812725328,0.722614298396696,7.5961413613681e-06,2.57802644693916e-05
"CIB4",10.9817793036875,-1.26062206977678,0.307951397574875,7.67913374493852e-06,2.60270171016913e-05
"HIST1H4C",8.94963128763613,1.37588577172878,0.338640770661354,7.78061523243845e-06,2.63445019939422e-05
"CTNNA2",18.0965520110447,1.97016079684368,0.50324842338626,7.82636796837732e-06,2.64905541886163e-05
"PRODH",11828.509203579,1.40955960148223,0.347788223502224,7.8944638215693e-06,2.67076453639285e-05
"HOXC4",178.742798926478,1.22285628753009,0.298340819180427,7.9036972762658e-06,2.67344145335722e-05
"CACNG1",10.0448977100583,-1.25357415197072,0.305963270164301,8.00280054243691e-06,2.70515507313737e-05
"CHI3L1",9460.42357270842,1.24441599025996,0.30191720708832,8.04985398627447e-06,2.71969778895312e-05
"XAGE1D",4.36175614213114,5.99057305365402,1.55527973115625,8.07285439822178e-06,2.72655841605885e-05
"LOC440910",17.3418920586082,2.10214539752445,0.540749337819907,8.09865846248019e-06,2.73436106653981e-05
"OR5AK2",4.63858195713546,-2.53245755327353,0.659078081819928,8.2208769460044e-06,2.77238870816519e-05
"ZNF114",219.487752605358,1.04878772623794,0.252309638784503,8.37292508710168e-06,2.82037571456191e-05
"LOC285626",9.02399919546028,1.05398856756082,0.253710755943068,8.40168109744792e-06,2.82910891536194e-05
"OR2S2",3.08068049317907,-2.10451088509547,0.540036910860506,8.42248826456735e-06,2.83518351842853e-05
"C1orf158",225.189434459417,-1.37564001866646,0.341722460419583,8.63705297327721e-06,2.90161973829218e-05
"RSPH4A",1434.78676380613,-1.14143060233903,0.280158297343023,8.87243179424794e-06,2.97427777322578e-05
"TP63",1342.10968962572,1.32727052158567,0.327553798866693,8.88659705656324e-06,2.97853305219236e-05
"UNC13C",25.8935185122051,1.28658534162409,0.31774111328435,8.90494102777059e-06,2.983693284938e-05
"M1",12.1715759788796,-1.65300525598227,0.419639127042386,8.93457875761073e-06,2.99213780001322e-05
"PHGR1",12.3305023832776,2.07156750935689,0.534234102281682,8.99924825147027e-06,3.01080634476049e-05
"PLA2G10",902.79338386664,1.08146723557823,0.261431591985396,9.05120782765678e-06,3.02668920600695e-05
"PLA2G12B",423.47138892881,1.4324245753661,0.357253033254479,9.09954841127436e-06,3.04034267732922e-05
"ENTPD2",183.430727289166,1.13110173263436,0.275678315111692,9.15018458442051e-06,3.05524391575809e-05
"VWDE",283.027973052681,1.52341182734966,0.383167245902404,9.18340917338223e-06,3.06463085477027e-05
"ARNTL2",882.626957501143,1.21888290057588,0.299611827646813,9.20639110412316e-06,3.07046568361438e-05
"PLA2G4E",232.813030613772,2.48058611727246,0.308347389389736,9.20913116445448e-06,3.07087354035788e-05
"F2RL2",384.691251645582,1.198135805491,0.294263864780907,9.2630749187966e-06,3.08682745194867e-05
"CCBP2",702.445593749243,1.2016866213884,0.295670654083076,9.48043240217793e-06,3.1540669338015e-05
"NOL4",47.507173413128,1.18715118665706,0.291958325864896,9.66364242117806e-06,3.2123794752351e-05
"CXCL2",9069.5229672121,-1.25600729013587,0.315395782785202,1.00367386102861e-05,3.32493659919477e-05
"TMEM61",221.952915159773,1.02021004933342,0.247475445694479,1.0176603983306e-05,3.36961624776865e-05
"LOC146336",349.24866786345,1.28628180520203,0.188958170039667,1.04090983052327e-05,3.44265618948065e-05
"ANKUB1",268.470808352558,-1.50604579095823,0.382215328416291,1.04853943463787e-05,3.46619086991754e-05
"CXCL13",2210.60448879622,2.16569569012465,0.564972174157536,1.0520584342359e-05,3.47612059539159e-05
"PAX5",255.035652443599,1.44156803569089,0.363853723240515,1.05351339005087e-05,3.4803598054545e-05
"LOC283547",256.612966020457,-1.05817607631991,0.259585871308199,1.0544644314136e-05,3.48293318476546e-05
"UROC1",14.4411258533128,1.563631107594,0.397650283428011,1.05753041023313e-05,3.49192056011888e-05
"C8ORFK29",14.7322022176258,1.32273787836633,0.330668963364969,1.08551425359139e-05,3.57731911542549e-05
"AGXT2",7.95662658686177,2.50503243493667,0.669652354481086,1.09761369312703e-05,3.61425065277116e-05
"ZNF474",276.154431304136,-1.13601885194016,0.280495124683564,1.10414379211435e-05,3.63279819508883e-05
"CR2",1134.32848037076,1.91824773516537,0.498815012520244,1.10974908635629e-05,3.65005382790667e-05
"LOC100130673",5.53495111386896,2.60403894938883,0.694151892251145,1.12788504021878e-05,3.70548954700021e-05
"HIST1H2BF",14.8430675354778,1.70283118011663,0.43904089736496,1.12818209936738e-05,3.70586398463082e-05
"PTX4",7.76830506634706,-1.14121540226138,0.281621028422012,1.12838887956184e-05,3.70594179964485e-05
"CYP21A2",38.8456807563841,1.24001769128893,0.30934639880311,1.1309217281795e-05,3.7136578033876e-05
"BFSP2",25.8205971924955,1.259939915124,0.314887137124672,1.13208196059482e-05,3.71686471442006e-05
"RBMXL2",8.30966770123771,-1.26050545334781,0.315457348175989,1.13414470243761e-05,3.72303323419391e-05
"GDF2",13.4408911118995,-2.44678198695975,0.661751248387981,1.13881432444456e-05,3.737149925597e-05
"NPTX2",149.466223748465,4.71651011496852,0.247882902635957,1.15052479059361e-05,3.77374368601609e-05
"HIST1H3G",11.8079050282767,2.61545240138808,0.698642736355083,1.16191719464062e-05,3.80864225695882e-05
"C1QL1",26.5286468410533,1.35506423549662,0.341544217013914,1.16475499026506e-05,3.8167080715485e-05
"ANK1",353.373402853432,1.12878813118231,0.27849404542129,1.16519705942633e-05,3.81753863383756e-05
"SCN5A",65.2765732052234,1.27062154989646,0.31846732504736,1.17016734891674e-05,3.83258208890352e-05
"LOC100506757",9.25729856270451,1.79735471244735,0.46551750097065,1.18970933494255e-05,3.89092044733756e-05
"RASSF10",966.657003959861,1.1657228924772,0.289652975096799,1.1932601405784e-05,3.90190282802059e-05
"LOC100129027",3.35820183255871,1.66535594346485,0.428575540089573,1.19951214623165e-05,3.91981358603081e-05
"SLC7A11",1428.19279711145,1.18501080072235,0.294224314861142,1.2088271537583e-05,3.94706733654166e-05
"CLEC6A",107.526496624992,-1.49849765009147,0.383423067146363,1.21591365109392e-05,3.96956584061161e-05
"FAM183A",661.7647843162,-1.23789410870177,0.310384403506834,1.2245185392561e-05,3.99636887344126e-05
"TRIM17",245.59361870078,1.02097907115275,0.250956535419263,1.23953219054596e-05,4.04210908149522e-05
"HIST1H2BM",2.52213348958797,2.22669237139734,0.591221073895283,1.24626982167948e-05,4.06277137391116e-05
"ALOX12B",41.5738010331379,1.03836319295464,0.255695115836255,1.26387849451641e-05,4.11619704062858e-05
"SNORA71C",13.249046508073,1.00266017823909,0.245216400103353,1.26730670666717e-05,4.12470735643194e-05
"ELOVL6",1204.16233186286,1.22987509747205,0.307436107417679,1.27083420042725e-05,4.13552332007203e-05
"LOC149773",13.4798058418318,1.88153087702621,0.492886073367342,1.28008216028991e-05,4.16294071440041e-05
"OPRD1",4.35635403828075,3.14934283250843,0.853151545394274,1.28912271358008e-05,4.19032163892315e-05
"RSPH1",1709.33327360218,-1.07296618361732,0.265726736807751,1.29019137030731e-05,4.19312195349875e-05
"ZNF695",108.193168406011,1.05718568685172,0.261070992192746,1.29189183205904e-05,4.19797440563606e-05
"FAM27A",70.647472731156,1.09226581817372,0.270744594457478,1.30436965215661e-05,4.23526927116802e-05
"SPATA4",106.457709760981,-1.36915526454048,0.348648482400877,1.30817915292588e-05,4.2461280042291e-05
"RUNDC3B",206.047135216518,-1.09159573996024,0.271636028881533,1.33051946731604e-05,4.3124170597188e-05
"RLBP1",5.49222606034755,-1.27417279712593,0.320436474397999,1.33170130452478e-05,4.31555653296285e-05
"BTG4",23.3420155991592,-1.40371765882041,0.359072943821162,1.35084926062274e-05,4.37550646251638e-05
"CCDC162P",22.2310972474034,1.84798370287231,0.486223580109171,1.35201514592518e-05,4.37858217098746e-05
"MIR4768",8.16367805662748,2.48169542560539,0.673339959222134,1.35512198381113e-05,4.38723993511212e-05
"RERGL",191.56071478782,-1.37096345442492,0.350761996679602,1.40054554131151e-05,4.52416889589632e-05
"FAM72B",56.8719843231747,1.09796578709743,0.273594546482801,1.41052688340771e-05,4.55277860740799e-05
"HIST1H2BC",291.12184731839,1.10677739493958,0.275858931188449,1.42309674824776e-05,4.59042251494548e-05
"FAM90A1",119.154470267903,1.01950863570483,0.253000845972366,1.45008079073121e-05,4.67150808295247e-05
"UGT1A8",17.9756865041242,5.27208175510967,1.52907461163744,1.47932459219092e-05,4.76041479658766e-05
"LOC100131320",12.5780597016153,-1.08314086778153,0.270556403547095,1.48002895454313e-05,4.76116752525549e-05
"MMP10",128.556981625137,2.98962159011879,0.425446432726099,1.51224098932674e-05,4.85861426427978e-05
"FNDC1",1867.10990768059,1.18507537355179,0.299181157697176,1.53305137934869e-05,4.92313072654243e-05
"OPRK1",100.210151533304,1.45679330122553,0.376885892408833,1.53476324291794e-05,4.92784625632965e-05
"LOC643201",56.1227545016813,1.36162234943649,0.350076420828071,1.53512654703137e-05,4.92823099737701e-05
"TSPAN8",6709.57364025118,1.31797152999058,0.336941244187058,1.55424171640913e-05,4.98564288143222e-05
"TMEM229A",21.3279834106368,1.67895606643524,0.440560500510771,1.5652390022235e-05,5.01853360430949e-05
"UPK1A",19.3985847214762,2.76079033658409,0.476559641975098,1.58201111443246e-05,5.06829486660771e-05
"MAEL",25.0458813059373,2.32946715654723,0.325466706264132,1.59931904432533e-05,5.12212290762483e-05
"PNMA5",17.8835545671892,1.60828424058398,0.420904701704841,1.60781319662752e-05,5.14851240514756e-05
"MIR593",4.14913593706417,1.60815021984501,0.417938094065627,1.64915549448488e-05,5.26839589076205e-05
"TUBB4Q",15.0361689031756,1.14451715719,0.290113304071807,1.66741713601223e-05,5.32085610121764e-05
"C4orf7",260.515271951778,2.00070469307899,0.538860312522447,1.71523244932051e-05,5.46138430182421e-05
"FMO6P",49.9651041908325,-1.10475748508853,0.279477814473158,1.71839366473169e-05,5.46972891458314e-05
"MIR34B",4.20695391829204,-2.77490434616394,0.765964628908472,1.73012444220277e-05,5.50533702792426e-05
"HIST1H4E",34.2787827757012,1.43876806479494,0.374243887033208,1.73648994954431e-05,5.52125244560577e-05
"MIR3193",3.59770346256171,-1.87110089683143,0.499678219179559,1.74107576329598e-05,5.53496380161362e-05
"OR51E1",20.2611693562915,1.7824547570788,0.474727190643344,1.74326873615435e-05,5.54106508927454e-05
"ZNF280A",9.47930628548626,4.20490978167889,1.20242121562634,1.74958598244535e-05,5.55852611374609e-05
"RBM20",264.245245593197,-1.01605044656614,0.255932568837754,1.77510755486758e-05,5.63165392132833e-05
"FLJ42418",27.8500442695827,-1.20018219651819,0.307274213794902,1.78475813322677e-05,5.66049661150784e-05
"MAGEC2",18.4599387914334,6.2263361444404,1.92257244115482,1.78743709407308e-05,5.66721713990183e-05
"BAMBI",2304.72843727623,1.05525648457188,0.265975004020849,1.81349763235675e-05,5.74085166977369e-05
"HOXD3",58.4473503986816,1.28968737888583,0.332993604363935,1.86647288010656e-05,5.90116800472305e-05
"NRK",311.865390353214,1.23986743846206,0.31905315790034,1.87858565932414e-05,5.93760967057774e-05
"ZNF560",7.5074940493274,2.12745170184545,0.419686862994752,1.9169206739177e-05,6.0502715360624e-05
"OOEP",25.9677756728166,1.66255106702035,0.443180395121759,1.93138007500623e-05,6.09210910054561e-05
"TSPAN19",368.614575172044,-1.55023536056008,0.411018949527443,1.95245686778952e-05,6.15571331167098e-05
"HOXC12",43.6159672937276,6.83880592208835,2.1525283750032,1.98321364575178e-05,6.2468452231033e-05
"FSIP2",310.985369639534,1.62399081858122,0.431809249864833,1.98508672274404e-05,6.25177226623031e-05
"SLC17A8",47.3437283091397,1.54299453983059,0.409267789877056,1.98817842928993e-05,6.25956129837571e-05
"POTEF",54.2963275980866,1.42373688257729,0.373709582355124,1.99524469498958e-05,6.27985505695602e-05
"CLRN2",1.94498085724888,-2.35436274580215,0.665287036874586,2.00688710689336e-05,6.31551646931412e-05
"UGT1A6",76.3933723325469,3.79115329410618,0.511521910307557,2.04633962122146e-05,6.42867612496409e-05
"WFDC6",41.6286193897616,-1.6571534679868,0.444609940775461,2.0687871540422e-05,6.49415644928165e-05
"TERC",8.67752949091949,1.10396729186101,0.281551363971058,2.07124303349013e-05,6.49984964974785e-05
"GUCA1A",7.70305911387516,2.4801105405204,0.689107645000676,2.07324318109126e-05,6.50410961383574e-05
"LOC285733",3.86364803836765,-1.38182979178473,0.360651024433466,2.0748966183516e-05,6.50828799814889e-05
"AVPR1B",5.99336799844714,1.88218367308786,0.508847403802591,2.08168417099675e-05,6.52613140310669e-05
"SLC30A2",40.4347814099546,2.86367731987221,0.35637574704481,2.14934018271014e-05,6.72122362401617e-05
"ZDHHC22",6.41622261937647,-1.58807827054729,0.423213620626171,2.14942347306243e-05,6.72122362401617e-05
"TNNT1",453.143946952453,1.79378286607366,0.485648460177623,2.180547112125e-05,6.80907961995096e-05
"DEFA1B",71.8490902478494,-1.81532033626459,0.493986607451401,2.18047596097498e-05,6.80907961995096e-05
"GRIK2",111.778827268261,1.3741346387178,0.361610995622077,2.18752319107187e-05,6.82875646367763e-05
"ZBTB8B",19.018375781019,1.56527443005586,0.418304769683565,2.20878056640032e-05,6.89298912187927e-05
"CTSL1P8",9.008566201359,-1.40560005334022,0.372107411469261,2.21270637782867e-05,6.90204804956542e-05
"NXF2B",4.94126543028773,-1.89061975263812,0.515755033231439,2.21675922856996e-05,6.91158510116173e-05
"TSHB",4.97865250781473,-1.46061397333275,0.386726121351464,2.2167882257172e-05,6.91158510116173e-05
"OR10G2",3.76958947672902,2.8442336301388,0.787361290318418,2.28635116072319e-05,7.11531885673401e-05
"HIST1H2BE",10.6360893406534,1.19143058221026,0.309321316320202,2.32198066002136e-05,7.21752298012145e-05
"PCP4L1",1172.07912108304,1.17909756249142,0.30496289080454,2.37399356523236e-05,7.36880904061772e-05
"C17orf110",400.29858643485,1.03376826867981,0.26356025862598,2.38363425244883e-05,7.39533122376101e-05
"EPB42",6.75607241041266,-1.52943482226096,0.4088907525099,2.42696953563636e-05,7.51825686728124e-05
"CCDC42B",660.639919822845,-1.13898012030826,0.295282705452869,2.43160921727765e-05,7.53032468894078e-05
"AHNAK2",11262.7002357601,1.24555201781734,0.324491717105967,2.44412653073432e-05,7.56445949672681e-05
"SLC22A11",5.46905983913493,2.10405974989967,0.585267750145784,2.45216265366925e-05,7.58817065783816e-05
"CYP2A7",27.4419918001629,-1.29034316583639,0.33911000715753,2.45975875255442e-05,7.60750009104544e-05
"LOC100128554",6.26967430305008,4.20411099010645,1.23867660723481,2.49440938518097e-05,7.7047673379289e-05
"GATA4",33.1465810318479,3.26859043422284,0.60984891574437,2.50771576308452e-05,7.741143016714e-05
"KRT39",22.9102780268694,1.35314671524986,0.358393363443027,2.53805667429014e-05,7.8264480719541e-05
"POU4F1",15.0548399788441,1.75149427192352,0.477268862190715,2.58146063026e-05,7.94939063092844e-05
"IGSF1",81.0133122730223,1.20019058845253,0.313733996421958,2.59094985793914e-05,7.97497203080083e-05
"DPRX",2.28257401018319,-2.50594164620974,0.698422593162578,2.5989341089661e-05,7.99468469598522e-05
"TAS2R38",4.80388075203888,5.27467633148345,1.48419498122629,2.6338023532199e-05,8.09579247251692e-05
"CCDC33",311.240654463201,-1.3484664937144,0.359002741248861,2.64886222302047e-05,8.13590595692827e-05
"HIST3H2A",188.570285708128,1.05113248406597,0.270734314355683,2.66059655869508e-05,8.16946828649077e-05
"C10orf108",142.718422682981,1.15497813301965,0.301620085212316,2.74721742707959e-05,8.42138845093413e-05
"KCNV1",7.99153783334555,1.96520462179233,0.543883031148179,2.75111001526522e-05,8.43204388536998e-05
"TRIM9",155.831218660609,3.23471930953215,0.319560439385993,2.80356430542204e-05,8.57722870405796e-05
"ZDHHC19",32.7037127209797,-1.0228712527007,0.264391771530502,2.83773178109375e-05,8.67782580164958e-05
"C10orf92",204.471299427613,-1.35620660449813,0.362954445045699,2.84074779731537e-05,8.68573658088525e-05
"AKR7L",43.9868666042581,2.94031884977728,0.288728846052859,2.87711001289823e-05,8.79027679563368e-05
"OR5K2",12.1231731106713,-1.01774363751962,0.26416489132524,2.91012321840307e-05,8.88577523965856e-05
"FOXE3",3.57803011544675,1.63261175540827,0.441448930399152,2.92380417099926e-05,8.92351028727322e-05
"TMEM190",730.132324220557,-1.29726586155636,0.346805705980083,2.93268856506345e-05,8.94792723024559e-05
"SDCBP2",1297.24049680376,1.2363914864912,0.326589163386886,2.94157232044292e-05,8.9709756423211e-05
"FAM133A",61.3575425726864,1.73804125337322,0.480057053492551,2.96854506265081e-05,9.04641984539523e-05
"SPACA3",10.0643096477569,1.4199284580852,0.383772687664582,3.03498686789465e-05,9.23360426770713e-05
"PWRN1",7.88839117641,-1.46560360779741,0.396320891854616,3.05800587636703e-05,9.29944365137394e-05
"EDDM3B",2.50875849940604,2.23402951199696,0.631544816271496,3.06597393288635e-05,9.32087389239299e-05
"AQP7P3",21.7034597128878,1.35003378253079,0.362491634239345,3.08471724578366e-05,9.373631852861e-05
"COL6A5",2917.19033974759,-1.05468093209326,0.275893016424748,3.08945681576142e-05,9.38521618007308e-05
"DDX53",2.49268874391787,6.26442673324434,1.21639303459603,3.09275721512795e-05,9.39383235165138e-05
"MGC2889",4.39760726623923,1.77419444350562,0.488838069630182,3.10017514963977e-05,9.41495051820833e-05
"GTSF1L",3.2224970360799,2.08378885249502,0.588119757263253,3.13942937037587e-05,9.52130504731466e-05
"LRRC15",1681.49702913704,1.33753220829648,0.35840212591643,3.15009875229554e-05,9.54937080203893e-05
"GUCY1B2",199.857065685467,1.66751156629638,0.461482019803154,3.24953608208286e-05,9.83607893486454e-05
"DIO1",139.085894922523,2.40506873273397,0.351748048093476,3.26554439862481e-05,9.88010226794689e-05
"IGF2",373.243792616663,1.418222204735,0.383907994447373,3.26546040642715e-05,9.88010226794689e-05
"C6orf118",454.528697659462,-1.26586944648068,0.33956835647309,3.32776855287645e-05,0.000100638522753283
"FAM171A2",422.055574572332,1.09602929956685,0.288627236789535,3.34135880170142e-05,0.000101004246572937
"TRIM49L2",3.54330226143653,3.1770145506762,0.942859882537952,3.36741146427316e-05,0.000101761384664606
"C17orf104",102.39046746477,1.07477320239724,0.28233844261662,3.37242968745931e-05,0.00010189781953107
"CNGA3",69.7660184384718,1.38765816126719,0.377005508705144,3.50319344441266e-05,0.000105533767686198
"HAS3",7719.17070962219,1.07489782299674,0.279864829063189,3.53921366147622e-05,0.000106552740596256
"PHYHIPL",42.7535184097047,1.18301982598175,0.315844096044805,3.64583365568199e-05,0.00010937500967046
"SHISA3",2449.92814558333,1.42466666739242,0.389896535954646,3.68556789826297e-05,0.000110485159698964
"ECEL1",201.998586540556,1.65909769452897,0.464123350704249,3.75240348644854e-05,0.000112388870922174
"SLC22A25",3.83948252141874,-2.10754786407796,0.596081331085995,3.78217953848937e-05,0.000113230433424883
"MAGED4",5.66783101418297,1.71752333134238,0.484099491102884,3.96992947474781e-05,0.000118500726291654
"PACSIN1",157.655773741695,1.00999939935216,0.265734720428912,4.00014177555103e-05,0.000119332158701442
"C2orf72",514.297513497414,1.38081898496203,0.37929747491808,4.01868441812265e-05,0.000119797041689574
"VCX",4.74953032107408,2.36616469351169,0.692027252020083,4.04676878676647e-05,0.000120598714683363
"FTCD",15.2295776056838,1.60859448360017,0.450183319497928,4.12356663444094e-05,0.000122688684768072
"NAPSA",179970.067289272,1.06211923637056,0.287654174542087,4.21277886414879e-05,0.000125140676532486
"EYA2",993.653591692827,1.11462613833627,0.298215637286425,4.25845251390132e-05,0.00012633055449784
"LOC440905",174.961561447867,1.25677284924866,0.342197914425334,4.3099679170916e-05,0.000127746464504102
"C2orf77",256.335299706336,-1.00844169911524,0.268526898831321,4.33879618075393e-05,0.000128563275500864
"LOC284998",2.85188620506268,-2.24929400218138,0.658189266900705,4.34072347775344e-05,0.000128601557250011
"STMN2",109.63122915415,1.31900107726764,0.362322651942149,4.36602876649128e-05,0.000129294496360717
"OVCH1",395.852995241104,-1.34398767919226,0.370711713782207,4.39757409938869e-05,0.000130133475651647
"TMEM132C",338.13374446724,-1.28562038877741,0.353264220966042,4.41050803111759e-05,0.00013047806643942
"LOC100506783",22.3117277622501,1.69273885019604,0.47886955075472,4.42180518831194e-05,0.000130754943486665
"MYCNOS",5.5433774446755,2.23982022226935,0.652443247662463,4.49844971099294e-05,0.000132794583051338
"LOC285205",10.4910584441197,-1.41083688619326,0.392555257751528,4.50216652452703e-05,0.000132878904378757
"MIR200B",8.86773670921705,1.13974272796616,0.307894839167491,4.5445277307411e-05,0.000134011925696286
"MORN5",325.901498188243,-1.2724902587824,0.349546679528595,4.57771604440123e-05,0.000134931630194736
"IFNG",115.714841483652,-1.27080175218355,0.348718419359317,4.61028201539933e-05,0.000135792663378489
"SIM2",253.122259788489,2.0754229751049,0.285403985062505,4.64325700504092e-05,0.00013672412720255
"BHMT2",723.087346176814,1.08540425740657,0.290884133309269,4.74886071804335e-05,0.00013959002293627
"MT1H",25.5283993476103,1.58257552830587,0.446949776729496,4.76503519318547e-05,0.000140009250047645
"HIST1H2AH",7.65546576223491,1.18949455517968,0.32347293009127,4.77918439535859e-05,0.000140399813274968
"FAM123A",18.9956449726687,-2.2040635687686,0.649843091479072,4.80792357768721e-05,0.000141141669522794
"LOC440419",6.97841954302791,1.00319479215181,0.266550027287743,4.81150379708268e-05,0.000141226288220346
"SIAH3",41.0313318265471,-1.03463909611665,0.278221294799635,4.96244980948911e-05,0.000145340683828489
"HELT",11.8712758792357,-1.82648297644969,0.53115711874101,5.13728983904608e-05,0.000150135552457597
"HIST1H2BJ",56.5573756569699,1.0834293528078,0.292824164964321,5.14519382684446e-05,0.000150329540278027
"LOC100507391",3.57142021141277,2.07922666817198,0.6039644581132,5.15269433908559e-05,0.000150498825566279
"TMEM72",11.5875766030924,2.0982502193777,0.353453562200921,5.1616421534273e-05,0.000150738419892544
"HSD11B2",711.676057238358,1.03897498281987,0.278699248437823,5.18359387473391e-05,0.000151357650921075
"SLC22A8",4.37468715514485,-1.81565605143649,0.525210498031869,5.2557985146435e-05,0.000153289074545964
"MAGEE2",51.8745425944467,1.22250395071538,0.337460126148238,5.43529687664509e-05,0.000158023332490912
"SLC6A11",26.4573249100407,1.57966855442171,0.451649076058779,5.49568783355323e-05,0.000159664443001221
"IRS4",24.5429030387785,-1.32150817050524,0.368699476545329,5.57118502128115e-05,0.000161695377137585
"INSC",150.977440894632,-1.31664942264304,0.368901554832891,5.59339793460319e-05,0.00016227027030859
"GAL",11.0701315003469,1.72721950823303,0.50240198378348,5.6110446088897e-05,0.000162758890697243
"C18orf63",31.838771197392,-1.21673956325237,0.337194518776839,5.65332430476798e-05,0.000163891345248938
"GJB3",292.107931363333,1.47909007250924,0.420983217894538,5.89001056617595e-05,0.000170338196699482
"HIST1H1A",3.21258837292628,1.85151537114525,0.53920377283904,5.8984367725625e-05,0.000170533150569115
"C4orf6",7.43727880437842,1.41608178830805,0.399750794821633,5.89776348005519e-05,0.000170533150569115
"LOC100216001",13.3042134597861,2.04569790769134,0.607879789803211,5.90655240905006e-05,0.000170670274534736
"POM121L2",11.8998525863049,2.31683674572444,0.699216916880387,5.91925666985755e-05,0.000170964147052778
"ATP6V0CP3",11.4040935199822,-1.06694826302485,0.291035174299119,5.93403454740662e-05,0.0001713665191526
"SLC16A9",934.738976131254,1.1939807173858,0.32987349355999,5.97850929110637e-05,0.000172527810894331
"KIF5A",76.2022106396352,1.13557155213956,0.313068950677268,6.01043503321712e-05,0.000173350264330789
"TRIM71",156.807793344197,-1.09104781056973,0.299431509220344,6.05982949566348e-05,0.000174675318743555
"IL1A",288.878606324181,-1.06157940323394,0.290661308270023,6.15998702475189e-05,0.000177259450338361
"SCARNA21",11.0539484929398,1.0420495628109,0.284368264259061,6.16405977754563e-05,0.00017735143419659
"MYH16",13.9024903175008,1.1736131815167,0.323750960161289,6.21769848497327e-05,0.000178742273873518
"SYT14",6.49634267936689,4.24280693347809,0.658431242174513,6.2228511581296e-05,0.000178864996154077
"ANTXRL",11.4699675147875,1.24874699116096,0.350096348111271,6.27689291468173e-05,0.000180367106027929
"EPHA5",33.1169742079166,-1.22406342047489,0.342262170377074,6.31926539643963e-05,0.000181481627255015
"IQUB",345.830252298415,-1.00912226365297,0.2750177674846,6.34592099240599e-05,0.00018222128927123
"C21orf128",108.398438865772,-1.25825824793171,0.353388333699385,6.3935597470648e-05,0.000183563181333814
"HMGCS2",774.844056027205,-1.50281813233511,0.433324060945167,6.42225134523306e-05,0.000184334641915573
"PP12613",9.94920901221491,2.03318223040827,0.608240226459348,6.49219372014062e-05,0.000186183753314489
"FAM135B",35.6607437241888,1.35202011237997,0.383450168087145,6.51074195190814e-05,0.000186662787320925
"LHX2",10.7907689112213,5.2454685835164,0.411271490275815,6.6888742792167e-05,0.000191471509384281
"C6orf127",4.62736106333506,5.98759491814374,1.21150698106851,6.72567653648691e-05,0.000192416139611352
"NR1I2",44.2125221205148,1.54024775860112,0.285530858713859,6.73670456608035e-05,0.000192649953549071
"LOC100302650",307.471203601344,-1.03388813659094,0.28403651407028,6.78365310214033e-05,0.000193855601355954
"CYP4F3",155.278682293221,-1.34640578440213,0.384644948834994,7.0245480772119e-05,0.00020015624764519
"IQCF6",2.26185093056805,2.17350257554268,0.648289994535541,7.06091517250943e-05,0.000201040911530122
"LCNL1",25.4461611278149,-1.08889865792279,0.301666110975246,7.096413302859e-05,0.000201994799132568
"LOC284749",51.3053807265692,1.06829660157871,0.295333145312761,7.10676221949701e-05,0.000202232495550174
"LOC100526771",4.41823497576267,1.50858351272519,0.43560735155526,7.11504966639635e-05,0.000202439865473051
"NMUR2",27.6066842673859,-1.36055451066452,0.388957655625657,7.14339476144739e-05,0.000203184530718072
"TRIM53P",2.14746354570484,3.00419693118225,0.924898899007817,7.14517737023881e-05,0.000203184530718072
"UCP1",4.75617636318406,-1.38898033933272,0.400628028676096,7.1578494935142e-05,0.000203485999435703
"FAM69C",10.6871722088301,1.87017216867096,0.55718922763022,7.23985501348066e-05,0.000205759485155661
"RTDR1",126.456368665934,-1.06759843904739,0.296005635410094,7.26499653814161e-05,0.000206416051275301
"PCDH8",29.1523797215341,4.84649990023991,0.820000170718439,7.46238400913865e-05,0.000211638103865736
"LOC285796",9.86175497429049,-1.17243575034932,0.330726306737502,7.54738533515414e-05,0.000213689504222765
"C9orf84",90.0343911680116,1.02493221293273,0.283500688783849,7.55366901471624e-05,0.000213837502834785
"C6orf165",667.295146544362,-1.00308714061601,0.276994224829468,7.70288205703917e-05,0.000217635449073883
"PLG",12.3159116572973,-1.06132460761314,0.295122587206407,7.82119582123837e-05,0.000220670232252141
"HTR2B",465.338183157129,2.13085429787721,0.352591690827993,7.82309972811593e-05,0.000220693186894487
"PRLR",1637.7066908777,1.25622245520094,0.356424702317622,7.83416457595921e-05,0.000220912963474492
"WNT8B",23.0104194553745,1.07421722147526,0.299060498332603,7.86442548198537e-05,0.000221673633450586
"GDPD4",13.580042700879,1.04453492272553,0.289153027936391,7.89710953474845e-05,0.000222532916737914
"MOGAT1",20.24063291042,-1.31411727711457,0.379319897848449,7.94935844665544e-05,0.000223911723237897
"KLRC4-KLRK1",6.87317909707209,-1.51542118981528,0.441151082213105,8.04076330227706e-05,0.00022617160922928
"FLJ36000",11.4163884315106,-1.12785290020494,0.316229633855294,8.08890444959968e-05,0.000227367747485553
"PLCXD3",1311.25965699784,-1.09132582529321,0.306280490283598,8.09730308348623e-05,0.000227572218429388
"AGTR2",1728.67983411939,-1.43007762514659,0.417089816009055,8.10853322382345e-05,0.000227856200171332
"GEMC1",30.2225354433091,-1.54099513946111,0.455202565091239,8.25098235564042e-05,0.000231573634216226
"PTTG3P",5.58113113137864,1.56234659884921,0.460207486921133,8.29327061904563e-05,0.000232659862231604
"ITIH5L",21.2893180613157,1.78397307884364,0.537143225543286,8.3307279607317e-05,0.000233678304674571
"SLC6A7",19.9130294097187,1.00040903480553,0.277043797257149,8.43191295775892e-05,0.000236418271475271
"LRRC66",34.0391045506255,1.81914684044405,0.142641267589969,8.47388511809193e-05,0.000237529301586067
"OTOR",5.23799867197405,8.9812925358618,1.03933109990526,8.54835800824037e-05,0.000239417897391439
"MAT1A",200.076858440766,1.24310555425347,0.355286151732398,8.55054349647651e-05,0.000239445975252049
"MAGEA5",2.44685939013538,2.74997581095608,0.850316174731357,8.62323357376841e-05,0.000241281270067247
"PABPN1L",3.13020604020139,-1.3721151640353,0.395007160056052,8.64420337708228e-05,0.000241744781242306
"CYP2C9",45.4123003659601,2.97038059082569,0.414094805187503,8.64233170259908e-05,0.000241744781242306
"RIMS2",48.542122271246,1.59545060310874,0.474211747862412,8.65576337564458e-05,0.0002420162204252
"NKX6-3",3.90519133641219,1.95352427094394,0.595109733854008,8.68337080433513e-05,0.000242695537766566
"LOC340017",1.73468207287889,2.76282808108599,0.854095396051166,8.76371495229099e-05,0.000244738347612199
"BMP15",3.15479369111522,-1.7129970745305,0.514131929723984,8.83428555355864e-05,0.000246607052668019
"RAET1L",7.98075815056709,1.64576613050255,0.491149056903663,8.97580615410717e-05,0.00025031591673365
"IL22RA1",308.855422544484,1.22015579286983,0.350009160008533,8.99032016717154e-05,0.000250622463379501
"FAM180B",19.9077874745377,-1.09728005888867,0.310024875349291,9.02129504202824e-05,0.000251373733287745
"PAPOLB",5.32927135060017,-1.43093026474048,0.421677548732625,9.08133841066557e-05,0.000252875733622619
"MGAT5B",227.120271656426,-1.09939308097249,0.31121604670417,9.10895119548658e-05,0.000253505130135905
"TBX10",5.7297560044038,1.7454364010792,0.520545673105246,9.11571254127091e-05,0.000253623556766824
"GREB1L",130.513522837253,1.3630345527585,0.397654010327979,9.24219615191488e-05,0.000256824948257701
"ARPP21",6.11593183627255,-1.33874769614234,0.391549803089623,9.54911490649253e-05,0.000264735837313129
"HIST1H2AL",7.0393469360372,1.84624272390381,0.565110086262314,9.56260169186375e-05,0.000265037136580876
"CXorf30",139.906272803182,-1.09991793694238,0.312794228928956,9.67592618458875e-05,0.000267701506153992
"SOX8",150.459172186994,1.17937478761072,0.338829263354872,9.7596485382563e-05,0.000269761009977643
"BBOX1",97.2408671336717,1.28492330144277,0.373599914034169,9.79351731989473e-05,0.000270585017843283
"FABP7",5.2900913287556,3.60501796479221,0.754681849374953,9.85794607352835e-05,0.000272179356805739
"HIST1H3B",5.50330643086659,1.88628419502148,0.580332930647127,9.91525745609185e-05,0.000273553768618705
"MT1JP",30.0304193800472,-1.23049987885071,0.357993661142937,0.000101778646229385,0.000280133475432279
"SLC10A2",122.247277586188,3.40102394522324,0.806085042281426,0.000102636832919977,0.000282341959110256
"GCGR",7.22744273393838,1.99434310127793,0.626068136043635,0.000102700455256002,0.00028247858606288
"PRSS57",19.5307239474349,-1.25523706819571,0.366373336647705,0.000103024461583507,0.000283331267243445
"FBN2",701.577244234673,1.54198979262427,0.463716749349934,0.000107721672522266,0.000295326340718297
"GRID2",30.2579633171068,-1.54099967244053,0.466829506353495,0.00010854717615374,0.000297468642367703
"MS4A3",17.5121599657231,-1.36474252717467,0.406909082095367,0.000109714480066753,0.000300464184958888
"MIR548G",5.606875223299,-1.24267109342191,0.363607938298388,0.000110089342140579,0.000301327704431028
"INHA",21.252776637361,1.07164441508039,0.307106571591229,0.000112516589794271,0.000307638564639449
"MS4A8B",1911.55040092222,-1.10393539061365,0.320456740119389,0.000112596722817686,0.000307816081382062
"MS4A1",1922.27720963705,1.1933290589107,0.346152296665052,0.000113795819071942,0.000311010150396323
"TEX19",3.78112690384603,1.76515206754524,0.547628064151446,0.000113878044703682,0.000311192858491594
"ADRB3",37.9527720358505,1.24196883162502,0.364105429484225,0.000114941311855921,0.000313928902074712
"KCNQ2",7.32796662749723,2.64493871752626,0.860860029650432,0.000115118457243102,0.000314370303974314
"C1QL4",2.90909239510214,2.04037165343531,0.629998539608181,0.000116124873513768,0.000317033121768569
"TAGLN3",28.9589379952653,-1.10219000463798,0.318643310419412,0.000118093263978919,0.000322059519832566
"GFAP",20.0012672441293,1.18464031711423,0.346047102705723,0.00011861640644598,0.000323355512844861
"CELF3",35.4153909575905,1.1223760098877,0.325025923238859,0.000119749073943392,0.000326091888293853
"EFCAB1",1399.93352672802,-1.11356687678232,0.323880961868837,0.000123125922750041,0.000334747052032718
"SFTPA1",885969.432842063,-1.11976341434468,0.326947839322965,0.00012869531006283,0.000348645743248017
"HIST2H2AB",6.37878596966883,1.23845151443629,0.365265864942897,0.000129350527609201,0.000350165043378072
"CHRNA1",174.75390692784,1.32333414399414,0.395508742379401,0.000131493001562963,0.000355252248349697
"CA3",1466.67078306821,-1.08465804658558,0.31757217386567,0.000136254996263859,0.000367039842876867
"EREG",757.577101228277,1.51866830625731,0.467336075300846,0.000143372598974601,0.000384932322038056
"IL4I1",1287.02811637796,1.03097160398867,0.297962545871526,0.000144099849003353,0.000386679708826312
"DMRT1",2.64831768113082,2.3770865221775,0.780241639974494,0.000145580969719256,0.000390498861395104
"FLJ42969",10.5580214894365,1.39727158794356,0.426784657724239,0.000149081845484107,0.000399201697902343
"VWA3A",697.764236937961,-1.06326621767858,0.312111203362728,0.000150622374027666,0.000403006936245074
"SH2D5",14.1520953548583,1.2577495105868,0.37811304235038,0.000152288482710583,0.000407167268720711
"SERPINA10",10.0461235845588,-1.11824281416694,0.332146226229687,0.000157215673095393,0.00041964953700697
"LRRTM1",33.4380815753984,3.59308712227134,0.496365739438908,0.000157599510019649,0.000420618628996271
"FAM55D",22.7924421772432,1.14468534953558,0.340270855932198,0.000160811465641388,0.000428513016857206
"MAGEA10",5.99864432511733,6.3538636782402,1.57287271093572,0.000161809704882004,0.000431002794646222
"HIST1H2AD",8.63255354130804,1.76236278366858,0.563357269829847,0.000162433806362469,0.000432437547623666
"FLJ16779",16.1598715263233,1.28889031825144,0.390713378016679,0.000162805932525943,0.000433371236225356
"PCDHA8",24.0042184041151,1.11452693972608,0.331686294064015,0.000170462497716135,0.000452502480822595
"TULP1",17.9851172886153,1.17416198472465,0.353643279448217,0.000178781448908731,0.000472972854183979
"METTL21C",10.8274321529377,-1.22377432382061,0.372512362575562,0.000182178895604142,0.000481206188949947
"CYP19A1",46.5679365851941,1.0512969149426,0.312333911481396,0.000184444469880563,0.000486302007926597
"RMST",22.9664024573399,-1.25235904432352,0.38432374828526,0.00018728759051534,0.000493027457357392
"CH25H",1597.22446475267,1.07621342953377,0.320424439439177,0.000188154662730742,0.000495052453962426
"KCNG1",34.008375645665,3.10071018168466,0.29028557858223,0.00019068429099627,0.000501382272545532
"CRTAC1",10764.5029225344,-1.00208422779635,0.302672772770542,0.000191809578955721,0.000504144615977503
"CRYBA2",1.63191804601744,2.55576471712209,0.86816856612911,0.000191976892348968,0.000504518862378015
"CXorf59",68.3020706293513,-1.04329085621331,0.311042166211508,0.000192446046106577,0.000505686150752073
"DCDC1",43.1727273578283,-1.0268905755669,0.305974459519583,0.000194094770041477,0.00050942326768796
"GJB5",98.111199902394,1.49263630614453,0.472920951888302,0.000195772754791034,0.000513494405821604
"PHEX",473.117480889368,-1.04189121059392,0.31123607108706,0.000195845054863819,0.000513617485812201
"NLGN4X",365.721438357156,-1.08238536404683,0.326294353477061,0.000198086751399132,0.000518488805776521
"MUC16",7215.70234541864,1.91296396494089,0.632109877331001,0.000200924331921635,0.000525236911071395
"OR5E1P",5.88904197217808,-1.21679290702289,0.374987011566599,0.000201209102850865,0.000525845506882421
"WNT6",36.5330095945311,1.20510758113183,0.369292531586324,0.000202541533399162,0.00052919106460984
"AHSP",3.89606347233676,-1.58237407982093,0.507090918926173,0.000203185192084711,0.000530598822472796
"NCRNA00162",69.553984406956,-1.36422574612966,0.428618467356945,0.000207012789587677,0.000539828120850833
"MIR941-1",9.80672044019722,1.19336812733567,0.365374688773715,0.000210495396439385,0.000548344571342291
"INHBC",10.3989776349038,1.41761764065541,0.449893022377642,0.000213067874978852,0.000554475039527764
"LECT1",58.5567584972435,7.71445469052016,0.523589398576484,0.000213903301184386,0.000556577544578115
"CFHR4",2.7168327630363,1.85372575977776,0.608705763979954,0.000217093969773957,0.000564009631907928
"GGNBP1",7.4110410472299,1.19971589302176,0.371864772227308,0.000223697984061448,0.000580198730828777
"RPTN",1.36277890163133,7.61295551986308,0.932650827110069,0.000229276658470701,0.000593754969819019
"COL11A2",327.622795689178,1.22655737410465,0.381431510327857,0.000234410253232636,0.000606118796075854
"SERPINA9",43.2043755597836,-1.21037083140592,0.376252316031822,0.000234672180842665,0.00060656360776866
"NEFH",247.486220392988,1.05354302467877,0.318999809966436,0.000236161805898575,0.00061002438912622
"LOC642587",207.992930688626,1.35387846300378,0.429808990272746,0.000239081085162242,0.000617250031220528
"GSC",17.3828784448619,1.31360536060247,0.414288092465785,0.000239511101272069,0.000618124440829938
"MIR596",2.76484070452242,-1.65689134595754,0.54762692861231,0.000239511387255037,0.000618124440829938
"TUBB4",135.804024273675,1.052411159016,0.319874495771418,0.000240867549514046,0.000621465910734711
"AHSG",1.88850664268703,4.00463573247803,1.30136221286652,0.000245187226154372,0.000631403898802881
"DLX2",3.53246290234309,5.03869976997016,0.753685762163579,0.000245160800444598,0.000631403898802881
"MMP27",1.96679074200473,-2.01296680755388,0.708913656189781,0.000250419233448306,0.000644221619754342
"CCDC154",94.738808801645,1.24708610092368,0.209775285412289,0.000250536434619022,0.000644277470858039
"NPY",13.4665436528028,2.37557843261468,0.836321176169815,0.000250493808055709,0.000644277470858039
"CSTL1",5.79222927538356,2.46380796084772,0.868760240258005,0.000252956344948926,0.000650004999125455
"SCARNA9L",11.9375211777231,1.04272554834573,0.317986121366141,0.000253074355321433,0.000650225695108038
"LGALS7B",10.044994389345,3.71356806252104,0.426139427621598,0.000255707663799969,0.000656491479322067
"AFP",2.6238672746473,3.9350347243192,0.749712236413887,0.00025642594216349,0.000658168589314126
"MIR765",5.88297517530489,-1.09285166895728,0.335600554152668,0.000259112801235977,0.00066464354452128
"MIR202",1.78473991401144,-2.60952855268724,0.937152818780407,0.000259516801318731,0.000665511158683953
"DDX43",383.099959354304,1.09699002793798,0.338848560021119,0.000264832464093257,0.000678455120328012
"CGB5",2.17233745966525,3.46948853814225,0.696346866937814,0.000268293481146088,0.000686539614649554
"SLCO6A1",7.81677936244219,3.66970307513536,1.39154871145528,0.000270520230314895,0.00069153826494112
"HGC6.3",41.4154416273781,1.44456935907373,0.470130245498279,0.000271783791446551,0.000694417536312753
"UNQ6975",15.7515052231222,1.08932142065528,0.336373708863354,0.000274761832448707,0.000701318316594486
"KLRC2",78.7252373340856,-1.07935178341951,0.334907882407142,0.000280063171507123,0.000713769661857928
"KRT4",2219.96398029706,-1.12508365949995,0.352962152623779,0.00028631047944089,0.000727858630289257
"PCDHA7",69.602287272474,1.19208260795788,0.376353476278938,0.000291763706427071,0.000740327088102085
"LOC554202",36.2262938159729,1.56959305983908,0.52328228186709,0.000293377804336893,0.000744049635081199
"LGALS9B",124.430726146379,1.01753507102982,0.312649097308059,0.000294610655543346,0.000746708524774965
"OR2B6",4.63383079436897,2.19088135717502,0.777817887144718,0.000305169955596412,0.000771349169885144
"MIR4750",3.94066403273339,1.43652648116205,0.468197231774236,0.000305585710982433,0.000772204791010664
"TFAP2B",76.6261613158321,1.87052871384183,0.648354628348847,0.00031201298260432,0.000787266863736481
"LOC339535",96.764066507619,1.48558332284743,0.49370505837554,0.000315500086353235,0.000795272384542445
"CCDC37",381.486427193639,-1.04365519288318,0.326223680443638,0.000316445429975015,0.000797456666848143
"JPH3",74.3535257198646,2.14408780214907,0.33757312528691,0.000327274449841997,0.000821983141736177
"WIF1",13789.8482887747,-1.18263351378943,0.388946203131558,0.000328224483941417,0.000823960285186434
"CNGB3",15.4149853737449,1.48321976132057,0.494477051090038,0.000331828769428173,0.000831923303742791
"LOC100505841",7.33232591566177,-1.258331003306,0.408397176708016,0.000331848661351677,0.000831923303742791
"AQP10",33.4540561041457,-1.02838989165886,0.321589559164126,0.000335559800898565,0.000840498197003817
"CLDN18",63991.9728357077,-1.14708464035389,0.374939822670294,0.000336470356696037,0.000842674646112904
"HIST1H2BL",10.9695162744098,1.02302843759553,0.319120724265835,0.000337059093113959,0.000844044674467356
"IGDCC3",19.074167575084,1.41097748649923,0.467274230165112,0.000341165978465625,0.000853378716030984
"SEPT12",2.41889547094412,2.35004460890185,0.850572494017304,0.000342047468290276,0.000855266560304321
"CTXN3",6.56625182321238,-2.05003071538851,0.752739147694078,0.000343518029555394,0.000858625393458968
"NIM1",254.830109223026,-1.05164767688478,0.331042296630962,0.000346283225117048,0.000865109696321176
"BMP7",893.14025152539,1.556433249349,0.241948361996781,0.00034768232458896,0.000868225840948596
"PRSS56",2.05211791846532,3.26326161049164,1.13414303810562,0.000354370916146931,0.000883461228443161
"LOC729609",4.88344827979958,1.12201723899978,0.356570513371438,0.00035670335357423,0.000889057084065508
"OR6N1",1.97601149624564,-2.12858408763622,0.768574904002449,0.000357533182747862,0.000890686664861474
"CCDC141",1036.80664685483,-1.0819417790735,0.343794960024656,0.000361473130623328,0.000899616087169162
"SIX3",33.2348840743805,2.24079532198053,0.503643628177546,0.000363231007176012,0.000903768754302355
"SALL3",5.15153602599904,6.90536581138896,0.899837114128987,0.000368363828140926,0.00091586442026784
"KCNA1",45.7602157162223,-1.39587346367526,0.467112562076424,0.00037046852420177,0.000920493916670643
"LCN6",77.9780651133986,-1.18541745059452,0.384054182884562,0.000370638357463626,0.000920614921269022
"IGSF5",21.1352300226608,1.06769866388557,0.338568943817047,0.000377391481558688,0.000936010412722634
"MIR554",3.80839028723645,1.14454687567578,0.364748093440524,0.000381670343177139,0.000946043278991975
"OIT3",168.672427190661,1.0157390340023,0.320713265788981,0.000382491675394081,0.0009479630221197
"SPINK6",13.793514058214,1.39038681170898,0.465609324640454,0.00038287201840355,0.000948789486349935
"NPAS4",15.2386560984869,-1.00215261011694,0.317800069707022,0.000402220086963624,0.000994301023477126
"DGCR10",13.5347026049989,1.191996606528,0.38978008186376,0.000404685232928612,0.000999296547481767
"DAZL",6.86835511910192,1.81931053281831,0.645576158561133,0.000409452464041766,0.00101020567097384
"SPATA22",5.64933725831388,-1.39553554545246,0.470095110213378,0.000412273572974079,0.00101648061391607
"MIR429",13.2791069279961,1.11878525483058,0.361184650334354,0.000412297111815173,0.00101648061391607
"HIST1H3E",58.8224573264421,1.16264710820857,0.379005931746817,0.000413202393091006,0.00101846439826535
"VSX1",3.75189879017671,1.45227745156676,0.492807311142307,0.000413373148744967,0.00101863719305416
"G6PC2",8.40071331691679,-1.59490923625927,0.557898966077142,0.00042039837623864,0.00103456334753147
"NKX1-2",1.85561289490249,5.01468413425198,1.55365087546668,0.000420665289054594,0.00103509434910698
"GAL3ST2",20.2215744209053,1.42357954826835,0.484471957898995,0.000423672973023494,0.00104186182079559
"SOX3",2.09411108072442,3.1557092684699,1.17025449917539,0.000426135378627597,0.00104702672964326
"LIPN",75.177132582014,-1.08883752964734,0.352428548038621,0.00042675284897854,0.00104816216674853
"FAM75C2",3.68274647913315,1.54839256361489,0.530620188796966,0.00043267469708485,0.00106154770226599
"CECR3",7.80864691554127,1.39744636784504,0.476893724371052,0.00043306030486316,0.00106223626160146
"WNT9B",25.3096407472185,-1.35758801088514,0.458736664741508,0.000434551633436599,0.00106550691852092
"SOX1",9.35145531584681,2.33608611879175,0.883011354304814,0.000435325288084032,0.00106714535014035
"GABRG2",13.8643575924886,2.98592112344576,1.18967921505156,0.000438188845183696,0.00107312527711593
"KRT33B",2.67054852864944,2.88014266836574,1.10906299286904,0.000446452906692557,0.00109164692973714
"C7orf16",27.6113728919048,-1.18479518563569,0.391458603952908,0.000451715113618888,0.00110371385982133
"CASP14",6.14631514914974,3.32726448044059,0.697245244058677,0.000452281716863956,0.00110469955131717
"BDKRB1",56.2249970289982,1.09874662451381,0.357479699112581,0.000454775350308445,0.00111038695604261
"OR52N2",6.60393742506184,2.67884318231884,0.561333999558208,0.000455351584163325,0.0011116598015981
"C14orf86",32.0876404374303,-1.22314863202297,0.408288474303468,0.000465769357692877,0.00113503943764285
"LHX1",9.98212223253143,5.8971958838049,0.918413659878669,0.000484114950903295,0.00117550032644357
"TRIML1",2.36242847534169,-1.86694652024661,0.675907327039171,0.00049048209466091,0.0011893911678485
"AZGP1P1",19.9024359393251,1.45772692906385,0.507102100781806,0.000497783358840578,0.00120594051062742
"CXCL11",1249.47470402366,-1.14236673035696,0.380364947341419,0.00050574269591279,0.00122405092765405
"NKX3-2",15.3418441927704,1.09131384039159,0.359023280388869,0.000524098517341377,0.00126514944418686
"CCDC27",15.2559784838704,1.03840309396411,0.338438155307506,0.000527095066120069,0.00127207955566189
"KLF14",8.99062872683639,-1.07367291511361,0.352015749636737,0.000537452184552372,0.00129553050702924
"HEATR7B2",17.6302675894948,1.75662787604464,0.326762204536425,0.000539578025700634,0.00130003556936157
"MRGPRE",26.453467493709,1.2585667521875,0.428923024080032,0.000540684956550546,0.00130239250333686
"VCX3B",2.74029135692145,1.96464091846487,0.742388456174166,0.000542252214913727,0.00130585688067445
"CELA3A",6.27362348059434,-1.78322339623533,0.653619771930066,0.0005449439284874,0.0013118708440192
"PNCK",51.8659099075472,1.26291006571109,0.430909033747213,0.000545908943540335,0.00131372523198192
"ADAMTS19",46.0259159233981,1.69253357667907,0.616721608800926,0.000553667371996637,0.00133065557784183
"HOXB13-AS1",5.13817522625007,5.6788099514601,1.57785831387499,0.000553657227508713,0.00133065557784183
"KRT79",47.8213297035018,-1.04685213068008,0.345409819456783,0.000563793580695378,0.00135338542064221
"SHOX2",53.9102695898834,1.27101012844881,0.435724230019816,0.000572614606331186,0.00137325737520729
"PTPRZ1",1001.20459026264,1.13574786145625,0.38008171388025,0.000584444054663139,0.00139930590376586
"SYCE1",44.3508469512522,-1.07644747857284,0.359329527684773,0.000596612484504655,0.00142607856623273
"CCKBR",9.28672758222018,1.31682658717272,0.460012230054696,0.000602845256442354,0.00143944683681133
"GLP1R",175.622858232222,1.37853868878663,0.484915676024464,0.000604854000144803,0.00144356205835762
"MIR4427",4.44117957387391,1.1727976124219,0.398735714149454,0.000608336338230737,0.00145101765521192
"ALX1",11.075632691093,1.76123071541323,0.656796019676123,0.000613215400452852,0.00146196618616798
"SNORA74A",3.36443781728394,1.25078948023849,0.431123222787165,0.000614552477039085,0.00146463636968658
"SLCO1B1",3.62179393071971,2.62552867383405,1.06857611257814,0.000623418850842502,0.00148454364234154
"C6orf15",3.62061039111744,6.54928238532025,1.20415210482262,0.000623878769062663,0.00148546408241352
"LTF",7250.68272103938,1.18202458372647,0.397693455984891,0.000633645636758942,0.0015060616878391
"C4orf51",4.46192952338005,-1.20513616890503,0.415884435472512,0.000644094056194101,0.00152892081522514
"HIST1H4J",3.83485939274025,1.19046092980085,0.409737830719026,0.000644359072628936,0.00152919122864138
"PTCHD2",31.8078444109837,1.74704427067518,0.293881119047494,0.000647408569766565,0.00153552810647352
"LOC641515",2.89847941786054,1.52801898888385,0.546266997005522,0.000650040918105374,0.00154122973215074
"S100G",2.61115183017401,1.67050479072036,0.612822890631848,0.000657902299020469,0.00155804380887719
"CXorf1",6.15283315471234,-1.42366327139183,0.514398694428885,0.000660389815596381,0.00156375178491885
"KLK5",512.883744528306,-1.95321751199772,0.7613404819738,0.000672733861201384,0.00159037679100411
"HOXA11",10.6599580035896,2.14751013624661,0.850319515150688,0.000674590882665806,0.00159458064417127
"MGC34034",2.72719735659034,-1.41951935851785,0.506540740626614,0.000721143356922697,0.0016964972905012
"HIST1H3F",3.34911668735548,2.23640873491961,0.908738900747742,0.000747393191171096,0.00175193811030621
"RFPL4B",1.56725551905964,4.63574976425322,0.822322706454877,0.000755173402462029,0.00176935580961152
"ELAVL2",29.293872833964,1.22695027824312,0.431739601177452,0.00075637441797271,0.00177175958733777
"CYP2A13",54.7241482814671,-1.2108348963283,0.42677127056335,0.000769785065647342,0.00180025644295411
"LOC392364",33.7508581119136,-1.07516863623357,0.368625522444509,0.000783985428720492,0.00182966090888176
"ERVV-2",7.23972170535468,2.12358892864524,0.861184328219028,0.00079153995282058,0.0018453766626401
"LRFN2",11.56588020548,1.15573527249042,0.405054000352076,0.000817947943515358,0.00190256082793546
"RNASE10",3.14400796400976,1.75973657281212,0.678978247260076,0.000819171130572696,0.00190474932267914
"SPINT4",3.17824363245161,1.52151809846207,0.562957896087485,0.000819945287043303,0.00190633041064134
"NLRP11",11.2817363556059,1.06271557339573,0.366410039938457,0.000822485174610457,0.00191135733860967
"TUBAL3",22.8679157479744,1.13274867458083,0.397245312639281,0.00084592449360366,0.00196199812937226
"LOC285889",18.7215846364132,-1.0392481227207,0.357905183535396,0.000856592971284857,0.0019846953218609
"MGC16075",13.3955190355833,2.39321271275344,0.432324153299398,0.000875318964496614,0.00202460646330431
"APOA5",14.6700537109476,-1.1261153431812,0.397174041754358,0.000882973971470726,0.00204114620335073
"PRG4",5885.74158568588,-1.04880353058578,0.369597595474956,0.000895689413846738,0.00206747056969687
"MIR3622B",2.86100924907661,-1.5573061131812,0.589664410596907,0.000899573365531143,0.00207572554625124
"LIPF",2.69165097854839,2.53741217203855,1.09122703506242,0.000900479505701315,0.00207734279403924
"ALLC",5.13058600517583,-2.21195151791906,0.93469023944815,0.000924986124815717,0.00213023599412845
"TRPA1",54.7145786512777,1.09769253886584,0.385898814916334,0.000925540567759083,0.00213122710439346
"AKR1C2",2334.692715083,1.10938423050482,0.390349982089783,0.000971443741258426,0.00222909243150266
"LOC152024",2.91976149646241,-1.15258987392419,0.411208010060276,0.000987222140490062,0.00226147016353583
"C3orf24",1.47934711360067,2.78526582614353,1.20392373505441,0.000992064332332399,0.00227179252751896
"SLC6A19",5.31158213486893,6.15410007864323,1.25074285689472,0.00100225914108179,0.00229228556775555
"MT1A",165.33489602794,-1.09385143657502,0.388735647113238,0.00100784468958475,0.00230375882121795
"CNTN2",38.5331553600734,1.01748203317994,0.354952610889395,0.00101450984790509,0.00231768553402337
"SLC17A4",1.71582266416918,2.40840197936554,1.18142248973312,0.00106298602987576,0.00241860389284121
"GABRR1",16.75124728771,1.48023229116334,0.571397209038799,0.00106564883831556,0.00242411756982976
"FAM181A",88.4244707768778,-1.03315457115922,0.366006917724914,0.00109887275959206,0.002492970581361
"IGFL1",5.96209523006072,1.775587812827,0.718249088207331,0.00110044836637894,0.00249598558761497
"MIR24-2",12.7683115411143,-1.06835954185472,0.38228266547557,0.0011117076814738,0.00251841915844558
"SEC14L3",410.393610383202,-1.13493320252946,0.412400283503616,0.00112339661689193,0.00254262226573964
"MIR4524",2.41998102560527,-1.38829053845728,0.522437617304298,0.0011284851990834,0.00255346109335798
"HOXA11-AS1",4.83558073934793,1.98871298867074,0.840095799511328,0.0011293393067719,0.00255464426781068
"LOC100506393",10.7880377416669,1.30178683301917,0.48783310263456,0.00115183188912461,0.00260377811791057
"HIST1H3C",4.67497338745436,1.53267555674697,0.604705899939359,0.00115650430890093,0.00261346474449746
"RASGEF1C",14.0713341438862,1.38131854460937,0.529082404580397,0.001163147480195,0.00262730366550909
"PROM1",3820.94064744989,1.14029535429027,0.413209777088256,0.00116804004061088,0.00263806052912349
"ZPBP2",3.81447858088682,1.09653066857808,0.395776907153868,0.00117091740070561,0.00264426409769968
"RBP2",228.491203071868,-1.07095817527235,0.387275293742012,0.00121394116213694,0.00273288656020618
"TMEM114",3.19558074384881,1.72863217702461,0.706450464952304,0.00121502807520312,0.0027347251495815
"C10orf90",5.02473843404949,1.53670526315911,0.610579721765986,0.00121655506690125,0.00273785758385014
"LOC100631378",57.7813164978505,2.02812621577861,0.33571662582334,0.00123464428747697,0.00277548145522228
"TUSC5",11.503206099286,-1.04672744977544,0.37592939072844,0.00123947799042133,0.00278603820145676
"LOC728739",13.2743456813961,1.29850521675652,0.493474793703774,0.00124076563901553,0.00278862284025243
"PSORS1C2",17.7838566676184,1.30067024691746,0.495809660753163,0.0012666360134306,0.00284045862484476
"CPA1",19.762315106131,-1.26802425373308,0.481519219831937,0.00127545774090176,0.0028592911876833
"HORMAD2",14.5702996418083,1.01584232069813,0.365996215840043,0.00131342844008946,0.00293725611046855
"CBLN2",6.74636618148849,2.66693031371679,0.538169300148117,0.00133800587748201,0.00298858717348415
"ATOH7",5.18175347539128,1.21219595801385,0.45631986769069,0.00135829703823399,0.00302789541309408
"KCNE4",877.092196473013,1.20286684184192,0.192700986061842,0.00137067239070065,0.00305245680054702
"TAC3",3.52591068006063,1.68819431486842,0.703003463544693,0.00138080053922751,0.00307230776239463
"CYP2C19",28.0426690531644,2.5673513348323,0.457996584945307,0.00138915102140451,0.00308952926318522
"UTS2R",19.7260213907547,1.11330910749822,0.412865741954447,0.00139327147906962,0.00309801252420611
"CCL25",14.1865698671038,1.23737874298297,0.473255842169388,0.00139801286985026,0.00310753113316925
"HIST1H2BI",3.77631255337452,1.29711267911842,0.505671369670284,0.00145337674700571,0.0032210444252866
"SLC22A6",2.37494247344827,-1.67583634108614,0.694894530170551,0.00147223503379494,0.00325677697475884
"S100A1",196.434944427925,3.30799696119636,0.263386091982529,0.00149573793564796,0.00330371361364583
"CYP21A1P",48.7340814632167,1.09869162795193,0.411481821223272,0.00153085049200789,0.00337353781260008
"ASB4",146.477402745355,2.09992851476992,0.301711226175333,0.00153522646683052,0.00338244464080946
"HRG",1.37347974697437,4.48178064502826,1.56936945582408,0.00155161271077033,0.00341557290687356
"HOXC5",31.0878037503108,1.08630214668253,0.405484669261758,0.00156670014524096,0.0034457869868328
"XAGE5",3.93448461611374,2.22272852553871,1.05038163262164,0.00157454141429576,0.00346183008264851
"TBC1D28",5.13734306122322,-1.28187172990055,0.500969972952182,0.00158384977086609,0.00348010238950288
"DEFB4A",5.64167560218087,1.82342654079015,0.808607969568909,0.0016318032895313,0.00357421603542939
"DMRTC1B",7.71970201605569,1.19099627495416,0.460379296318692,0.00163221395149547,0.00357472869424582
"FAM187B",5.71761202813542,-1.03700953264426,0.387617333075986,0.00165848497571306,0.00362755504575406
"CHP2",102.622574742287,-1.28653634077309,0.511718643160164,0.0016818539827362,0.00367232000696477
"ALPPL2",215.875019048838,1.36801847948041,0.553792843670298,0.00172876362709406,0.00376743158656448
"MIR3945",2.44626093212716,-1.73915502659024,0.760673170212966,0.00173491213304581,0.00378001684445429
"CCL7",44.5184476483102,1.25439624704143,0.496581881802168,0.0017417151728597,0.00379279793586372
"GUCY2F",10.3073453772755,-1.16469500931734,0.453827018392344,0.00178122439899939,0.00386853863192866
"FAM3D",691.157312164182,1.05083177438549,0.395958982721023,0.00179168059317368,0.00388863466506845
"TMEM215",13.9369701601897,1.17205810432451,0.455128237896212,0.0018051990411213,0.00391210211898674
"MMP8",44.7714365840482,1.21826988612049,0.485281137861627,0.00192670268124338,0.00414969991935371
"CXorf68",3.60762744012035,-1.11674204975274,0.436317521366073,0.00198873940426922,0.00427325629318611
"C13orf26",76.9099907756018,-1.28408122592103,0.524493612439546,0.00199792557597857,0.00429071740937743
"FOXL2",2.33085803859393,2.62693363317696,0.587351663667935,0.00203175784229681,0.00435875044895917
"MYBPC2",164.223685091981,1.05711732961214,0.406587235705547,0.0020525118122677,0.00439907788988887
"BHMT",27.5964077632555,2.96978335279732,0.413433217529284,0.00212805124705887,0.00454497893510386
"PROKR1",6.25426131189056,1.00682361453837,0.385771184952333,0.00213258511799345,0.00455237875694004
"VCX3A",1.4172356262344,2.87939572427083,1.28666263620064,0.00214698789145522,0.00458070853915306
"COL20A1",2.9148341333252,-1.12681912740439,0.44547978809963,0.00215413734120429,0.00459450937021245
"TRIM10",20.4157212836219,1.17771337112925,0.472711426935592,0.00216593026758935,0.00461682823664314
"NEFL",83.3518845340999,1.05428895503721,0.408455961702325,0.00216837338343465,0.00462146421544706
"SYT10",5.94604697158667,-1.16140762127986,0.462445323135387,0.00219235325250961,0.00466913112205881
"REG1A",14.7738987892419,6.94412154609452,1.10006077164966,0.00220962180157806,0.00470442357060498
"CLCA3P",6.30715580776789,1.15472512323979,0.462370433580237,0.00222096851737565,0.00472559904974251
"HIST1H2BB",2.22837877711609,1.582296709116,0.700684409943551,0.00223714666624905,0.00475802098051351
"EVX1",3.32761829324919,2.96758163305151,1.56593798730299,0.00230279138473343,0.0048832687709156
"GC",5.57359195579584,3.87947595911239,1.04459003734051,0.00239645000148564,0.00506489970555193
"LOC100130301",6.58829350332018,1.02394771434262,0.400220842791562,0.00240619185854467,0.00508302953609444
"LOC285484",11.2290393820497,1.17628928970679,0.478831939459562,0.00240676346050774,0.0050835123869495
"STAC2",198.209018825574,2.70400700857227,0.140455053268846,0.00241058196137562,0.00508945337229623
"GLYATL2",23.342209805263,4.08407059856176,0.438701585014228,0.00242283559876477,0.00511425751951171
"GSTA7P",15.6426141824185,-1.38537316561133,0.601219681606908,0.00242430507141961,0.00511682575084508
"LOC283403",4.61105118504584,1.37372164195445,0.590411316425805,0.00244736373560583,0.00516172651582761
"MIR320B2",3.24885609170803,1.33538826654338,0.564824653455458,0.00256425664994095,0.00537923475465374
"BPIFB4",3.76221532888128,1.83511523427107,0.902776578616212,0.00257567977776428,0.00540140223598495
"NKX6-1",13.4276945047743,2.73363543442468,0.563888833992583,0.00257937769187093,0.00540859669130421
"LOC729668",7.83472945221413,1.30079619703044,0.553496586178145,0.00260640306328931,0.00546184570092439
"FAM57B",5.0738807661945,1.15725419803167,0.472779482725431,0.00262215558617301,0.00549146934503134
"HOXC8",38.7287442712965,1.22753562284908,0.514573493797215,0.00262617671651051,0.00549818400071258
"DSCR8",4.25517197641846,2.52577821946456,1.56534399188003,0.00267640777013062,0.0055917805197372
"MIR938",1.96240373060597,1.36082735589611,0.585647742212103,0.00268351018353463,0.00560546229359384
"DYSFIP1",4.14340649250859,1.08910132618579,0.440241668586539,0.0026871947695392,0.00561084272026439
"MAG",79.9627313283166,-1.13777176236943,0.470435630146765,0.00276730475771217,0.0057691848388971
"LOC100505918",6.93592748719539,1.63936577074142,0.778756555411937,0.00277209792405179,0.005777835858034
"HOXA9",8.31163364878645,2.32516027156942,0.34539740528423,0.00277231074814615,0.005777835858034
"SPINK4",6.75537690744757,10.2163086911334,0.428532178354154,0.00281808404841931,0.00586839909712502
"LOC100506013",49.5621693998543,1.08174451149833,0.441218485200589,0.0028707025926227,0.00596937447886543
"CT45A6",3.25851792860211,1.26623046374768,0.696246362014925,0.0028723778935802,0.00597224457565042
"LOC253962",10.1957437965223,1.02416353806087,0.410334462011679,0.00292849705328851,0.00607333082537015
"LOC254099",8.55014167960793,1.08477407186341,0.444189595088034,0.00297004823463781,0.00614862157688869
"FRMD7",4.194870230817,-1.21833746422722,0.521713261192052,0.00299363745593818,0.00619003123359328
"STXBP5L",9.55540063301343,1.08577242393889,0.445691896807475,0.00299965433618974,0.00620058329485072
"LRIT1",1.79124572893123,-1.66652236451515,0.80705215263665,0.00301342112345752,0.00622394458774527
"SIX6",2.05979924120907,1.85362529685097,0.944152878705538,0.00302565192618671,0.00624729375068298
"ADAMDEC1",1052.48549832822,1.1019619171724,0.456369695463149,0.00305133479678655,0.00629454419300413
"HOXC6",138.146737210639,1.15993872043913,0.490270815011384,0.00314578822409276,0.00647114933110737
"OR10H1",1.83037112462686,5.30470302380129,1.53212619540127,0.00319584651409323,0.00656455543857937
"REG4",7.16285497541643,7.87953326036103,0.657874394578421,0.00353131422484264,0.0071901550372236
"SLC2A2",1.56473971170307,2.11376454348377,1.18651187336709,0.00357151021152099,0.00726250132523572
"SNORD53",1.74484616032657,1.41431517112883,0.650554986406145,0.00357698703490571,0.00727217703631243
"HIST1H4A",4.20906830696206,1.10190031723279,0.467654566887338,0.00361620792503818,0.00734814412278313
"C10orf44",1.75084844398345,1.70548913065233,0.872789606508974,0.00361831971296339,0.00735103977818849
"CLLU1OS",12.7299133771016,1.52392658378916,0.750382568166971,0.00363766128477632,0.00738736852264045
"HOXD13",2.14221592140517,6.14791747990096,1.86470086720647,0.00367565341619264,0.0074570412746472
"ANKRD63",2.8687638850985,1.52679021836257,0.733899369493275,0.0037204160551403,0.00754105160946272
"OLFM4",38.1325305767113,2.36576981423536,0.453781211936242,0.00378199291460478,0.00765972769506857
"SLC30A10",4.62354670242856,1.95978726118419,1.12611112691641,0.00393821904417977,0.00794829909993447
"LOC100132354",3.83781613362613,3.6647727993887,0.600550155050504,0.00397656288383966,0.00802008861416885
"OR1J1",2.29450851647387,1.43520127768151,0.687662686710708,0.00405214591296151,0.00815627341132198
"CT45A5",20.8032711967778,2.3478064663652,0.689255409600794,0.00407154187997726,0.0081879860101957
"KIR3DX1",15.8295697118754,-1.05625026968314,0.454572198958932,0.00411401559511956,0.00826929390872046
"TMEM179",3.13314004579884,1.85443358360395,1.03971089477086,0.00413099549629136,0.00830012704391834
"CA6",5.29519997912869,1.2201583301425,0.553703755573338,0.00413467597888591,0.00830587301395689
"DBX2",1.70657696583708,-1.51518892023556,0.740781290094572,0.0041718426660764,0.00837305576639091
"DNMT3L",4.49724351495081,1.04945180733503,0.449104440381646,0.00424944180280365,0.00851538709022305
"MEPE",17.8101662234205,1.25857016166064,0.584219147443392,0.00429158114027191,0.00858867845167527
"CD177",620.01414990912,1.31824120437485,0.623089979698717,0.00432406582431642,0.00864685006421543
"KRT36",7.71531961762008,1.02188026437045,0.438733877718374,0.00443873296138312,0.00885340893489907
"UGT2B10",1.85507113958205,3.69413718717865,1.34973098891273,0.0044519456979333,0.00887713849589872
"MDGA2",13.0242046948643,-1.02093404782064,0.43978330101171,0.0044536866985839,0.00887886067822679
"UGT3A1",3.79522656483951,1.59459185638851,0.848056637618566,0.0046432094960453,0.0092299932625466
"CRHR1",5.87237044132157,4.28834393726431,0.579756259169346,0.00478005392945189,0.00947816140145334
"LHX5",3.1806377251056,2.23726631279696,1.48794045540508,0.00480628138481164,0.00952456838750464
"GABRB1",7.92932772312602,1.25695009987007,0.599871237623267,0.00485617229749563,0.00961966955114592
"MAGEA8",6.38354206087134,3.68173557026507,0.508586978640756,0.00491033737909246,0.00972125771617864
"DEFB1",235.732993682983,1.04522465778215,0.463119187037074,0.00495309453060985,0.00980111314831107
"C17orf102",3.93069643713994,1.25661356782798,0.598902849442642,0.00496281935721408,0.0098174771901261
"USH1C",92.6214478571569,3.46886782065679,0.442277440156612,0.00501620319939439,0.00991629738831349
"SSX1",3.32428114858063,4.87146727101779,0.792149734362666,0.00507305445889236,0.0100120607744189
"SLC22A14",5.68838150256077,2.55861308583271,0.396352477820728,0.00509760735065159,0.0100575758245968
"LPCAT1",68335.3520406442,1.24469200689606,0.224768621354506,0.00511632231117571,0.0100895829988803
"ASCL1",34.9723532699109,3.60292985923161,0.39415900933182,0.00517522169873853,0.0101908417554399
"TBX20",15.614034136802,1.00003966698643,0.440376569302558,0.00522841194471212,0.0102805795777072
"AMTN",12.9067646655222,2.57284478561572,0.599999496626643,0.0052333269695805,0.0102892444090606
"CLC",225.054899297379,-1.02648949623748,0.458072109158373,0.00525913346124288,0.0103309511247105
"PRKCG",10.9721729466559,1.02689716017087,0.460294783803589,0.00546986843155561,0.0107106130330964
"CRYAA",2.16730017471812,1.26117395308564,0.616089285161381,0.00549438565455505,0.0107554990361556
"FAM159B",7.36743905865762,1.25870447205539,0.628980948377515,0.00583047435796789,0.0113323056923015
"SLC25A21",234.916135585873,1.80463393948348,0.255374222667621,0.00587586065017816,0.0114106586798672
"C1orf105",2.83292386025929,1.09641932407423,0.506687353467734,0.00598652641262406,0.0116044130547715
"HIST1H3I",2.90936736700149,1.26505777756713,0.637383723249002,0.00618548220521985,0.011955352373278
"TM4SF5",2.52730838018965,7.98248064297861,0.750253413218702,0.0061988337022766,0.0119780995673299
"LOC100288079",3.03782639175327,1.04127186502153,0.483613384755124,0.00626599075766826,0.0120997823817939
"HIST1H4D",5.92157245309103,1.04830023110875,0.489016497348067,0.00630980275156532,0.0121720901318386
"PAEP",41.6940224536573,3.63096255795751,0.474575320284796,0.00634340325184461,0.0122271045824766
"ADAM7",1.88693187172159,4.27594971985411,1.26165671782516,0.00639486320633123,0.0123157398819553
"LOC727710",5.58506946283644,1.04826316298012,0.484288556859027,0.00640322213186405,0.0123306649387366
"OR1J4",2.08547817571025,1.53538249145068,0.883051533357894,0.00656300114105193,0.0126167448091967
"OR2B11",4.66447848534292,-1.0881905601088,0.519531580771584,0.00671286918876773,0.0128791644786585
"MAGEB2",4.21145872849457,4.72658476631607,0.86316512188881,0.00672462916932623,0.0128980592264126
"POU5F1B",65.7964078715238,1.30434471737689,0.285166218001073,0.00683854574939816,0.0130929818873977
"WFDC5",7.25707868395829,-1.01943959614787,0.481744134680457,0.00701055217581912,0.0133896196282562
"FOXD1",183.087725286908,1.0465595216739,0.500689010611851,0.0071652641301281,0.0136552218489712
"PADI3",11.1058271412607,5.69241628710494,0.649609796381127,0.00717639446785186,0.0136712847457684
"MGC4473",3.05803817127623,1.58199701109697,1.02773970717659,0.00748678132211538,0.0142037623714441
"ROPN1",2.93506430360324,1.269925859172,0.677825585071892,0.0076057855814655,0.0144146728421763
"CGB",3.53335350286906,1.0908017526512,0.537447156645081,0.00783947674482043,0.0148090386180038
"RFPL4A",16.8538552761384,-1.15551895465451,0.599371997301155,0.00805215533965104,0.0151838714579725
"ADAMTS20",6.53341312811331,1.32804341457236,0.749646945927457,0.00807196523273615,0.0152168278455175
"MIR4269",2.79639068317057,-1.04384710515705,0.522039502536394,0.00843849796228943,0.0158355754273349
"C6orf218",1.59540210291725,1.74405663850627,1.13439366812811,0.00848152021849556,0.015910514433973
"PCK1",15.1133268195455,4.24050236692426,0.57281840321023,0.00860821039113024,0.0161287407689408
"LOC100128714",2.71944369774087,-1.04338846097225,0.522334347450904,0.00871248644492739,0.016309020450548
"PLK5",4.13573605045554,1.13912779702428,0.594155870148567,0.00875388647063196,0.0163774300815289
"MYL2",3.98222727055234,1.00438571046231,0.494253502359338,0.0088495269231898,0.0165258118324831
"LRRTM3",13.1648497993578,-1.0768553549247,0.550466616222952,0.00892200673564766,0.0166442708144004
"NHEG1",4.57298654370482,-1.20879960626253,0.67071891716851,0.00914351364585934,0.0170182859499622
"MYH6",3.90578835813799,3.37598608436244,1.06235151508427,0.00931084643912841,0.0172963328537443
"LIPM",1.49804728027481,1.63696905469845,1.06658103668946,0.00935588182545954,0.0173704278140824
"SLC13A5",14.9311721364071,2.76047915358812,0.223245359561981,0.0097353426363173,0.0180039351577614
"MIR3180-5",2.26907968665239,1.16591458688365,0.635728812471457,0.00979522486440715,0.0180997942742802
"LOC644838",8.92817417559688,1.08432279314927,0.570686814003687,0.00985769158908362,0.018205399629954
"GABRQ",3.84902639671239,1.22331614473016,0.684155056412307,0.0098812227730654,0.0182403857865588
"GPR35",363.592277149995,1.52617002636849,0.229465453097403,0.00996540507964217,0.018370652478783
"LOC731779",3.07307633378545,-1.02859484383224,0.529401410671609,0.0101346225743284,0.0186621993747253
"IGFBP1",20.4313599678544,4.18308974687268,0.71763297293698,0.010178318096088,0.0187296741823286
"IFNE",5.48363626425715,1.05639903278027,0.555614663038406,0.010270371993581,0.0188881155298994
"MAGEA6",1.91358664883921,10.148934265086,1.66457124122932,0.0103310347938116,0.0189945022492089
"LPPR5",26.0620464045489,-1.21181589897554,0.712860269788615,0.0106838800601779,0.0195880811864186
"MIR1207",0.918230475158805,2.00809565221472,1.29668994199768,0.0107862385319142,0.0197632166311645
"NCRNA00323",15.4610527638202,1.55657245181717,0.323378881903047,0.0108497186666558,0.019865142969858
"UGT2A3",6.90677598103221,2.44106304299568,0.487559585165915,0.0108693099931636,0.0198938153152747
"HMOX1",6728.59567653439,-1.76202521953524,0.184751780078879,0.0110980772794573,0.0202758536161653
"LCN8",6.83401787874616,1.22667108436415,0.743792930368543,0.0114126304404026,0.0207904826518035
"MIR205",3.3562811314388,1.30721996333823,0.856160044130334,0.0116821260565521,0.0212412786121695
"FGB",77.2474260000991,2.93867013444898,0.200496480796428,0.0117005482547655,0.0212690433071135
"CPA4",54.6768610647876,1.05014129719046,0.169553201744505,0.0117129359741755,0.0212896495198713
"LOC727982",1.90434776335936,1.71084675317894,2.33619779388588,0.0120796923394993,0.0218933607309997
"SSX3",1.58256784338144,1.40864222758983,0.991963053635523,0.0122344489429338,0.022155988284327
"MIR4640",2.61844364478215,1.09638520738829,0.618014484499269,0.0122908571494949,0.0222391549394948
"C7orf52",2.38796925982017,1.4123668378214,1.07658006709035,0.0125220521322366,0.0226201568236145
"HIST1H1T",4.28893808277667,1.31496792504793,0.914060267700665,0.012535733161389,0.0226408293851766
"NXF2",3.61434010403713,-1.13410587042701,0.672623323117214,0.0125691975061522,0.0226951941768088
"VSX2",1.82807389858164,2.52968900366487,0.594791882223083,0.0128940287938632,0.0232319776407855
"FBXO47",2.75370766541244,1.16256769167907,0.700014871297681,0.0129065429673815,0.0232503859205027
"HIST1H4L",1.01341886986646,1.53470450442394,1.2310541260535,0.0130217047794774,0.0234390686030592
"OR2A4",1.80283324915653,1.22373190549557,0.75984958579173,0.0130416677343073,0.0234666545124112
"FAM177B",54.5804728297653,4.01714637942313,0.229170752971719,0.0131056346568261,0.023575466680485
"TDRD1",70.5163622381496,1.8396096333585,0.24796081045811,0.0132917455996472,0.0238847853943944
"LOC91149",1.46470926285149,1.1306618512024,0.669656528385577,0.0137920502887452,0.0247070439768556
"LOC285577",2.14243522281094,-1.03936033579991,0.592060988097266,0.0139298533401301,0.0249340432841858
"MIR4787",2.63604002158644,1.16347412845093,0.714525744777642,0.013953982291066,0.0249706087484277
"TMCO5A",3.75368185898755,-1.06910295670321,0.634788022943387,0.014723298870309,0.0262036659134726
"SLCO1B7",2.3522164438595,5.0886989039049,1.98978488890622,0.0147266924060722,0.0262074011773612
"TRIM48",2.06167196907367,7.36146245680802,2.14968669542484,0.0153480030813824,0.0271982954272685
"LOC400643",7.9033644231828,2.63100171465739,0.670273077370288,0.0154136379316491,0.0273043709889216
"SUN3",6.28172050595849,1.80476867889474,0.396970993533754,0.015557231684634,0.0275208815354551
"VAX2",61.3757524612924,1.45673978545391,0.282931481649592,0.0159996025168302,0.028209752137906
"DKK1",349.171146881936,3.33212878636404,0.360113403124192,0.0160257956714579,0.0282485526592335
"CDH16",59.7433978343775,2.18470313809232,0.473977036892844,0.0161337964036092,0.0284166527154067
"KRTAP1-1",0.980416729281029,5.40245905664567,1.19516727225076,0.0163951656946093,0.0288418693572559
"SERPINB11",40.0547916844173,-1.09737959998583,0.708375328692869,0.0165874400026223,0.0291522421718397
"HIST1H2AJ",2.17724847263666,1.12505112875677,0.730406850015628,0.0165996671950939,0.029168666003637
"C6orf146",1.71162207962893,-1.17051010680438,0.773773814786175,0.0166356534820411,0.0292217532005549
"CDHR5",101.855737193723,1.75422254297559,0.166399814068011,0.0167340716627478,0.0293793342463075
"FLJ39080",3.89059999562567,1.08707572848858,0.695025463469165,0.0171355775134764,0.0300009708892203
"CHRNB3",6.64982630605113,1.09532819452441,0.72300984617851,0.0172897659695847,0.0302421494115421
"ITIH2",446.185452031074,1.85208940151371,0.349009660735991,0.0174543320313967,0.0305062718804509
"LOC285548",4.27145569080608,1.03098321347602,0.629228456676509,0.0178184682504077,0.0310863313098174
"AATK-AS1",2.11913034525553,1.09967443375487,0.707794573998073,0.0180206309044457,0.031401135514539
"LOC116437",5.46106779007364,2.83260046359196,0.576183938250497,0.0180902092317181,0.0315088137904832
"KIAA1210",60.3930551121032,1.13960277626657,0.351805554461629,0.01810722332327,0.031535734579789
"GALNTL5",2.1747176233313,1.2743354003553,1.33793891561186,0.0182871924823093,0.0318108510686166
"C10orf53",1.51971590880531,-1.21447401043769,0.919348793207931,0.0183329042517044,0.0318821475177205
"DUOX2",933.254608857854,2.09282733174345,0.332704081141069,0.0186598598079718,0.0323895225429343
"SPRR2F",4.45141463651231,4.38316283747237,0.853371217715832,0.0187911830134681,0.0325996018145756
"KCNU1",3.45646423255025,1.1468115689451,0.841970661908573,0.0189813302504386,0.0328882987158987
"KRT9",1.2709486540237,1.77812785728652,2.63091417764889,0.0197906853258326,0.0341270456364097
"GDPD2",26.8138552309143,1.72584874152056,0.25023272720301,0.019852268826807,0.0342215783787601
"FGF8",3.83320302853869,1.03521183737724,0.678575950829189,0.0202079692509291,0.0347518696353489
"GAL3ST3",2.87147408191667,5.42727401416104,0.683298023477544,0.0202686992994664,0.0348503858749999
"KLK8",29.9318722884837,1.1383317000158,0.877657034156829,0.020420388374459,0.0350873583266065
"KIAA1239",2.07599233250989,1.14240916035582,0.937902740236041,0.0215988643593342,0.0369055051069798
"OR1Q1",2.0486775612631,1.1102051857003,0.834536362927451,0.0217747702624054,0.0371809621124808
"TBC1D3P2",2.22272245456234,1.02700440357551,0.68268351596739,0.0220979932013016,0.0376883620144545
"VSTM2B",0.896441208832938,6.89991710106162,1.17887830777947,0.0226733918045673,0.0385981600938812
"MIR4311",1.08702492718505,1.53941447301101,1.34518742248509,0.0233079293816316,0.0395652296723922
"FFAR1",1.93345259127157,-1.00490149709303,0.682869787608721,0.0237117690951745,0.040179984784883
"LOC285501",3.47852102556874,1.06470186167955,0.828655921344607,0.0248563672093705,0.0419090153006971
"MAGEA10-MAGEA5",0.977618693194586,6.04435205437699,3.16481747559173,0.0260731034304962,0.043778157323656
"FLJ46257",1.61759305717647,3.3400097998248,1.5497485892597,0.0261990614019308,0.0439531870564842
"SYT5",18.2670445643821,1.92944886528763,0.454926026902438,0.0264013566016888,0.0442315082609711
"GPRC6A",3.45081228164087,1.01120879771852,0.763609117479141,0.026929800321689,0.045014954852697
