"entrez_id","symbol","genename"
NA,"MIR4313",NA
NA,"MIR3647",NA
NA,"MIR132",NA
NA,"MIR3978",NA
NA,"MRPS34",NA
NA,"THOC7",NA
NA,"BREA2",NA
NA,"PLAC4",NA
NA,"LOC649330",NA
NA,"FITM1",NA
NA,"NPBWR2",NA
NA,"C7orf61",NA
NA,"MYL10",NA
NA,"RAB3IP",NA
NA,"DNAH12",NA
NA,"TMEM56-RWDD3",NA
NA,"PCBD1",NA
NA,"ACOT6",NA
NA,"NME4",NA
NA,"EIF4E2",NA
NA,"CD109",NA
NA,"CSN1S1",NA
NA,"CT45A1",NA
NA,"CT45A3",NA
NA,"CT45A6",NA
NA,"C21orf91",NA
NA,"CENPM",NA
NA,"RAB3C",NA
NA,"PPARA",NA
NA,"PTAR1",NA
NA,"IZUMO4",NA
NA,"LOC100505875",NA
NA,"HRSP12",NA
NA,"XRN1",NA
NA,"MGAT3",NA
NA,"LOC100128993",NA
NA,"LRP6",NA
NA,"ADCY6",NA
NA,"NFIA",NA
NA,"OR2AK2",NA
NA,"OR52B6",NA
NA,"OR9K2",NA
NA,"DNAJC17",NA
NA,"INE1",NA
NA,"ALG10B",NA
NA,"TACC2",NA
NA,"LOC338588",NA
NA,"CAPNS2",NA
NA,"EIF1B",NA
NA,"NRADDP",NA
NA,"DLGAP2",NA
NA,"LOC441601",NA
NA,"NME3",NA
NA,"PPP1R1C",NA
NA,"RTP4",NA
NA,"LOC100170939",NA
NA,"TMEM14A",NA
NA,"ZNF292",NA
NA,"MIR137",NA
NA,"MIR1237",NA
NA,"MIR3913-1",NA
NA,"MIR4305",NA
NA,"MIR496",NA
NA,"MIR3940",NA
NA,"MIR133A2",NA
NA,"MIR1236",NA
NA,"C1orf50",NA
NA,"ARHGAP11B",NA
NA,"MRPL12",NA
NA,"SYNGR4",NA
NA,"KRTAP10-1",NA
NA,"TEX15",NA
NA,"OR51I1",NA
NA,"TSPAN19",NA
NA,"VMO1",NA
NA,"SPP2",NA
NA,"U2AF1",NA
NA,"C4orf52",NA
NA,"CXorf68",NA
NA,"MTCP1NB",NA
NA,"PTPRO",NA
NA,"KIAA1456",NA
NA,"HOXB1",NA
NA,"ZNF805",NA
NA,"SLC7A14",NA
NA,"VHLL",NA
NA,"PSMA6",NA
NA,"VSTM1",NA
NA,"FGF20",NA
NA,"LOC392364",NA
NA,"BEX5",NA
NA,"APC2",NA
NA,"APOL6",NA
NA,"LRBA",NA
NA,"ATP6V0B",NA
NA,"NPW",NA
NA,"LOC150935",NA
NA,"WFDC5",NA
NA,"EAF2",NA
NA,"ZDBF2",NA
NA,"ST8SIA3",NA
NA,"C1orf158",NA
NA,"ELOF1",NA
NA,"RPL34",NA
NA,"HGC6.3",NA
NA,"FMR1NB",NA
NA,"BAHCC1",NA
NA,"NKX6-2",NA
NA,"TAS2R39",NA
NA,"CREBBP",NA
NA,"TMED4",NA
NA,"C7orf62",NA
NA,"TRIO",NA
NA,"LOC100188947",NA
NA,"SPAG7",NA
NA,"C17orf73",NA
NA,"EXPH5",NA
NA,"DCC",NA
NA,"ATXN7L1",NA
NA,"DCP2",NA
NA,"PDE6G",NA
NA,"LOC100507567",NA
NA,"OR7E24",NA
NA,"SLMO2-ATP5E",NA
NA,"TAAR1",NA
NA,"C6orf221",NA
NA,"MRPL50",NA
NA,"C18orf1",NA
NA,"MIR3941",NA
NA,"SNORD9",NA
NA,"SNORD12B",NA
NA,"MUTED",NA
NA,"MDS2",NA
NA,"KRTAP5-11",NA
NA,"TAS2R31",NA
NA,"SPATA8",NA
NA,"DSP",NA
NA,"ESRRG",NA
NA,"OR7D4",NA
NA,"ARPC5L",NA
NA,"BCAT1",NA
NA,"CCPG1",NA
NA,"FAM70B",NA
NA,"IGSF6",NA
NA,"DSCR8",NA
NA,"MAGI3",NA
NA,"RPL5",NA
NA,"PPIB",NA
NA,"C5orf49",NA
NA,"TARP",NA
NA,"IFNA21",NA
NA,"PTPRD",NA
NA,"FCN3",NA
NA,"C11orf65",NA
NA,"CCS",NA
NA,"RNASEK",NA
NA,"MED10",NA
NA,"RPS2P32",NA
NA,"ZNF445",NA
NA,"TNS1",NA
NA,"TSTD1",NA
NA,"C16orf79",NA
NA,"NME1",NA
NA,"IFI30",NA
NA,"YJEFN3",NA
NA,"CHMP2A",NA
NA,"HUS1B",NA
NA,"AKAP17A",NA
NA,"SGCD",NA
NA,"FLJ45340",NA
NA,"CALCB",NA
NA,"TAS2R43",NA
NA,"ZMAT5",NA
NA,"TFDP2",NA
NA,"MAP1A",NA
NA,"B9D2",NA
NA,"C21orf37",NA
NA,"NCRNA00257",NA
NA,"CENPF",NA
NA,"FAM132A",NA
NA,"DBX1",NA
NA,"OR51F2",NA
NA,"TNFRSF12A",NA
NA,"C17orf50",NA
NA,"OR10H2",NA
NA,"LOC285501",NA
NA,"TAAR8",NA
NA,"SURF1",NA
NA,"C9orf11",NA
NA,"RAB40AL",NA
NA,"MRC1",NA
NA,"SRGAP2P2",NA
NA,"OR52K1",NA
NA,"TNFSF12",NA
NA,"PGLS",NA
NA,"COL4A4",NA
NA,"SNORD114-4",NA
NA,"SNORD116-10",NA
NA,"MIR3935",NA
NA,"SNORD124",NA
NA,"LOC255025",NA
NA,"LOC100133461",NA
NA,"GPR26",NA
NA,"C1orf21",NA
NA,"LOC646851",NA
NA,"MED12L",NA
NA,"RBM33",NA
NA,"RIF1",NA
NA,"SNAPIN",NA
NA,"OR6K6",NA
NA,"CFHR2",NA
NA,"TMEM176A",NA
NA,"C4orf11",NA
NA,"FAM162B",NA
NA,"OR12D2",NA
NA,"C8orf74",NA
NA,"H2AFB1",NA
NA,"MRPL55",NA
NA,"OR52N5",NA
NA,"DPPA3",NA
NA,"TSPAN16",NA
NA,"LOC100287482",NA
NA,"ITPR1",NA
NA,"CFLAR-AS1",NA
NA,"FRG1",NA
NA,"MON2",NA
NA,"PARK7",NA
NA,"PRKCDBP",NA
NA,"GPRC5D",NA
NA,"OR2C1",NA
NA,"MRPS26",NA
NA,"MTRNR2L2",NA
NA,"LOC100507299",NA
NA,"PRRC2C",NA
NA,"RAPH1",NA
NA,"CHD6",NA
NA,"OR52N4",NA
NA,"OR10Q1",NA
NA,"LOC554206",NA
NA,"LOC100289561",NA
NA,"TRPM7",NA
NA,"FBXL20",NA
NA,"CLCN5",NA
NA,"OR11G2",NA
NA,"OR7G2",NA
NA,"TAAR6",NA
NA,"BUD31",NA
NA,"AKAP6",NA
NA,"MLLT4",NA
NA,"S100A14",NA
NA,"TMEM179B",NA
NA,"IL23A",NA
NA,"PSMA3",NA
NA,"DPM1",NA
NA,"C3orf54",NA
NA,"OR10C1",NA
NA,"IFNA8",NA
NA,"HSD17B10",NA
NA,"LIFR",NA
NA,"DICER1",NA
NA,"IL27",NA
NA,"APRT",NA
NA,"LOC388948",NA
NA,"LOC645513",NA
NA,"C7orf23",NA
NA,"VGLL3",NA
NA,"TNNI3K",NA
NA,"MIR2681",NA
NA,"MIR1253",NA
NA,"MIR3912",NA
NA,"MIR548F4",NA
NA,"HSD52",NA
NA,"OR8G5",NA
NA,"IMP4",NA
NA,"UPK3A",NA
NA,"PROL1",NA
NA,"GZMK",NA
NA,"OR2J2",NA
NA,"PINX1",NA
NA,"MOS",NA
NA,"OR13D1",NA
NA,"ZMYM2",NA
NA,"C1QB",NA
NA,"HDDC3",NA
NA,"HOTAIRM1",NA
NA,"IL26",NA
NA,"IL17C",NA
NA,"C21orf90",NA
NA,"PSMB9",NA
NA,"ARHGAP32",NA
NA,"SNX18",NA
NA,"C14orf166",NA
NA,"TEX21P",NA
NA,"LOC100505536",NA
NA,"BPIFA2",NA
NA,"NCRNA00051",NA
NA,"OR13C3",NA
NA,"PLP2",NA
NA,"SESTD1",NA
NA,"SPTB",NA
NA,"MED13",NA
NA,"AUTS2",NA
NA,"LOC100129250",NA
NA,"SRCAP",NA
NA,"ZFP106",NA
NA,"PTGER3",NA
NA,"ASCC3",NA
NA,"PYY",NA
NA,"C19orf10",NA
NA,"ABCA1",NA
NA,"MXD1",NA
NA,"NGF",NA
NA,"OR2T4",NA
NA,"SUGT1P3",NA
NA,"CDRT15L2",NA
NA,"FABP6",NA
NA,"TREM2",NA
NA,"OR2S2",NA
NA,"TRANK1",NA
NA,"C11orf53",NA
NA,"LOC100127983",NA
NA,"CDC42BPA",NA
NA,"LGSN",NA
NA,"OR5B2",NA
NA,"LOC283404",NA
NA,"C15orf24",NA
NA,"PRSS57",NA
NA,"TAAR9",NA
NA,"KIAA1671",NA
NA,"C16orf92",NA
NA,"LOC100271874",NA
NA,"GPR21",NA
NA,"FCN2",NA
NA,"MIR1248",NA
NA,"MIR3939",NA
NA,"MIR545",NA
NA,"SNRPA1",NA
NA,"LOC644649",NA
NA,"NCRNA00251",NA
NA,"CELSR2",NA
NA,"FAM176B",NA
NA,"TMEM170A",NA
NA,"TFF3",NA
NA,"PCNT",NA
NA,"BOD1L",NA
NA,"S100A10",NA
NA,"LOC100287114",NA
NA,"CCDC159",NA
NA,"LOC643669",NA
NA,"ELSPBP1",NA
NA,"C2orf50",NA
NA,"MAL",NA
NA,"LOC100287718",NA
NA,"MTR",NA
NA,"LRPAP1",NA
NA,"ALG14",NA
NA,"OR5B12",NA
NA,"LOC644554",NA
NA,"NDUFB5",NA
NA,"PCNAP1",NA
NA,"OR51B2",NA
NA,"NSMCE1",NA
NA,"KRTAP4-6",NA
NA,"RAC3",NA
NA,"TNRC18",NA
NA,"TTL",NA
NA,"LOC375295",NA
NA,"IGLL5",NA
NA,"GSTT1",NA
NA,"FAM9B",NA
NA,"CACNA1G",NA
NA,"LOC100507421",NA
NA,"THSD7A",NA
NA,"H3F3C",NA
NA,"LOC375196",NA
NA,"BHLHE23",NA
NA,"LOC100129636",NA
NA,"PIKFYVE",NA
NA,"RIMKLA",NA
NA,"CACNA1A",NA
NA,"OR51M1",NA
NA,"KRTAP5-10",NA
NA,"ISCA2",NA
NA,"PEX11G",NA
NA,"FBLL1",NA
NA,"GNAT3",NA
NA,"SAMD12",NA
NA,"H3F3A",NA
NA,"NINJ2",NA
NA,"NUPR1",NA
NA,"CMTM2",NA
NA,"SBK2",NA
NA,"HRASLS",NA
NA,"RNASE6",NA
NA,"HCG4B",NA
NA,"MIR3973",NA
NA,"SNORD90",NA
NA,"HS3ST6",NA
NA,"KRTCAP3",NA
NA,"CSN2",NA
NA,"FREM1",NA
NA,"SYNPO",NA
NA,"GREB1",NA
NA,"C10orf120",NA
NA,"NTHL1",NA
NA,"PHF5A",NA
NA,"DKFZp434L192",NA
NA,"GADD45G",NA
NA,"LOC100132741",NA
NA,"NBPF10",NA
NA,"OR4C12",NA
NA,"SUMO2",NA
NA,"H1FOO",NA
NA,"CEP170P1",NA
NA,"OR2H2",NA
NA,"GNMT",NA
NA,"LOC642236",NA
NA,"NRXN1",NA
NA,"RLIM",NA
NA,"LAMA3",NA
NA,"ATXN1",NA
NA,"FAM99B",NA
NA,"OR52D1",NA
NA,"RAB41",NA
NA,"FPGT",NA
NA,"TEP1",NA
NA,"OR51T1",NA
NA,"RAN",NA
NA,"ATOH1",NA
NA,"FATE1",NA
NA,"SHANK2",NA
NA,"S100A16",NA
NA,"EMG1",NA
NA,"C15orf48",NA
NA,"FAM153C",NA
NA,"FAM66D",NA
NA,"FRY",NA
NA,"FBN2",NA
NA,"HIST2H2AA4",NA
NA,"CD48",NA
NA,"OR52K2",NA
NA,"C16orf91",NA
NA,"WDR52",NA
NA,"REV3L",NA
NA,"DOC2B",NA
NA,"OR1I1",NA
NA,"GYPC",NA
NA,"DPH3P1",NA
NA,"C22orf31",NA
NA,"SDK2",NA
NA,"PYY2",NA
NA,"USP31",NA
NA,"DMXL2",NA
NA,"IFI6",NA
NA,"OR51I2",NA
NA,"PDCL3",NA
NA,"LOC729080",NA
NA,"MIR3944",NA
NA,"LOC728989",NA
NA,"OR4A5",NA
NA,"OR56A1",NA
NA,"GPR32",NA
NA,"NCRNA00258",NA
NA,"KRTAP10-2",NA
NA,"NAT8",NA
NA,"NCRNA00318",NA
NA,"HMX3",NA
NA,"C10orf35",NA
NA,"TIMM9",NA
NA,"SDF2",NA
NA,"TMEM111",NA
NA,"HDGFL1",NA
NA,"DCHS1",NA
NA,"VN1R5",NA
NA,"OR8J1",NA
NA,"LECT2",NA
NA,"BLVRA",NA
NA,"USP24",NA
NA,"PAG1",NA
NA,"PVRL3",NA
NA,"ZNF511",NA
NA,"TAS2R9",NA
NA,"OVCA2",NA
NA,"KRTAP4-12",NA
NA,"DHDH",NA
NA,"OR4K1",NA
NA,"GPR33",NA
NA,"LOC400236",NA
NA,"HTA",NA
NA,"NUDT1",NA
NA,"CETN2",NA
NA,"C1orf123",NA
NA,"NUDT9P1",NA
NA,"OSTC",NA
NA,"RNF208",NA
NA,"ENHO",NA
NA,"ORAI2",NA
NA,"URB1",NA
NA,"TMEM234",NA
NA,"TESC",NA
NA,"CAPZA3",NA
NA,"CA5A",NA
NA,"KRTAP4-4",NA
NA,"CCDC124",NA
NA,"TAAR3",NA
NA,"LRRC67",NA
NA,"REXO1L2P",NA
NA,"OR8S1",NA
NA,"LGALS14",NA
NA,"PRADC1",NA
NA,"NCRNA00161",NA
NA,"ODZ3",NA
NA,"NCRNA00264",NA
NA,"OR5T2",NA
NA,"C19orf60",NA
NA,"MIR2682",NA
NA,"SNORD8",NA
NA,"MIR3942",NA
NA,"MIR187",NA
NA,"MIR3911",NA
NA,"MIR767",NA
NA,"OAZ3",NA
NA,"RAB25",NA
NA,"LOC100506963",NA
NA,"TMEM72",NA
NA,"RPS27L",NA
NA,"AQP12A",NA
NA,"LOC100129480",NA
NA,"SPCS1",NA
NA,"DBT",NA
NA,"KDM5A",NA
NA,"FKBP5",NA
NA,"METTL21C",NA
NA,"SNRNP25",NA
NA,"INO80C",NA
NA,"LOC100287010",NA
NA,"PPARGC1B",NA
NA,"PRR14L",NA
NA,"POU5F1P4",NA
NA,"C19orf38",NA
NA,"ACER1",NA
NA,"SNHG11",NA
NA,"HSCB",NA
NA,"GPR15",NA
NA,"UBR5",NA
NA,"NUDT17",NA
NA,"CKS1B",NA
NA,"POU5F1P3",NA
NA,"OR11H2",NA
NA,"OR4M2",NA
NA,"MC3R",NA
NA,"C21orf81",NA
NA,"TDRG1",NA
NA,"SLC24A2",NA
NA,"OR3A2",NA
NA,"TRIOBP",NA
NA,"GPR25",NA
NA,"C17orf99",NA
NA,"OCEL1",NA
NA,"MAP3K2",NA
NA,"PRB3",NA
NA,"CD63",NA
NA,"PRPS1L1",NA
NA,"ASPM",NA
NA,"FAM96A",NA
NA,"NUFIP2",NA
NA,"OR10J1",NA
NA,"PLA2G12B",NA
NA,"OR5AU1",NA
NA,"GDPD3",NA
NA,"METRN",NA
NA,"RIT2",NA
NA,"NOSIP",NA
NA,"GRIK1-AS1",NA
NA,"OR2F1",NA
NA,"IGFBPL1",NA
NA,"CMTM4",NA
NA,"NBPF11",NA
NA,"NUDT7",NA
NA,"GSTT2B",NA
NA,"PRIC285",NA
NA,"MGAT4A",NA
NA,"MIR181B1",NA
NA,"MIR181A1",NA
NA,"MIR205",NA
NA,"MIR215",NA
NA,"MIR34A",NA
NA,"MIR202",NA
NA,"MIR210",NA
NA,"MIR192",NA
NA,"MIR196A2",NA
NA,"MIR203",NA
NA,"MIR548Y",NA
NA,"MIR7-2",NA
NA,"MIR212",NA
NA,"MIR10A",NA
NA,"MIR181C",NA
NA,"MIR7-3",NA
NA,"SNORD23",NA
NA,"MIR10B",NA
NA,"MIR216A",NA
NA,"MIR3653",NA
NA,"MIR218-1",NA
NA,"MIR3936",NA
NA,"MIR218-2",NA
NA,"MIR219-1",NA
NA,"MIR182",NA
NA,"MIR183",NA
NA,"MIR181A2",NA
NA,"MIR199B",NA
NA,"MIR204",NA
NA,"MIR7-1",NA
NA,"MIR221",NA
NA,"MIR222",NA
NA,"MIR223",NA
NA,"OR56B1",NA
NA,"MOGAT1",NA
NA,"PFDN6",NA
NA,"ARF5",NA
NA,"KLF12",NA
NA,"ALPK3",NA
NA,"GK5",NA
NA,"THOC4",NA
NA,"NPM2",NA
NA,"MAST4",NA
NA,"TMEM236",NA
NA,"LOC641515",NA
NA,"KCNQ1DN",NA
NA,"MANSC4",NA
NA,"RPRML",NA
NA,"UNQ6975",NA
NA,"CAPSL",NA
NA,"C9orf29",NA
NA,"TIMM17B",NA
NA,"SORL1",NA
NA,"MEGF8",NA
NA,"NCOR1",NA
NA,"FABP3",NA
NA,"OR52L1",NA
NA,"IQCF4",NA
NA,"OPN1SW",NA
NA,"CYP20A1",NA
NA,"KIAA0226",NA
NA,"TMEM61",NA
NA,"TMEM225",NA
NA,"NPIP",NA
NA,"DMRTC1B",NA
NA,"DMRTC1",NA
NA,"MAP4",NA
NA,"PAPPA",NA
NA,"CALML6",NA
NA,"C1QA",NA
NA,"OR51Q1",NA
NA,"TAS2R7",NA
NA,"VPS25",NA
NA,"DSCR4",NA
NA,"RGPD2",NA
NA,"VPS29",NA
NA,"MPHOSPH6",NA
NA,"ROPN1",NA
NA,"C6orf186",NA
NA,"NUDT2",NA
NA,"SETBP1",NA
NA,"PPP1R9A",NA
NA,"TNFRSF4",NA
NA,"OR56A4",NA
NA,"TET3",NA
NA,"RC3H1",NA
NA,"RPS14",NA
NA,"NSA2",NA
NA,"TCEAL2",NA
NA,"ZAR1L",NA
NA,"TPSG1",NA
NA,"KRTAP4-9",NA
NA,"CRYBA2",NA
NA,"KRTAP10-10",NA
NA,"LOC653712",NA
NA,"SPATS1",NA
NA,"SETX",NA
NA,"DENND1B",NA
NA,"MPRIP",NA
NA,"SNORD67",NA
NA,"MIR365-2",NA
NA,"MIR1289-2",NA
NA,"MIR3666",NA
NA,"MIR3910-1",NA
NA,"MIR448",NA
NA,"MIR766",NA
NA,"MRPS21",NA
NA,"CDRT15P",NA
NA,"TSPO2",NA
NA,"TAS2R3",NA
NA,"SHROOM3",NA
NA,"NT5C1A",NA
NA,"CTSL1P2",NA
NA,"NTAN1",NA
NA,"CXCL1",NA
NA,"GNB2L1",NA
NA,"LOC643401",NA
NA,"C6orf72",NA
NA,"NIN",NA
NA,"NRTN",NA
NA,"LOC541471",NA
NA,"BPIFA3",NA
NA,"RAET1G",NA
NA,"PRRC2B",NA
NA,"C13orf15",NA
NA,"MTNR1A",NA
NA,"BET3L",NA
NA,"MRPL13",NA
NA,"BDP1",NA
NA,"DSTNP2",NA
NA,"APOBEC3C",NA
NA,"SAP30",NA
NA,"IGFBP7",NA
NA,"OR2B3",NA
NA,"SERF2",NA
NA,"ATG2B",NA
NA,"SMAD2",NA
NA,"LOC254312",NA
NA,"FAM26F",NA
NA,"RAB33A",NA
NA,"SNHG1",NA
NA,"ZNF524",NA
NA,"TCF4",NA
NA,"C9orf116",NA
NA,"PGAP1",NA
NA,"OR2T1",NA
NA,"MYL4",NA
NA,"WDR54",NA
NA,"C20orf195",NA
NA,"CBR3",NA
NA,"MIR497",NA
NA,"SNORD11B",NA
NA,"MIR548J",NA
NA,"LOC729013",NA
NA,"LXN",NA
NA,"TULP4",NA
NA,"VEGFB",NA
NA,"AQP12B",NA
NA,"COX7A2L",NA
NA,"CRYAA",NA
NA,"FAM92A1",NA
NA,"SH3BGRL3",NA
NA,"OR4C15",NA
NA,"C19orf20",NA
NA,"CCL25",NA
NA,"BRI3",NA
NA,"UGGT1",NA
NA,"C1orf70",NA
NA,"MMP7",NA
NA,"YIF1A",NA
NA,"PDE6D",NA
NA,"NKX6-1",NA
NA,"PSMG4",NA
NA,"DMXL1",NA
NA,"VSIG2",NA
NA,"OR52I2",NA
NA,"CINP",NA
NA,"HIGD2B",NA
NA,"ECI1",NA
NA,"MRPS22",NA
NA,"ING2",NA
NA,"RP9",NA
NA,"GJC3",NA
NA,"C5orf42",NA
NA,"NFASC",NA
NA,"ATRX",NA
NA,"APOA1BP",NA
NA,"NXT1",NA
NA,"MAP1LC3A",NA
NA,"UCHL1",NA
NA,"MRPS18C",NA
NA,"UFC1",NA
NA,"ITGB3BP",NA
NA,"LOC100129827",NA
NA,"EIF3G",NA
NA,"CFC1",NA
NA,"GOLGB1",NA
NA,"BTN3A2",NA
NA,"TTN",NA
NA,"FMNL3",NA
NA,"FCGR1B",NA
NA,"KRTAP5-2",NA
NA,"DYNLL1",NA
NA,"DCTPP1",NA
NA,"DERL2",NA
NA,"TBC1D3P1-DHX40P1",NA
NA,"HLA-DQB2",NA
NA,"HLA-DMA",NA
NA,"FAM166A",NA
NA,"SSR2",NA
NA,"C10orf136",NA
NA,"FAM96B",NA
NA,"ITGB1BP3",NA
NA,"RPL13A",NA
NA,"LOC285540",NA
NA,"FOXK1",NA
NA,"LOC100499466",NA
NA,"LOC100131060",NA
NA,"RNASE1",NA
NA,"OR10H1",NA
NA,"DCTN6",NA
NA,"APC",NA
NA,"RASAL2",NA
NA,"MIR1250",NA
NA,"RNF223",NA
NA,"NBPF15",NA
NA,"LRRC52",NA
NA,"FLJ32224",NA
NA,"KLKP1",NA
NA,"MTRNR2L10",NA
NA,"SDK1",NA
NA,"SPHAR",NA
NA,"LOC149134",NA
NA,"TSPAN8",NA
NA,"SRP14",NA
NA,"LOC728323",NA
NA,"PSMG1",NA
NA,"FLJ34208",NA
NA,"CSNK2B",NA
NA,"C9orf23",NA
NA,"CBL",NA
NA,"NCRNA00238",NA
NA,"LGALS17A",NA
NA,"HDAC9",NA
NA,"IGF1R",NA
NA,"OR52B4",NA
NA,"OR51D1",NA
NA,"HSD17B3",NA
NA,"PLAC1",NA
NA,"USP34",NA
NA,"SH3PXD2A",NA
NA,"C12orf60",NA
NA,"COPE",NA
NA,"TNNT1",NA
NA,"PCDH11Y",NA
NA,"PRG2",NA
NA,"FAM138D",NA
NA,"MYEOV2",NA
NA,"TST",NA
NA,"APOD",NA
NA,"COL6A3",NA
NA,"SBNO1",NA
NA,"KRTAP5-5",NA
NA,"KLK14",NA
NA,"PIGF",NA
NA,"FAM138F",NA
NA,"UBE2U",NA
NA,"LOC283481",NA
NA,"FAM138E",NA
NA,"TPPP3",NA
NA,"FAM138A",NA
NA,"FAM138B",NA
NA,"GPR27",NA
NA,"FAM138C",NA
NA,"RHOD",NA
NA,"RERGL",NA
NA,"PDCD6",NA
NA,"KHDC1",NA
NA,"FAM163B",NA
NA,"KCNQ3",NA
NA,"MIR765",NA
NA,"SNORD89",NA
NA,"CERS1",NA
NA,"SDHAF1",NA
NA,"TXNRD3NB",NA
NA,"LOC646576",NA
NA,"RNF5",NA
NA,"ACACA",NA
NA,"SHROOM4",NA
NA,"LYRM5",NA
NA,"EBI3",NA
NA,"S100B",NA
NA,"NQO2",NA
NA,"TREML3",NA
NA,"OR2L2",NA
NA,"LOC100505648",NA
NA,"C19orf40",NA
NA,"MAS1",NA
NA,"RPL19P12",NA
NA,"MRPL28",NA
NA,"RNASEH2A",NA
NA,"WASH5P",NA
NA,"C6orf15",NA
NA,"ZZEF1",NA
NA,"LAMA5",NA
NA,"DISC1",NA
NA,"LOC100505633",NA
NA,"DEFB118",NA
NA,"GSTM2P1",NA
NA,"TATDN1",NA
NA,"CELSR1",NA
NA,"BRCA2",NA
NA,"ATP5C1",NA
NA,"TTC9C",NA
NA,"UNC50",NA
NA,"MAS1L",NA
NA,"ACVR2B",NA
NA,"SDHB",NA
NA,"TIMM8B",NA
NA,"DGUOK",NA
NA,"RSPH9",NA
NA,"PTPRB",NA
NA,"LCE1B",NA
NA,"REP15",NA
NA,"JSRP1",NA
NA,"GGTLC1",NA
NA,"LOC728723",NA
NA,"ZHX1-C8ORF76",NA
NA,"IFNK",NA
NA,"MYO10",NA
NA,"TEX12",NA
NA,"LOC441025",NA
NA,"IPO9",NA
NA,"MKLN1",NA
NA,"KCTD14",NA
NA,"MIR454",NA
NA,"MIR663B",NA
NA,"THEM5",NA
NA,"CLRN3",NA
NA,"C11orf42",NA
NA,"LOC606724",NA
NA,"WNK3",NA
NA,"IL18",NA
NA,"RPSAP52",NA
NA,"CCDC101",NA
NA,"KRTAP4-8",NA
NA,"OAZ1",NA
NA,"LIN37",NA
NA,"NEU2",NA
NA,"LOC641746",NA
NA,"PLXNA2",NA
NA,"ITLN2",NA
NA,"EXOSC1",NA
NA,"LOC644656",NA
NA,"IL22",NA
NA,"ANKRD63",NA
NA,"FAM103A1",NA
NA,"MYL1",NA
NA,"S100Z",NA
NA,"TAS2R38",NA
NA,"ENDOG",NA
NA,"CHD9",NA
NA,"NUDT22",NA
NA,"LSM4",NA
NA,"VAX2",NA
NA,"VKORC1L1",NA
NA,"ARL17A",NA
NA,"C13orf27",NA
NA,"CEACAM3",NA
NA,"ZNF550",NA
NA,"LOC100128023",NA
NA,"CHIC2",NA
NA,"PIR",NA
NA,"WDR33",NA
NA,"RAB13",NA
NA,"RXFP4",NA
NA,"PTMS",NA
NA,"PIGL",NA
NA,"CLPP",NA
NA,"SDHAP3",NA
NA,"MECP2",NA
NA,"CA4",NA
NA,"GPS2",NA
NA,"ODF4",NA
NA,"TAAR5",NA
NA,"ZDHHC12",NA
NA,"FOXR1",NA
NA,"TMCO5A",NA
NA,"HLA-DQA2",NA
NA,"ZNRD1",NA
NA,"GPR157",NA
NA,"DEPDC4",NA
NA,"CXCL3",NA
NA,"TAS2R5",NA
NA,"C9orf129",NA
NA,"PLEKHG4B",NA
NA,"MIR548K",NA
NA,"MIR492",NA
NA,"PDCD2L",NA
NA,"PSORS1C2",NA
NA,"LOC728724",NA
NA,"BASP1P1",NA
NA,"PSMG2",NA
NA,"RPP40",NA
NA,"COL12A1",NA
NA,"RORA",NA
NA,"KCNK18",NA
NA,"LOC100499227",NA
NA,"MORN3",NA
NA,"CCDC70",NA
NA,"LOC79015",NA
NA,"C20orf196",NA
NA,"GNAS-AS1",NA
NA,"TNFRSF6B",NA
NA,"UQCR10",NA
NA,"RRP36",NA
NA,"EBP",NA
NA,"PPM1A",NA
NA,"ZC3H6",NA
NA,"REXO2",NA
NA,"LOC440335",NA
NA,"PROKR2",NA
NA,"IRAK1BP1",NA
NA,"C7orf45",NA
NA,"LOC440563",NA
NA,"XRCC6BP1",NA
NA,"MCF2L-AS1",NA
NA,"PNMT",NA
NA,"CFD",NA
NA,"STX19",NA
NA,"TSPY2",NA
NA,"CHD7",NA
NA,"ZNF652",NA
NA,"UTF1",NA
NA,"CETN1",NA
NA,"GALR3",NA
NA,"LOC100131726",NA
NA,"PSKH2",NA
NA,"FBL",NA
NA,"PET117",NA
NA,"C6orf108",NA
NA,"CNR1",NA
NA,"POLR3GL",NA
NA,"LOC648809",NA
NA,"PEX11A",NA
NA,"C1QBP",NA
NA,"KRTAP26-1",NA
NA,"SLC5A3",NA
NA,"MS4A12",NA
NA,"MIAT",NA
NA,"FCER1A",NA
NA,"SRSF9",NA
NA,"CENPV",NA
NA,"LOC653653",NA
NA,"LIM2",NA
NA,"HLA-DRB1",NA
NA,"TLN2",NA
NA,"SPEG",NA
NA,"MIR1257",NA
NA,"MIR941-1",NA
NA,"MESP1",NA
NA,"TPSB2",NA
NA,"HERC2P4",NA
NA,"MRPL39",NA
NA,"C11orf41",NA
NA,"ANKRD12",NA
NA,"TIMM23",NA
NA,"LOC388553",NA
NA,"PDZD2",NA
NA,"TCL1B",NA
NA,"TMEM95",NA
NA,"HLA-DRB5",NA
NA,"NAV2",NA
NA,"FBN1",NA
NA,"LOC439994",NA
NA,"NME6",NA
NA,"FKSG83",NA
NA,"C6orf81",NA
NA,"TCEAL5",NA
NA,"CDCA3",NA
NA,"FRYL",NA
NA,"ANKS1B",NA
NA,"ZEB2",NA
NA,"LOC149086",NA
NA,"ACOT8",NA
NA,"TFPI2",NA
NA,"FUNDC1",NA
NA,"SPTBN5",NA
NA,"PGLYRP3",NA
NA,"CMTM8",NA
NA,"FAM150A",NA
NA,"ISCU",NA
NA,"C9orf173",NA
NA,"SAT1",NA
NA,"C10orf131",NA
NA,"CDKL1",NA
NA,"C6orf130",NA
NA,"RANBP2",NA
NA,"MEF2C",NA
NA,"EBLN1",NA
NA,"RHEBL1",NA
NA,"GLRX5",NA
NA,"UTS2R",NA
NA,"LOC728819",NA
NA,"HESX1",NA
NA,"FGFBP2",NA
NA,"MIR769",NA
NA,"C1orf111",NA
NA,"ID2B",NA
NA,"KIAA2022",NA
NA,"ZNF738",NA
NA,"KRTAP4-11",NA
NA,"RCVRN",NA
NA,"HTR1B",NA
NA,"VCX3B",NA
NA,"TANC2",NA
NA,"MAP3K13",NA
NA,"LOC100505817",NA
NA,"BRK1",NA
NA,"MRPL47",NA
NA,"LOC100144602",NA
NA,"PDE4D",NA
NA,"NR3C1",NA
NA,"ITLN1",NA
NA,"LAMTOR1",NA
NA,"C14orf142",NA
NA,"TWIST2",NA
NA,"SV2B",NA
NA,"ASH1L",NA
NA,"BPTF",NA
NA,"RPL6",NA
NA,"CTRL",NA
NA,"GINS2",NA
NA,"KRTAP1-5",NA
NA,"IL36G",NA
NA,"CDK6",NA
NA,"TNFAIP8L2",NA
NA,"APOE",NA
NA,"LOC100505545",NA
NA,"MAVS",NA
NA,"GSTM1",NA
NA,"LCE1E",NA
NA,"SLC35B1",NA
NA,"FAM187B",NA
NA,"APOC1P1",NA
NA,"TTC28",NA
NA,"LOC100507564",NA
NA,"MRPL16",NA
NA,"THRSP",NA
NA,"DLEU7",NA
NA,"INO80E",NA
NA,"LOC401397",NA
NA,"ASAP1-IT1",NA
NA,"SEMA5A",NA
NA,"IGFN1",NA
NA,"WDR61",NA
NA,"FGFBP1",NA
NA,"CLTB",NA
NA,"HCG26",NA
NA,"IL6",NA
NA,"AZGP1P1",NA
NA,"MYO15A",NA
NA,"SNAR-C3",NA
NA,"SNAR-D",NA
NA,"MIR3909",NA
NA,"MIR98",NA
NA,"KRTAP5-4",NA
NA,"TRIAP1",NA
NA,"PROKR1",NA
NA,"PTPLB",NA
NA,"POU4F3",NA
NA,"ZNF33A",NA
NA,"PEAK1",NA
NA,"UBTFL1",NA
NA,"RAB4B",NA
NA,"APOBEC3B",NA
NA,"NDUFA6",NA
NA,"TAC1",NA
NA,"TCEAL7",NA
NA,"PSD3",NA
NA,"HIVEP3",NA
NA,"TRPC2",NA
NA,"KRTAP5-8",NA
NA,"ESD",NA
NA,"PON3",NA
NA,"RIPPLY1",NA
NA,"NIPBL",NA
NA,"AKR1C4",NA
NA,"C11orf86",NA
NA,"NDUFA4L2",NA
NA,"MYL9",NA
NA,"OSTCL",NA
NA,"MRPS18A",NA
NA,"MCART2",NA
NA,"FAM125A",NA
NA,"ZNHIT1",NA
NA,"C9orf4",NA
NA,"UBE2NL",NA
NA,"MGC27382",NA
NA,"CRADD",NA
NA,"NPVF",NA
NA,"MGC16075",NA
NA,"SUSD3",NA
NA,"LAMP2",NA
NA,"GSC",NA
NA,"PRELID1",NA
NA,"CUBN",NA
NA,"LOC150622",NA
NA,"CUEDC2",NA
NA,"KRTAP5-9",NA
NA,"SERPINB10",NA
NA,"UBE2S",NA
NA,"MAP1LC3C",NA
NA,"C10orf53",NA
NA,"LIPN",NA
NA,"TPSAB1",NA
NA,"RBKS",NA
NA,"MRGPRX1",NA
NA,"ODF3L1",NA
NA,"C5orf60",NA
NA,"CXorf26",NA
NA,"ERBB4",NA
NA,"CBX5",NA
NA,"SNAR-E",NA
NA,"SNAR-B2",NA
NA,"SNAR-B1",NA
NA,"SNAR-H",NA
NA,"MIR1284",NA
NA,"LOC100128081",NA
NA,"LIPK",NA
NA,"CCDC84",NA
NA,"TMEM219",NA
NA,"IGFLR1",NA
NA,"NCRNA00219",NA
NA,"GUSBP2",NA
NA,"NCR2",NA
NA,"A2MP1",NA
NA,"TLCD1",NA
NA,"CEACAM18",NA
NA,"NPHP3-ACAD11",NA
NA,"C6orf58",NA
NA,"PNOC",NA
NA,"GPR119",NA
NA,"NOTCH2",NA
NA,"PHIP",NA
NA,"CELSR3",NA
NA,"LOC254100",NA
NA,"APOH",NA
NA,"SLC35G6",NA
NA,"LOC100507410",NA
NA,"NCR1",NA
NA,"LIME1",NA
NA,"LRRC26",NA
NA,"NCRNA00339",NA
NA,"NUDT5",NA
NA,"TMIGD1",NA
NA,"BPIFA4P",NA
NA,"SLC25A48",NA
NA,"C5orf45",NA
NA,"CMTM5",NA
NA,"SGPP2",NA
NA,"PRTG",NA
NA,"TRAPPC4",NA
NA,"NUP37",NA
NA,"CYB561D2",NA
NA,"USP17L6P",NA
NA,"TBC1D21",NA
NA,"HPVC1",NA
NA,"MAP1B",NA
NA,"CRIP2",NA
NA,"C16orf42",NA
NA,"GDF15",NA
NA,"CEACAM4",NA
NA,"CXCL13",NA
NA,"CEBPE",NA
NA,"TFPT",NA
NA,"CXCL2",NA
NA,"SAA4",NA
NA,"SNORA32",NA
NA,"SNAR-A3",NA
NA,"SNAR-I",NA
NA,"CPO",NA
NA,"RAB32",NA
NA,"SLC35G5",NA
NA,"LOC100132396",NA
NA,"MDK",NA
NA,"LOC100506451",NA
NA,"PEMT",NA
NA,"OR3A4",NA
NA,"MBNL3",NA
NA,"MGA",NA
NA,"OR7E37P",NA
NA,"LOC100287036",NA
NA,"ARL16",NA
NA,"SERTAD1",NA
NA,"ARGFXP2",NA
NA,"CYC1",NA
NA,"C8orf59",NA
NA,"CER1",NA
NA,"CSRNP3",NA
NA,"HEBP1",NA
NA,"NSMCE2",NA
NA,"ASPH",NA
NA,"SUMO1P3",NA
NA,"SNF8",NA
NA,"ATP5D",NA
NA,"C2orf80",NA
NA,"BMPR2",NA
NA,"LOC440700",NA
NA,"LOC100506368",NA
NA,"SIRT4",NA
NA,"IFNG",NA
NA,"PRR25",NA
NA,"TAOK1",NA
NA,"GABRA4",NA
NA,"LOC100129138",NA
NA,"KLRC2",NA
NA,"LOC100134259",NA
NA,"CLDN20",NA
NA,"OR7E12P",NA
NA,"C12orf10",NA
NA,"LOC284801",NA
NA,"SUMO1P1",NA
NA,"C4orf27",NA
NA,"GMNN",NA
NA,"SCXA",NA
NA,"RNF183",NA
NA,"PLEKHJ1",NA
NA,"DGCR6",NA
NA,"TCEAL8",NA
NA,"MIR499",NA
NA,"SNORA26",NA
NA,"LOC100630923",NA
NA,"ARHGDIB",NA
NA,"DHRS7C",NA
NA,"MYL12B",NA
NA,"DKKL1",NA
NA,"GSX2",NA
NA,"NCRNA00326",NA
NA,"VGLL1",NA
NA,"SERPINB12",NA
NA,"OR2B2",NA
NA,"SNRPC",NA
NA,"WNK1",NA
NA,"SPESP1",NA
NA,"DGCR6L",NA
NA,"CXCL10",NA
NA,"GUSBP9",NA
NA,"TPI1P3",NA
NA,"LLPH",NA
NA,"LOC100288778",NA
NA,"SOCS1",NA
NA,"TSPY26P",NA
NA,"AKR1C3",NA
NA,"SDHAF2",NA
NA,"C2orf27A",NA
NA,"AIMP2",NA
NA,"C8orf12",NA
NA,"ZNF264",NA
NA,"UPK1A",NA
NA,"C20orf166",NA
NA,"CTHRC1",NA
NA,"SLC1A2",NA
NA,"PPP1R12B",NA
NA,"FGF4",NA
NA,"LOC100133286",NA
NA,"FGF17",NA
NA,"GLTPD2",NA
NA,"ACYP2",NA
NA,"RPUSD3",NA
NA,"MYO5A",NA
NA,"LOC284379",NA
NA,"WBP1",NA
NA,"TM4SF19",NA
NA,"HLA-DQB1",NA
NA,"C9orf21",NA
NA,"GAGE2D",NA
NA,"SCAI",NA
NA,"CDK12",NA
NA,"SNORA54",NA
NA,"SNAR-F",NA
NA,"P2RX6P",NA
NA,"FAM71E1",NA
NA,"NME5",NA
NA,"LY6H",NA
NA,"NUBP1",NA
NA,"SPEN",NA
NA,"GDF3",NA
NA,"HCFC1R1",NA
NA,"UQCRFS1",NA
NA,"PRSS3",NA
NA,"SPACA5",NA
NA,"SPATA9",NA
NA,"SPATA17",NA
NA,"LIN7A",NA
NA,"ZNF581",NA
NA,"ITGB1BP2",NA
NA,"FTH1",NA
NA,"SDR39U1",NA
NA,"MYL12A",NA
NA,"TCF15",NA
NA,"MRAP",NA
NA,"CXorf64",NA
NA,"ANKRD50",NA
NA,"GPX7",NA
NA,"EIF3M",NA
NA,"CCL5",NA
NA,"GRHPR",NA
NA,"EP400",NA
NA,"LOC388692",NA
NA,"PRR9",NA
NA,"LOR",NA
NA,"AIP",NA
NA,"AURKB",NA
NA,"OR7E91P",NA
NA,"SPATA4",NA
NA,"GIMAP7",NA
NA,"TTC35",NA
NA,"INGX",NA
NA,"FAM59A",NA
NA,"KLRC3",NA
NA,"HSD17B14",NA
NA,"LOC100144597",NA
NA,"OPN1LW",NA
NA,"FLT1",NA
NA,"DNAH3",NA
NA,"IL20",NA
NA,"GBP1P1",NA
NA,"HLA-DRB6",NA
NA,"SVEP1",NA
NA,"CD302",NA
NA,"C14orf153",NA
NA,"MTRNR2L4",NA
NA,"ATG3",NA
NA,"NRGN",NA
NA,"CCDC85B",NA
NA,"OIP5",NA
NA,"PPIC",NA
NA,"SIT1",NA
NA,"CYMP",NA
NA,"PUSL1",NA
NA,"MMP23B",NA
NA,"LGALS9B",NA
NA,"ARID3C",NA
NA,"DNAH7",NA
NA,"MMP23A",NA
NA,"ISOC2",NA
NA,"FAM174A",NA
NA,"FMN1",NA
NA,"AKR7A3",NA
NA,"LOC221122",NA
NA,"SMAGP",NA
NA,"GNPTG",NA
NA,"LOC286094",NA
NA,"NANS",NA
NA,"TALDO1",NA
NA,"NTS",NA
NA,"KLRF1",NA
NA,"LOC100507589",NA
NA,"KRTAP10-11",NA
NA,"ZNF735",NA
NA,"UTRN",NA
NA,"LOC100133331",NA
NA,"WNT9A",NA
NA,"GPR139",NA
NA,"C22orf36",NA
NA,"TNRC6C",NA
NA,"MLNR",NA
NA,"HPR",NA
NA,"LOC100506012",NA
NA,"PIH1D1",NA
NA,"KRTAP10-6",NA
NA,"PRSS38",NA
NA,"EDN2",NA
NA,"LOC100133315",NA
NA,"IMP3",NA
NA,"VSTM2B",NA
NA,"IER3",NA
NA,"DHRS4L1",NA
NA,"SUN5",NA
NA,"PDZD11",NA
NA,"SNORA77",NA
NA,"SCARNA22",NA
NA,"RNU6ATAC",NA
NA,"ACMSD",NA
NA,"LOC388906",NA
NA,"HINT1",NA
NA,"VCAN",NA
NA,"C10orf62",NA
NA,"RNASET2",NA
NA,"DECR1",NA
NA,"C9orf71",NA
NA,"COX15",NA
NA,"CCR10",NA
NA,"CBR1",NA
NA,"FAM127A",NA
NA,"DUSP12",NA
NA,"TM2D1",NA
NA,"PROCA1",NA
NA,"IFI35",NA
NA,"DEC1",NA
NA,"WDR38",NA
NA,"CELF2",NA
NA,"C22orf24",NA
NA,"TMEM14C",NA
NA,"C10orf107",NA
NA,"KRT33A",NA
NA,"TMEM147",NA
NA,"DDRGK1",NA
NA,"RTDR1",NA
NA,"CLIC1",NA
NA,"POLB",NA
NA,"TEX13B",NA
NA,"SSX1",NA
NA,"MACROD1",NA
NA,"CD320",NA
NA,"TAMM41",NA
NA,"CCL8",NA
NA,"PHPT1",NA
NA,"FAM9C",NA
NA,"ZFP92",NA
NA,"TSPY1",NA
NA,"ADCY1",NA
NA,"XIRP1",NA
NA,"CCDC75",NA
NA,"AQP7",NA
NA,"MKI67",NA
NA,"RNF186",NA
NA,"EIF3F",NA
NA,"ASPDH",NA
NA,"SEC14L6",NA
NA,"SNORA19",NA
NA,"SNORD22",NA
NA,"MIR3908",NA
NA,"SNORA27",NA
NA,"SNORA28",NA
NA,"SCARNA27",NA
NA,"MFAP2",NA
NA,"PLA2G2A",NA
NA,"FGF8",NA
NA,"LOC645781",NA
NA,"MGC39372",NA
NA,"CEBPD",NA
NA,"NOS1",NA
NA,"SRGN",NA
NA,"APIP",NA
NA,"CDKN2AIPNL",NA
NA,"ITPR2",NA
NA,"NAA38",NA
NA,"TRRAP",NA
NA,"FAM19A3",NA
NA,"CCDC103",NA
NA,"GSTA1",NA
NA,"VPS13A",NA
NA,"NEUROG3",NA
NA,"CFL1",NA
NA,"ECH1",NA
NA,"KLK13",NA
NA,"HSP90AA4P",NA
NA,"TREX2",NA
NA,"NCRNA00292",NA
NA,"LOC100101266",NA
NA,"SPRR1A",NA
NA,"LOC201477",NA
NA,"KRTAP10-9",NA
NA,"INO80B",NA
NA,"AKAP9",NA
NA,"PRUNE2",NA
NA,"USP9X",NA
NA,"TRAPPC3",NA
NA,"PYGO1",NA
NA,"FAHD2B",NA
NA,"SSTR4",NA
NA,"NEURL2",NA
NA,"GPR174",NA
NA,"FAM123C",NA
NA,"TSHZ2",NA
NA,"TNNT3",NA
NA,"COQ3",NA
NA,"GPR151",NA
NA,"FAM86B2",NA
NA,"SNORA40",NA
NA,"SNORA11B",NA
NA,"SCARNA15",NA
NA,"SNORA78",NA
NA,"NME1-NME2",NA
NA,"SNORA36C",NA
NA,"SNORA11C",NA
NA,"MGMT",NA
NA,"RTN4RL2",NA
NA,"PRO1768",NA
NA,"FOXI3",NA
NA,"C8orf22",NA
NA,"PRAF2",NA
NA,"BMP15",NA
NA,"SORCS1",NA
NA,"CTXN1",NA
NA,"NIT2",NA
NA,"AZGP1",NA
NA,"TCTEX1D4",NA
NA,"TRIM78P",NA
NA,"C12orf70",NA
NA,"LOC100289673",NA
NA,"BRIX1",NA
NA,"RELN",NA
NA,"PPIL3",NA
NA,"SYNM",NA
NA,"JRK",NA
NA,"SRM",NA
NA,"C15orf43",NA
NA,"C16orf86",NA
NA,"SGK110",NA
NA,"DNAJB3",NA
NA,"CBY1",NA
NA,"C5orf39",NA
NA,"TCP10",NA
NA,"ERAS",NA
NA,"EPG5",NA
NA,"PHC3",NA
NA,"GPR148",NA
NA,"CCDC109B",NA
NA,"PTPRT",NA
NA,"FLYWCH2",NA
NA,"FAM98C",NA
NA,"EIF3H",NA
NA,"STOML2",NA
NA,"ZDHHC3",NA
NA,"CCDC134",NA
NA,"FAM157A",NA
NA,"HTR1A",NA
NA,"GUK1",NA
NA,"NR0B2",NA
NA,"BRI3BP",NA
NA,"LGALS4",NA
NA,"RPL7L1",NA
NA,"POM121L12",NA
NA,"SNAR-G1",NA
NA,"NCRNA00159",NA
NA,"MIR490",NA
NA,"LMO1",NA
NA,"DHRS4",NA
NA,"PSMA4",NA
NA,"GPX4",NA
NA,"TIFAB",NA
NA,"ZSCAN16",NA
NA,"FAM157B",NA
NA,"ELK4",NA
NA,"DNAH6",NA
NA,"WIBG",NA
NA,"MTIF3",NA
NA,"TIPIN",NA
NA,"CFDP1",NA
NA,"CHAC2",NA
NA,"DCUN1D5",NA
NA,"ASNA1",NA
NA,"ITPA",NA
NA,"C21orf15",NA
NA,"CLDN3",NA
NA,"CLMN",NA
NA,"ALG5",NA
NA,"HAAO",NA
NA,"MTFP1",NA
NA,"LRTM1",NA
NA,"FCN1",NA
NA,"TCEAL3",NA
NA,"FLG",NA
NA,"LOC100505933",NA
NA,"ZNF32",NA
NA,"SFTPD",NA
NA,"MYL6B",NA
NA,"CLEC4A",NA
NA,"PMM1",NA
NA,"LY6E",NA
NA,"BRWD3",NA
NA,"LOC646813",NA
NA,"CALR3",NA
NA,"CXorf66",NA
NA,"C1QC",NA
NA,"ODF3",NA
NA,"DNTTIP1",NA
NA,"MED28",NA
NA,"ODAM",NA
NA,"NINJ1",NA
NA,"DNAJC4",NA
NA,"LYZL6",NA
NA,"SH3BGR",NA
NA,"IL13",NA
NA,"HEBP2",NA
NA,"HLA-DRA",NA
NA,"GJB5",NA
NA,"C17orf46",NA
NA,"CD7",NA
NA,"ZFAND2B",NA
NA,"C2orf52",NA
NA,"MRPL2",NA
NA,"FUT9",NA
NA,"SCARNA4",NA
NA,"MIR1272",NA
NA,"SNORA30",NA
NA,"SNORA37",NA
NA,"SNORA56",NA
NA,"C14orf128",NA
NA,"PSCA",NA
NA,"LOC100132352",NA
NA,"UBXN1",NA
NA,"LOC404266",NA
NA,"VSTM2A",NA
NA,"C1orf35",NA
NA,"SCAMP2",NA
NA,"GCG",NA
NA,"C3orf49",NA
NA,"LOC554223",NA
NA,"APOO",NA
NA,"LBX1",NA
NA,"PPP1R7",NA
NA,"AP3S1",NA
NA,"CLEC2L",NA
NA,"FBXO16",NA
NA,"RAB3B",NA
NA,"TCEB2",NA
NA,"PCDH15",NA
NA,"MRPL9",NA
NA,"ID3",NA
NA,"FANK1",NA
NA,"C14orf177",NA
NA,"C16orf80",NA
NA,"GPR77",NA
NA,"SERPINB1",NA
NA,"LOC100289187",NA
NA,"CTSW",NA
NA,"BDKRB1",NA
NA,"MIMT1",NA
NA,"SRRD",NA
NA,"LOC201651",NA
NA,"ASTL",NA
NA,"ARL14",NA
NA,"SSR4",NA
NA,"CMYA5",NA
NA,"LOC283403",NA
NA,"TBPL2",NA
NA,"C22orf43",NA
NA,"C3orf26",NA
NA,"PCNX",NA
NA,"LOC127841",NA
NA,"MTRNR2L8",NA
NA,"ALX1",NA
NA,"CCDC104",NA
NA,"ALMS1",NA
NA,"PRLR",NA
NA,"SNORA61",NA
NA,"SNORA3",NA
NA,"SNORA1",NA
NA,"SNORA31",NA
NA,"SCARNA20",NA
NA,"RNU4ATAC",NA
NA,"SNORA36A",NA
NA,"SCARNA23",NA
NA,"HAX1",NA
NA,"CITED4",NA
NA,"C11orf31",NA
NA,"FAHD2A",NA
NA,"MGC16142",NA
NA,"ASB12",NA
NA,"CFHR1",NA
NA,"PPA1",NA
NA,"TMEM202",NA
NA,"POMC",NA
NA,"LOC100132735",NA
NA,"RP9P",NA
NA,"BNC2",NA
NA,"ACY3",NA
NA,"LOC100131655",NA
NA,"TMEM14E",NA
NA,"AP1S1",NA
NA,"ARR3",NA
NA,"CCDC54",NA
NA,"TRIML2",NA
NA,"LOC100132163",NA
NA,"BCAS2",NA
NA,"PMVK",NA
NA,"MRGPRE",NA
NA,"SAMD1",NA
NA,"NR2C2AP",NA
NA,"HOXD4",NA
NA,"ECEL1P2",NA
NA,"POU5F2",NA
NA,"LOC100506804",NA
NA,"SSX2B",NA
NA,"LOC100507392",NA
NA,"ZNHIT2",NA
NA,"C15orf61",NA
NA,"PTMA",NA
NA,"GAR1",NA
NA,"GALR2",NA
NA,"LOC284408",NA
NA,"CALM2",NA
NA,"MDH2",NA
NA,"RNF113A",NA
NA,"DDHD1",NA
NA,"LOC113230",NA
NA,"HIST1H2BD",NA
NA,"FBP2",NA
NA,"CCDC160",NA
NA,"SAMD8",NA
NA,"SSU72",NA
NA,"SLC38A8",NA
NA,"HMGN1",NA
NA,"TMEM191C",NA
NA,"FAM3D",NA
NA,"FOXB2",NA
NA,"CDR1",NA
NA,"NBEA",NA
NA,"H1FNT",NA
NA,"NNAT",NA
NA,"TUBB4Q",NA
NA,"THG1L",NA
NA,"C6orf163",NA
NA,"SNORA36B",NA
NA,"SNORA45",NA
NA,"SNORA24",NA
NA,"SCARNA8",NA
NA,"SNORA11",NA
NA,"PTPLA",NA
NA,"PABPN1L",NA
NA,"GSTT2",NA
NA,"PSMD6",NA
NA,"RWDD1",NA
NA,"KCNK9",NA
NA,"XIRP2",NA
NA,"CALML3",NA
NA,"METTL1",NA
NA,"GAPDH",NA
NA,"KLK8",NA
NA,"C19orf59",NA
NA,"SULT1B1",NA
NA,"LOC100130275",NA
NA,"RNF148",NA
NA,"C3orf63",NA
NA,"ODZ1",NA
NA,"CCNT2",NA
NA,"NMB",NA
NA,"AQP8",NA
NA,"GSTA2",NA
NA,"HES5",NA
NA,"GSTO1",NA
NA,"AGPHD1",NA
NA,"MGC3771",NA
NA,"KLK12",NA
NA,"LOC285205",NA
NA,"LOC100287834",NA
NA,"OSTF1",NA
NA,"DNAH1",NA
NA,"CSMD2",NA
NA,"RUSC1-AS1",NA
NA,"CD3G",NA
NA,"SNRPB",NA
NA,"PPBP",NA
NA,"GPR150",NA
NA,"TAF1D",NA
NA,"C18orf18",NA
NA,"RPSA",NA
NA,"PRRX2",NA
NA,"SPTBN1",NA
NA,"LOC338579",NA
NA,"CD9",NA
NA,"NUDT16",NA
NA,"ELOVL3",NA
NA,"NPFFR1",NA
NA,"ART1",NA
NA,"CLEC4C",NA
NA,"STMN4",NA
NA,"CD79B",NA
NA,"FAM26D",NA
NA,"STEAP1",NA
NA,"ATM",NA
NA,"PILRA",NA
NA,"ANXA2P2",NA
NA,"SNORA44",NA
NA,"SNORA25",NA
NA,"SNORA18",NA
NA,"SNORA38B",NA
NA,"SNORA41",NA
NA,"SNORA51",NA
NA,"SNORA20",NA
NA,"SNORA38",NA
NA,"SNORA5B",NA
NA,"SNORA72",NA
NA,"SNORA69",NA
NA,"STARD5",NA
NA,"C19orf34",NA
NA,"VN1R2",NA
NA,"MANBAL",NA
NA,"POLR1C",NA
NA,"C9orf85",NA
NA,"TMOD4",NA
NA,"REG3A",NA
NA,"TBPL1",NA
NA,"TSSK3",NA
NA,"C11orf48",NA
NA,"CRNDE",NA
NA,"C2orf62",NA
NA,"SFN",NA
NA,"ZDHHC24",NA
NA,"CD27",NA
NA,"CACNG1",NA
NA,"THEG",NA
NA,"REG3G",NA
NA,"NAT2",NA
NA,"LRRC69",NA
NA,"ENAH",NA
NA,"NCRNA00115",NA
NA,"LOC147646",NA
NA,"ZNFX1-AS1",NA
NA,"SLC10A5",NA
NA,"RHOG",NA
NA,"CGRRF1",NA
NA,"RNF126P1",NA
NA,"FOXS1",NA
NA,"BTC",NA
NA,"FLJ23152",NA
NA,"SPIN2A",NA
NA,"MAD2L2",NA
NA,"VPS72",NA
NA,"NUDC",NA
NA,"MC5R",NA
NA,"CPA2",NA
NA,"CCDC166",NA
NA,"DNASE1L2",NA
NA,"ENTPD1",NA
NA,"SNORA16B",NA
NA,"SNORA66",NA
NA,"SNORA10",NA
NA,"SNORA21",NA
NA,"SNORA76",NA
NA,"SNORA68",NA
NA,"SNORA13",NA
NA,"SNORA33",NA
NA,"SNORA9",NA
NA,"SNORA15",NA
NA,"SNORA84",NA
NA,"MIR1256",NA
NA,"FLJ41350",NA
NA,"PFDN1",NA
NA,"CTSC",NA
NA,"ZNF469",NA
NA,"BDNF",NA
NA,"PSMD4",NA
NA,"ASB17",NA
NA,"ECHS1",NA
NA,"ANG",NA
NA,"NAPSB",NA
NA,"GGCT",NA
NA,"TSR2",NA
NA,"NSL1",NA
NA,"BEND5",NA
NA,"PPP4C",NA
NA,"EIF1",NA
NA,"C2orf27B",NA
NA,"ACTG2",NA
NA,"GBX1",NA
NA,"KCNN3",NA
NA,"AKR7A2P1",NA
NA,"LOC100133991",NA
NA,"MOBKL1B",NA
NA,"GALT",NA
NA,"NSD1",NA
NA,"CNIH2",NA
NA,"VTI1B",NA
NA,"QTRT1",NA
NA,"DDAH2",NA
NA,"C15orf50",NA
NA,"LOC100506172",NA
NA,"TMEM191B",NA
NA,"MRPS36",NA
NA,"EPO",NA
NA,"PLCXD1",NA
NA,"CDNF",NA
NA,"PDZD9",NA
NA,"HEXIM2",NA
NA,"NAA20",NA
NA,"CT47B1",NA
NA,"PDK3",NA
NA,"C11orf96",NA
NA,"EME2",NA
NA,"ALKBH7",NA
NA,"GHRLOS2",NA
NA,"LOC154449",NA
NA,"PTP4A3",NA
NA,"FAM50A",NA
NA,"CRABP2",NA
NA,"CA6",NA
NA,"METRNL",NA
NA,"CSMD3",NA
NA,"NF1",NA
NA,"TMEM126B",NA
NA,"FKBP11",NA
NA,"C15orf63",NA
NA,"ATP6V0C",NA
NA,"DTYMK",NA
NA,"ZDHHC19",NA
NA,"NUDT6",NA
NA,"SNORA42",NA
NA,"SNORA16A",NA
NA,"SNORA52",NA
NA,"SNORA64",NA
NA,"SNORA70B",NA
NA,"SCARNA18",NA
NA,"SNORA5A",NA
NA,"SNORA22",NA
NA,"SNORA14A",NA
NA,"RAB42",NA
NA,"ORMDL2",NA
NA,"HAUS1",NA
NA,"LOC100506757",NA
NA,"TMEM81",NA
NA,"PTF1A",NA
NA,"FCGR1C",NA
NA,"MRPS31",NA
NA,"UQCR11",NA
NA,"TXN2",NA
NA,"SSX7",NA
NA,"LOC84989",NA
NA,"PATE3",NA
NA,"GBX2",NA
NA,"PIGP",NA
NA,"YDJC",NA
NA,"EMD",NA
NA,"MYF6",NA
NA,"SEPT12",NA
NA,"GSTA4",NA
NA,"C17orf42",NA
NA,"C4orf49",NA
NA,"CXorf40B",NA
NA,"NCRNA00102",NA
NA,"MED6",NA
NA,"ACPT",NA
NA,"BCAS4",NA
NA,"UPK3BL",NA
NA,"SLC50A1",NA
NA,"ACTR3BP2",NA
NA,"AKAP13",NA
NA,"FHIT",NA
NA,"PPP2R3B-AS1",NA
NA,"FAM177B",NA
NA,"CYB5R2",NA
NA,"SPC25",NA
NA,"GLI4",NA
NA,"LOC494127",NA
NA,"SNORA14B",NA
NA,"RNU11",NA
NA,"SNORA70E",NA
NA,"SNORA2A",NA
NA,"SNORA46",NA
NA,"SNORA70D",NA
NA,"SNORA48",NA
NA,"SNORA70F",NA
NA,"SNORA63",NA
NA,"SNORA70",NA
NA,"DCDC2B",NA
NA,"C11orf73",NA
NA,"FKBP3",NA
NA,"HTT",NA
NA,"OR2W5",NA
NA,"PRSS50",NA
NA,"ULBP2",NA
NA,"TNMD",NA
NA,"CEP350",NA
NA,"EAPP",NA
NA,"OR4N4",NA
NA,"C15orf59",NA
NA,"ETFA",NA
NA,"LOC643802",NA
NA,"KLK4",NA
NA,"PFDN4",NA
NA,"C3orf75",NA
NA,"ANXA2P1",NA
NA,"SMN2",NA
NA,"FKBPL",NA
NA,"WDYHV1",NA
NA,"TTTY4",NA
NA,"TTTY4C",NA
NA,"DNAH2",NA
NA,"PRKDC",NA
NA,"LYST",NA
NA,"PTPN14",NA
NA,"FAM166B",NA
NA,"RAB40A",NA
NA,"TCEAL1",NA
NA,"UROS",NA
NA,"HAGHL",NA
NA,"RTP2",NA
NA,"RAMP3",NA
NA,"RGS2",NA
NA,"TTC23L",NA
NA,"TRIM73",NA
NA,"LOC375190",NA
NA,"THAP7",NA
NA,"SERHL",NA
NA,"CMTM7",NA
NA,"GUCY1A3",NA
NA,"TRIM64C",NA
NA,"MS4A8B",NA
NA,"TRIM77P",NA
NA,"IQCD",NA
NA,"SCG5",NA
NA,"C15orf58",NA
NA,"NAT14",NA
NA,"C1D",NA
NA,"BPIFB6",NA
NA,"PRSS55",NA
NA,"TSTA3",NA
NA,"SLC25A5",NA
NA,"LCAT",NA
NA,"TDH",NA
NA,"ANXA2P3",NA
NA,"GEMIN2",NA
NA,"MIR1247",NA
NA,"SNORA50",NA
NA,"SNORA80B",NA
NA,"SNORA71B",NA
NA,"SNORA39",NA
NA,"SNORA60",NA
NA,"SNORA80",NA
NA,"SNORA70C",NA
NA,"SNORA65",NA
NA,"CHMP4A",NA
NA,"MRPL1",NA
NA,"ANKRD7",NA
NA,"FNDC8",NA
NA,"CLEC4G",NA
NA,"GTPBP8",NA
NA,"PIGY",NA
NA,"NMBR",NA
NA,"C7orf33",NA
NA,"ODZ4",NA
NA,"TECR",NA
NA,"ERGIC3",NA
NA,"LOC120824",NA
NA,"LOC283116",NA
NA,"TNFRSF13B",NA
NA,"GALK1",NA
NA,"TMED1",NA
NA,"MPV17L2",NA
NA,"IDI2",NA
NA,"C19orf23",NA
NA,"TAS2R1",NA
NA,"GSTK1",NA
NA,"TAGLN2",NA
NA,"FMO9P",NA
NA,"AKR7A2",NA
NA,"WDR74",NA
NA,"NAV1",NA
NA,"DUX2",NA
NA,"LOC402779",NA
NA,"NMRAL1",NA
NA,"DPH1",NA
NA,"GNAT2",NA
NA,"RPLP0",NA
NA,"RSPH1",NA
NA,"NHEG1",NA
NA,"DRD4",NA
NA,"LOC100288846",NA
NA,"LOC338963",NA
NA,"CD200R1L",NA
NA,"CAMK2N2",NA
NA,"TPM3",NA
NA,"HSP90B3P",NA
NA,"CUTC",NA
NA,"LCMT1",NA
NA,"NT5C1B-RDH14",NA
NA,"LOC728537",NA
NA,"CATSPER3",NA
NA,"EGFL8",NA
NA,"RAB9A",NA
NA,"PRDM16",NA
NA,"SNORA55",NA
NA,"SNORA49",NA
NA,"SNORA34",NA
NA,"SNORA2B",NA
NA,"SCARNA11",NA
NA,"SCARNA14",NA
NA,"SNORA67",NA
NA,"MIR181D",NA
NA,"SNORA75",NA
NA,"SNORD94",NA
NA,"SNORA4",NA
NA,"SNORA5C",NA
NA,"SLAMF9",NA
NA,"C12orf75",NA
NA,"TIMD4",NA
NA,"DNAH10",NA
NA,"DYNC2H1",NA
NA,"SDHD",NA
NA,"NBR2",NA
NA,"ID2",NA
NA,"DTD1",NA
NA,"PPBPL2",NA
NA,"CRSP8P",NA
NA,"PMF1",NA
NA,"LOC100506436",NA
NA,"TMIGD2",NA
NA,"SERHL2",NA
NA,"BTNL2",NA
NA,"UNC80",NA
NA,"MYBPHL",NA
NA,"MGC14436",NA
NA,"SEPX1",NA
NA,"LOC100500773",NA
NA,"IL13RA2",NA
NA,"GJA8",NA
NA,"XCL1",NA
NA,"LOC100288069",NA
NA,"CSRP3",NA
NA,"HOXB7",NA
NA,"ZMYND19",NA
NA,"DNAH17",NA
NA,"NAV2-AS4",NA
NA,"FLJ22447",NA
NA,"ACR",NA
NA,"BSND",NA
NA,"TSPAN32",NA
NA,"CLNS1A",NA
NA,"NME2",NA
NA,"C18orf62",NA
NA,"HLA-DOB",NA
NA,"CIDEC",NA
NA,"ZPBP",NA
NA,"DCLK1",NA
NA,"ART4",NA
NA,"CLDN6",NA
NA,"CMTM1",NA
NA,"DHRS7B",NA
NA,"REEP6",NA
NA,"C19orf42",NA
NA,"PDRG1",NA
NA,"WFDC13",NA
NA,"GOT1L1",NA
NA,"PROK1",NA
NA,"MIR320B2",NA
NA,"SCARNA21",NA
NA,"SNORA71A",NA
NA,"SNORA71C",NA
NA,"SNORA71D",NA
NA,"SNORA47",NA
NA,"AKR1C1",NA
NA,"GNGT2",NA
NA,"B3GNTL1",NA
NA,"C20orf27",NA
NA,"XCR1",NA
NA,"FAM170A",NA
NA,"KIAA2018",NA
NA,"VPS53",NA
NA,"WFDC1",NA
NA,"GADD45B",NA
NA,"GLYATL2",NA
NA,"R3HDML",NA
NA,"CEMP1",NA
NA,"CCDC42",NA
NA,"LOC200726",NA
NA,"SFXN4",NA
NA,"CDK2AP2",NA
NA,"LOC400456",NA
NA,"COLEC11",NA
NA,"DPPA2",NA
NA,"DNAJC5B",NA
NA,"SYCP3",NA
NA,"MNAT1",NA
NA,"NUBP2",NA
NA,"STX4",NA
NA,"RPSAP58",NA
NA,"TOMM22",NA
NA,"SPANXN2",NA
NA,"SSX5",NA
NA,"GADD45A",NA
NA,"RNF113B",NA
NA,"C14orf149",NA
NA,"LOC646508",NA
NA,"TUBA4B",NA
NA,"FAM3B",NA
NA,"BTF3",NA
NA,"MED27",NA
NA,"TEX13A",NA
NA,"CH25H",NA
NA,"SEC11A",NA
NA,"C20orf24",NA
NA,"FZD3",NA
NA,"LDHC",NA
NA,"ZFPL1",NA
NA,"YEATS4",NA
NA,"LOC390595",NA
NA,"METTL12",NA
NA,"C16orf87",NA
NA,"TAX1BP3",NA
NA,"HSFY1P1",NA
NA,"BNIP1",NA
NA,"AIG1",NA
NA,"LDOC1",NA
NA,"HELZ",NA
NA,"SNORA8",NA
NA,"SNORA7B",NA
NA,"PRSS22",NA
NA,"CENPH",NA
NA,"LOC644936",NA
NA,"LOC100422737",NA
NA,"LOC441454",NA
NA,"DHRS7",NA
NA,"KRTAP10-4",NA
NA,"SNRPD3",NA
NA,"KAAG1",NA
NA,"LRRC39",NA
NA,"PRR15L",NA
NA,"MTRNR2L3",NA
NA,"OR6A2",NA
NA,"MPG",NA
NA,"NAPSA",NA
NA,"C2orf66",NA
NA,"EIF1AY",NA
NA,"DIDO1",NA
NA,"PITX3",NA
NA,"KIAA1704",NA
NA,"TXNL4A",NA
NA,"LOC255130",NA
NA,"SVIP",NA
NA,"USP50",NA
NA,"TMED3",NA
NA,"GPR142",NA
NA,"ROPN1L",NA
NA,"C7orf50",NA
NA,"tAKR",NA
NA,"PGA4",NA
NA,"PRRG2",NA
NA,"PDHA2",NA
NA,"ANXA1",NA
NA,"ATP5L",NA
NA,"PGA3",NA
NA,"C14orf162",NA
NA,"LOC100271832",NA
NA,"NCF1",NA
NA,"SDSL",NA
NA,"ALOX5AP",NA
NA,"RIBC2",NA
NA,"TMED9",NA
NA,"AKR1B1",NA
NA,"AVPI1",NA
NA,"PGA5",NA
NA,"SULT1A2",NA
NA,"CCDC94",NA
NA,"PRR22",NA
NA,"LOC340017",NA
NA,"TRHR",NA
NA,"SNORA79",NA
NA,"SNORA29",NA
NA,"CD1B",NA
NA,"ST8SIA6",NA
NA,"LOC100216001",NA
NA,"MRPL45P2",NA
NA,"CD37",NA
NA,"LOC152217",NA
NA,"LONRF2",NA
NA,"SZT2",NA
NA,"AHSA1",NA
NA,"EID2",NA
NA,"HLA-DMB",NA
NA,"FAM90A5",NA
NA,"FAM90A20",NA
NA,"FAM90A9",NA
NA,"FAM90A10",NA
NA,"SOX15",NA
NA,"ZNF428",NA
NA,"FAM150B",NA
NA,"AWAT1",NA
NA,"HSD17B7P2",NA
NA,"LOC400043",NA
NA,"C14orf50",NA
NA,"PKHD1L1",NA
NA,"OBFC2B",NA
NA,"C19orf52",NA
NA,"MTRNR2L6",NA
NA,"C8orf75",NA
NA,"ZFHX4",NA
NA,"LIX1L",NA
NA,"CASP1",NA
NA,"GTF3A",NA
NA,"ASB18",NA
NA,"C7orf72",NA
NA,"DNAH9",NA
NA,"ATP6V1E1",NA
NA,"FLJ11235",NA
NA,"NFAT5",NA
NA,"RGS1",NA
NA,"GRTP1",NA
NA,"MTERFD1",NA
NA,"EYS",NA
NA,"KCNG2",NA
NA,"C20orf94",NA
NA,"TTC1",NA
NA,"AS3MT",NA
NA,"LOC389458",NA
NA,"LZIC",NA
NA,"FAM180B",NA
NA,"EXOSC8",NA
NA,"LOC100129961",NA
NA,"WISP2",NA
NA,"SPINLW1-WFDC6",NA
NA,"MOGAT3",NA
NA,"C12orf37",NA
NA,"TM2D3",NA
NA,"TEX9",NA
NA,"SHISA8",NA
NA,"HPCA",NA
NA,"DEGS2",NA
NA,"BPIFA1",NA
NA,"PARL",NA
NA,"CLEC11A",NA
NA,"LOC284933",NA
NA,"LOC100128054",NA
NA,"C2orf15",NA
NA,"TEKT1",NA
NA,"POU1F1",NA
NA,"IGJ",NA
NA,"C21orf49",NA
NA,"COMMD8",NA
NA,"ACTL7B",NA
NA,"HPRT1",NA
NA,"REXO1L1",NA
NA,"LOC728407",NA
NA,"THOC6",NA
NA,"STYXL1",NA
NA,"LOC727677",NA
NA,"CASP4",NA
NA,"CATSPER4",NA
NA,"FAM170B",NA
NA,"C11orf93",NA
NA,"LOC339926",NA
NA,"PTPLAD2",NA
NA,"APOB",NA
NA,"STRN",NA
NA,"SNORD97",NA
NA,"SNORA70G",NA
NA,"FAM100A",NA
NA,"MRPS7",NA
NA,"UCA1",NA
NA,"BRS3",NA
NA,"DNAH11",NA
NA,"POLR2J2",NA
NA,"ACTR3C",NA
NA,"GLA",NA
NA,"ATP11A",NA
NA,"C1orf98",NA
NA,"C1QTNF4",NA
NA,"GRP",NA
NA,"LOC285000",NA
NA,"TEX264",NA
NA,"RWDD2A",NA
NA,"INO80D",NA
NA,"LOC400604",NA
NA,"LOC728752",NA
NA,"SYT8",NA
NA,"JMJD7",NA
NA,"PKD1",NA
NA,"SYNCRIP",NA
NA,"ZNF295",NA
NA,"NRM",NA
NA,"COPS6",NA
NA,"SLC25A2",NA
NA,"ZBED3",NA
NA,"COMMD10",NA
NA,"CCDC127",NA
NA,"FOLR1",NA
NA,"CNIH",NA
NA,"PTGER1",NA
NA,"TNFAIP6",NA
NA,"BCRP3",NA
NA,"NCRNA00204A",NA
NA,"PTX4",NA
NA,"C2orf57",NA
NA,"LOC100630918",NA
NA,"LOC100127888",NA
NA,"CPA1",NA
NA,"HSPG2",NA
NA,"DNASE2B",NA
NA,"TXNL1",NA
NA,"CTAG2",NA
NA,"PCP4L1",NA
NA,"ACTRT2",NA
NA,"MBL1P",NA
NA,"ACTL9",NA
NA,"psiTPTE22",NA
NA,"SERPINI2",NA
NA,"LOC100128822",NA
NA,"PHKG1",NA
NA,"DLX5",NA
NA,"TSSC4",NA
NA,"KCNK12",NA
NA,"PRR13",NA
NA,"CKB",NA
NA,"LOC145663",NA
NA,"SGCA",NA
NA,"NKAIN4",NA
NA,"AMBP",NA
NA,"AFF2",NA
NA,"LOC728431",NA
NA,"PRB2",NA
NA,"HP",NA
NA,"CSMD1",NA
NA,"WDFY3",NA
NA,"RRAGC",NA
NA,"FLT3LG",NA
NA,"IGFBP2",NA
NA,"FAM66B",NA
NA,"C16orf95",NA
NA,"DYNC1H1",NA
NA,"FAM99A",NA
NA,"FN3K",NA
NA,"LOC645158",NA
NA,"PKIG",NA
NA,"MIOX",NA
NA,"FAM66E",NA
NA,"C1orf131",NA
NA,"GPR152",NA
NA,"PWRN1",NA
NA,"HSD17B2",NA
NA,"MMADHC",NA
NA,"INHA",NA
NA,"NSUN3",NA
NA,"CCNO",NA
NA,"SCARNA3",NA
NA,"LOC100289511",NA
NA,"RMI2",NA
NA,"OTOL1",NA
NA,"C3orf45",NA
NA,"PCDH7",NA
NA,"FOLR2",NA
NA,"RILPL2",NA
NA,"ATP5G2",NA
NA,"RPL4",NA
NA,"LOC253962",NA
NA,"ILKAP",NA
NA,"NFU1",NA
NA,"MAD2L1",NA
NA,"UBXN8",NA
NA,"TRUB2",NA
NA,"IDI2-AS1",NA
NA,"DNAJC9",NA
NA,"LOC100506540",NA
NA,"DUOXA2",NA
NA,"ALLC",NA
NA,"CAPG",NA
NA,"APOL5",NA
NA,"ZAR1",NA
NA,"CRH",NA
NA,"ACTL7A",NA
NA,"POU2F1",NA
NA,"GLG1",NA
NA,"SPRED3",NA
NA,"FLJ26850",NA
NA,"KLK9",NA
NA,"MUC17",NA
NA,"SERPINE3",NA
NA,"PIGH",NA
NA,"CDK4",NA
NA,"PIN1",NA
NA,"ANXA10",NA
NA,"OPTC",NA
NA,"EPHX4",NA
NA,"IL12A",NA
NA,"MC4R",NA
NA,"ABHD1",NA
NA,"LOC392196",NA
NA,"ZNF704",NA
NA,"BTBD8",NA
NA,"CD79A",NA
NA,"SSX8",NA
NA,"ARV1",NA
NA,"LGALS8-AS1",NA
NA,"TRIM48",NA
NA,"BPIFB3",NA
NA,"ARG1",NA
NA,"C6orf147",NA
NA,"GIMAP2",NA
NA,"RPSAP9",NA
NA,"METTL18",NA
NA,"TCL1A",NA
NA,"LOC283683",NA
NA,"LRRC28",NA
NA,"CDC34",NA
NA,"EEF1B2",NA
NA,"SPAG4",NA
NA,"C9orf95",NA
NA,"TSSK6",NA
NA,"ZNRF4",NA
NA,"HES6",NA
NA,"DRG1",NA
NA,"MFSD3",NA
NA,"ACTRT1",NA
NA,"HOOK3",NA
NA,"ANKRD2",NA
NA,"MEF2B",NA
NA,"RNF133",NA
NA,"PRSS37",NA
NA,"UBN2",NA
NA,"MRGPRX4",NA
NA,"TMEM199",NA
NA,"TMEM207",NA
NA,"ARL6",NA
NA,"SNCB",NA
NA,"PDLIM1",NA
NA,"CXXC5",NA
NA,"ADM",NA
NA,"P2RX3",NA
NA,"TMEM5",NA
NA,"GTF2F2",NA
NA,"FAM32A",NA
NA,"CEACAM21",NA
NA,"GAL3ST2",NA
NA,"NOTO",NA
NA,"NCF1C",NA
NA,"C8orf48",NA
NA,"TMEM186",NA
NA,"TP53I13",NA
NA,"ZNF101",NA
NA,"PROCR",NA
NA,"OSTalpha",NA
NA,"EIF3I",NA
NA,"CALCA",NA
NA,"ROGDI",NA
NA,"MRPS9",NA
NA,"GPX5",NA
NA,"ANK2",NA
NA,"AGTRAP",NA
NA,"PIH1D2",NA
NA,"SUCLG1",NA
NA,"GPSM3",NA
NA,"CNBD1",NA
NA,"PRIM1",NA
NA,"CCDC74A",NA
NA,"TEKT4",NA
NA,"CPB1",NA
NA,"VPS28",NA
NA,"C9orf37",NA
NA,"SNX1",NA
NA,"ZXDC",NA
NA,"SNORD15B",NA
NA,"LBX2",NA
NA,"PLEK2",NA
NA,"NCRNA00273",NA
NA,"FAT2",NA
NA,"CCDC24",NA
NA,"NDUFAF1",NA
NA,"DIRC1",NA
NA,"SP9",NA
NA,"DNASE1L3",NA
NA,"PPP4R2",NA
NA,"DCHS2",NA
NA,"SLC25A33",NA
NA,"HSPB6",NA
NA,"DCTN5",NA
NA,"DNAH8",NA
NA,"REN",NA
NA,"POMP",NA
NA,"C14orf64",NA
NA,"PSMC3IP",NA
NA,"LOC100507331",NA
NA,"TMPRSS12",NA
NA,"PRSS27",NA
NA,"SPR",NA
NA,"PSMA2",NA
NA,"LOC100509575",NA
NA,"APOA4",NA
NA,"RAB38",NA
NA,"FOXB1",NA
NA,"HES1",NA
NA,"PRDX2",NA
NA,"AURKC",NA
NA,"SLC39A2",NA
NA,"CALB2",NA
NA,"TMEM120A",NA
NA,"TOMM5",NA
NA,"CDH23",NA
NA,"SNORA12",NA
NA,"C1orf63",NA
NA,"WNT9B",NA
NA,"EGOT",NA
NA,"SNX3",NA
NA,"RENBP",NA
NA,"HOXD11",NA
NA,"RPS27A",NA
NA,"RAC2",NA
NA,"PROP1",NA
NA,"RGS17",NA
NA,"CDK5",NA
NA,"CNPY4",NA
NA,"MAGEH1",NA
NA,"CACNA1C",NA
NA,"FLJ25758",NA
NA,"SRSF1",NA
NA,"CCL14-CCL15",NA
NA,"CCDC74B",NA
NA,"GUSBP3",NA
NA,"CYP2C19",NA
NA,"TACO1",NA
NA,"ZACN",NA
NA,"ADH1C",NA
NA,"KCNE1L",NA
NA,"KRT19",NA
NA,"SPIB",NA
NA,"C7orf46",NA
NA,"HUWE1",NA
NA,"PGR",NA
NA,"KALRN",NA
NA,"LOC650368",NA
NA,"SARNP",NA
NA,"SERPINA11",NA
NA,"LOC100506083",NA
NA,"GAGE2C",NA
NA,"AURKAIP1",NA
NA,"C10orf95",NA
NA,"PNLIPRP1",NA
NA,"CHRM4",NA
NA,"ATXN8OS",NA
NA,"RSL24D1",NA
NA,"IL1F10",NA
NA,"TMEM69",NA
NA,"PNLIPRP2",NA
NA,"OR10W1",NA
NA,"MGP",NA
NA,"SCGN",NA
NA,"ERP29",NA
NA,"TBCB",NA
NA,"KLK15",NA
NA,"ADRM1",NA
NA,"C9orf24",NA
NA,"PCDH11X",NA
NA,"SNORD15A",NA
NA,"SNORD10",NA
NA,"MIR3689B",NA
NA,"RPRM",NA
NA,"WISP3",NA
NA,"RPS20",NA
NA,"GPR52",NA
NA,"GAMT",NA
NA,"NMI",NA
NA,"NCRNA00158",NA
NA,"MIR155HG",NA
NA,"BST1",NA
NA,"EID3",NA
NA,"RPL13AP3",NA
NA,"MED7",NA
NA,"PEX7",NA
NA,"C6orf1",NA
NA,"VDAC3",NA
NA,"ATOH7",NA
NA,"LIPJ",NA
NA,"DCPS",NA
NA,"SIX6",NA
NA,"CTSH",NA
NA,"TM6SF2",NA
NA,"RUVBL2",NA
NA,"OTOR",NA
NA,"DUSP22",NA
NA,"IFNE",NA
NA,"GATA1",NA
NA,"FAT1",NA
NA,"ALX3",NA
NA,"LOC100507466",NA
NA,"TUBA4A",NA
NA,"NDUFB11",NA
NA,"ELOVL1",NA
NA,"LIPM",NA
NA,"ASPHD1",NA
NA,"MRPL37",NA
NA,"ESX1",NA
NA,"NSMCE4A",NA
NA,"PROZ",NA
NA,"PSME1",NA
NA,"TRADD",NA
NA,"C17orf108",NA
NA,"SMA5",NA
NA,"AIM2",NA
NA,"LOC503519",NA
NA,"IER3IP1",NA
NA,"BARX1",NA
NA,"FAM78B",NA
NA,"LOC440117",NA
NA,"SERINC4",NA
NA,"DNAH14",NA
NA,"LRP1",NA
NA,"MIR1307",NA
NA,"SNORA57",NA
NA,"RNU12",NA
NA,"MIR548I1",NA
NA,"SNORA6",NA
NA,"MIR548I2",NA
NA,"MIR548I3",NA
NA,"MIR3690",NA
NA,"ETV2",NA
NA,"ALKBH6",NA
NA,"CAMK1",NA
NA,"SERGEF",NA
NA,"GAPDHS",NA
NA,"LOC285484",NA
NA,"COPS5",NA
NA,"SFTA3",NA
NA,"KIAA0101",NA
NA,"MICAL3",NA
NA,"PSMB5",NA
NA,"ONECUT3",NA
NA,"DNAL4",NA
NA,"UCN2",NA
NA,"CD38",NA
NA,"GGH",NA
NA,"SUPT4H1",NA
NA,"KIAA1244",NA
NA,"ACTA1",NA
NA,"PNLIP",NA
NA,"LRRC29",NA
NA,"CCR8",NA
NA,"UGT2B17",NA
NA,"PAK1IP1",NA
NA,"MB",NA
NA,"RABGGTB",NA
NA,"ZNF487P",NA
NA,"PEBP1",NA
NA,"SERPINA6",NA
NA,"UBL7",NA
NA,"MRPS23",NA
NA,"VPS13B",NA
NA,"ITPRIPL2",NA
NA,"BAD",NA
NA,"C22orf40",NA
NA,"SCO2",NA
NA,"FLJ25363",NA
NA,"LOC284648",NA
NA,"CD81",NA
NA,"C7orf68",NA
NA,"TNFRSF10C",NA
NA,"KCNMA1",NA
NA,"ATP4B",NA
NA,"C21orf96",NA
NA,"C22orf33",NA
NA,"TLX3",NA
NA,"CCDC28A",NA
NA,"LOC728024",NA
NA,"WNT3",NA
NA,"LOC728392",NA
NA,"IL1B",NA
NA,"ADH1A",NA
NA,"GTF2H3",NA
NA,"WNT8A",NA
NA,"SPACA1",NA
NA,"KLF14",NA
NA,"MOXD2P",NA
NA,"HOXA10-HOXA9",NA
NA,"PMS2P3",NA
NA,"C9orf57",NA
NA,"BARHL2",NA
NA,"MTRNR2L7",NA
NA,"CRYL1",NA
NA,"PLLP",NA
NA,"NCRNA00185",NA
NA,"CCL16",NA
NA,"ASGR1",NA
NA,"YIPF2",NA
NA,"CTSZ",NA
NA,"RFPL1",NA
NA,"MYCBP2",NA
NA,"MRPS11",NA
NA,"MFSD2B",NA
NA,"CRYBB2P1",NA
NA,"AADACL2",NA
NA,"EIF3E",NA
NA,"FAM89A",NA
NA,"RNASE7",NA
NA,"C15orf5",NA
NA,"RAB3A",NA
NA,"SLC10A6",NA
NA,"MBLAC1",NA
NA,"C1QL1",NA
NA,"FTLP10",NA
NA,"TEKT2",NA
NA,"SPI1",NA
NA,"ZFYVE21",NA
NA,"DEXI",NA
NA,"SIGLEC15",NA
NA,"MIR3907",NA
NA,"MIR4650-2",NA
NA,"NBPF24",NA
NA,"TUBB8",NA
NA,"ORAI1",NA
NA,"RPL17",NA
NA,"GRPEL1",NA
NA,"LOC100505659",NA
NA,"RNF224",NA
NA,"ZRSR2",NA
NA,"SKINTL",NA
NA,"B3GNT4",NA
NA,"LOC150568",NA
NA,"KIF25",NA
NA,"OR6W1P",NA
NA,"WBSCR22",NA
NA,"MRPS2",NA
NA,"SSX3",NA
NA,"COQ5",NA
NA,"LOC727710",NA
NA,"POU3F3",NA
NA,"RPL3",NA
NA,"CCDC51",NA
NA,"STAP1",NA
NA,"FCGR2C",NA
NA,"PATE1",NA
NA,"METTL7B",NA
NA,"CD3E",NA
NA,"GIF",NA
NA,"BK250D10.8",NA
NA,"CACNA1E",NA
NA,"GPN2",NA
NA,"C12orf77",NA
NA,"DUSP14",NA
NA,"C2orf47",NA
NA,"CDK7",NA
NA,"CCDC42B",NA
NA,"H1FX",NA
NA,"ZMAT2",NA
NA,"GMPR",NA
NA,"POU3F4",NA
NA,"UBL4B",NA
NA,"GPR84",NA
NA,"HSD17B6",NA
NA,"RAB20",NA
NA,"BCAR4",NA
NA,"S100A13",NA
NA,"NCRNA00303",NA
NA,"RFXANK",NA
NA,"SRMS",NA
NA,"MGST2",NA
NA,"NCF1B",NA
NA,"C14orf33",NA
NA,"GLTSCR2",NA
NA,"SLC30A7",NA
NA,"SNORA59B",NA
NA,"SNORA59A",NA
NA,"HSD17B7",NA
NA,"MED19",NA
NA,"LOC339568",NA
NA,"PMS2L2",NA
NA,"GNB1L",NA
NA,"GABRR3",NA
NA,"PMS2P1",NA
NA,"MAGEA10",NA
NA,"CYSLTR1",NA
NA,"HERC1",NA
NA,"MGST3",NA
NA,"LYZ",NA
NA,"APOBEC3H",NA
NA,"LOC647107",NA
NA,"NCR3",NA
NA,"CD300C",NA
NA,"CRB3",NA
NA,"BIRC7",NA
NA,"KCNMB1",NA
NA,"IMMP2L",NA
NA,"IFNW1",NA
NA,"PRAMEF10",NA
NA,"TMEM82",NA
NA,"PHLDA3",NA
NA,"PPAPDC1A",NA
NA,"C12orf24",NA
NA,"LOC338799",NA
NA,"LOC91948",NA
NA,"C17orf48",NA
NA,"LOC100506714",NA
NA,"NAA11",NA
NA,"C9orf80",NA
NA,"ZNF645",NA
NA,"TOR1AIP2",NA
NA,"LOC100190939",NA
NA,"HSP90AB4P",NA
NA,"NCRNA00114",NA
NA,"GPR87",NA
NA,"TMEM121",NA
NA,"FBXL22",NA
NA,"PSMC4",NA
NA,"DFNB59",NA
NA,"CDK15",NA
NA,"LOC339822",NA
NA,"CN5H6.4",NA
NA,"ACTL6B",NA
NA,"C14orf176",NA
NA,"ZNF486",NA
NA,"UBE2M",NA
NA,"FUNDC2P2",NA
NA,"TOP1P2",NA
NA,"RASA4P",NA
NA,"NUDT18",NA
NA,"SAAL1",NA
NA,"HARBI1",NA
NA,"RPL3L",NA
NA,"DYNLL2",NA
NA,"LOC220729",NA
NA,"CA1",NA
NA,"NPDC1",NA
NA,"MLANA",NA
NA,"MIR3180-4",NA
NA,"MIR3180-5",NA
NA,"ADA",NA
NA,"UBE2V2",NA
NA,"ARPC1B",NA
NA,"GLT6D1",NA
NA,"GRRP1",NA
NA,"HSPB2-C11orf52",NA
NA,"C12orf42",NA
NA,"RBMX2",NA
NA,"HERC2",NA
NA,"SFR1",NA
NA,"METAP1D",NA
NA,"MARCH11",NA
NA,"GPR20",NA
NA,"C11orf66",NA
NA,"AVEN",NA
NA,"SERPINF1",NA
NA,"TXNDC9",NA
NA,"IFT27",NA
NA,"CD2",NA
NA,"LOC100506388",NA
NA,"GPR101",NA
NA,"IL2RG",NA
NA,"C12orf51",NA
NA,"SLC2A7",NA
NA,"TRIM64B",NA
NA,"TRIM64",NA
NA,"PRR19",NA
NA,"SOD3",NA
NA,"MRPS18B",NA
NA,"BNIP3",NA
NA,"EEF1G",NA
NA,"F10",NA
NA,"LOC100289255",NA
NA,"C18orf55",NA
NA,"RRP9",NA
NA,"TAF11",NA
NA,"GTF2E2",NA
NA,"RYR1",NA
NA,"LOC339535",NA
NA,"EP400NL",NA
NA,"ERP27",NA
NA,"LOC100130776",NA
NA,"C17orf82",NA
NA,"IMPA2",NA
NA,"ANKRD62P1-PARP4P3",NA
NA,"DNAJA1",NA
NA,"TCEAL6",NA
NA,"SNORA62",NA
NA,"C1orf49",NA
NA,"C12orf44",NA
NA,"C3orf32",NA
NA,"C16orf48",NA
NA,"LOC728875",NA
NA,"EPYC",NA
NA,"PSMD8",NA
NA,"MADCAM1",NA
NA,"MRFAP1",NA
NA,"TMEM9",NA
NA,"PLA2G16",NA
NA,"EIF2B2",NA
NA,"GCSH",NA
NA,"C19orf46",NA
NA,"HIPK2",NA
NA,"CD164L2",NA
NA,"MIF4GD",NA
NA,"CDC123",NA
NA,"MYOZ1",NA
NA,"MRPL52",NA
NA,"C14orf1",NA
NA,"TMEM101",NA
NA,"TUBA3E",NA
NA,"LOC644538",NA
NA,"AURKAPS1",NA
NA,"C1orf210",NA
NA,"LOC643837",NA
NA,"LOH12CR2",NA
NA,"AFF1",NA
NA,"LOC100129269",NA
NA,"C11orf34",NA
NA,"LOC100507401",NA
NA,"SPSB3",NA
NA,"HAUS8",NA
NA,"GXYLT2",NA
NA,"HLA-DQA1",NA
NA,"PLXNA4",NA
NA,"YBX1",NA
NA,"TSG101",NA
NA,"FAM64A",NA
NA,"TMEM171",NA
NA,"HOXC9",NA
NA,"RASL11A",NA
NA,"KLRG2",NA
NA,"CD72",NA
NA,"TBX10",NA
NA,"CCNB2",NA
NA,"C18orf21",NA
NA,"SULT2B1",NA
NA,"PTN",NA
NA,"CIB2",NA
NA,"CBX8",NA
NA,"WDR18",NA
NA,"TUBA3D",NA
NA,"SNRPE",NA
NA,"UOX",NA
NA,"RCE1",NA
NA,"CCL3L3",NA
NA,"CAMKMT",NA
NA,"LAMB2P1",NA
NA,"CABS1",NA
NA,"ACAT2",NA
NA,"DPM2",NA
NA,"AGPAT2",NA
NA,"FBXO6",NA
NA,"TNNT2",NA
NA,"C4BPB",NA
NA,"SLC22A18AS",NA
NA,"CA9",NA
NA,"RPA4",NA
NA,"TAF12",NA
NA,"MARCKSL1",NA
NA,"ATPAF2",NA
NA,"SLC25A41",NA
NA,"DBI",NA
NA,"GRAP2",NA
NA,"LOC158376",NA
NA,"HHLA3",NA
NA,"FGF3",NA
NA,"AMN",NA
NA,"C17orf54",NA
NA,"CNO",NA
NA,"DIMT1L",NA
NA,"NDUFA5",NA
NA,"POMZP3",NA
NA,"RYR3",NA
NA,"TUBA3C",NA
NA,"TMEM150A",NA
NA,"SCAND1",NA
NA,"HLA-J",NA
NA,"FGL1",NA
NA,"LACTB2",NA
NA,"RPL31P11",NA
NA,"HOXA11-AS1",NA
NA,"PER4",NA
NA,"C8orf47",NA
NA,"C1orf110",NA
NA,"DTNA",NA
NA,"LOC645166",NA
NA,"TUBA1C",NA
NA,"LOC100134868",NA
NA,"RRH",NA
NA,"KIAA1109",NA
NA,"DNAH5",NA
NA,"SSPO",NA
NA,"SCGB1C1",NA
NA,"QPRT",NA
NA,"ADSL",NA
NA,"RDBP",NA
NA,"PENK",NA
NA,"SLC25A28",NA
NA,"FAS-AS1",NA
NA,"RNF25",NA
NA,"OVOL2",NA
NA,"RHBDL1",NA
NA,"KDELR1",NA
NA,"DUSP28",NA
NA,"CD160",NA
NA,"KRTAP16-1",NA
NA,"FAM81B",NA
NA,"PRAMEF17",NA
NA,"UBTD1",NA
NA,"MTRNR2L1",NA
NA,"LOC100507003",NA
NA,"LOC339666",NA
NA,"RSG1",NA
NA,"RGS13",NA
NA,"LOC100132774",NA
NA,"LOC100131366",NA
NA,"PRSS21",NA
NA,"TMEM203",NA
NA,"STARD9",NA
NA,"KIR2DS4",NA
NA,"C6orf164",NA
NA,"LOC100507244",NA
NA,"LOC100506305",NA
NA,"ELP4",NA
NA,"TRIM39-RPP21",NA
NA,"LOC100129046",NA
NA,"LOC729668",NA
NA,"TCN1",NA
NA,"CHPT1",NA
NA,"C17orf100",NA
NA,"TMEM45A",NA
NA,"C1orf74",NA
NA,"ALKBH3",NA
NA,"METTL22",NA
NA,"CDKL4",NA
NA,"CBWD5",NA
NA,"MIR548H3",NA
NA,"UROD",NA
NA,"EPSTI1",NA
NA,"LOC100288615",NA
NA,"RNF175",NA
NA,"NKAIN3",NA
NA,"TTTY5",NA
NA,"EFNA1",NA
NA,"NFKBIA",NA
NA,"GSTM5",NA
NA,"CDK3",NA
NA,"ZNF679",NA
NA,"BIRC6",NA
NA,"SACS",NA
NA,"SCAMP3",NA
NA,"CYP26C1",NA
NA,"NANOS2",NA
NA,"PVRIG",NA
NA,"TPM2",NA
NA,"BTBD19",NA
NA,"CRELD2",NA
NA,"HLA-B",NA
NA,"MOSC2",NA
NA,"SAC3D1",NA
NA,"VN1R1",NA
NA,"RALY",NA
NA,"NCRNA00247",NA
NA,"COQ4",NA
NA,"EXOSC3",NA
NA,"LRP2",NA
NA,"SMUG1",NA
NA,"CCDC169",NA
NA,"ST20",NA
NA,"KRT17",NA
NA,"MRPL38",NA
NA,"IL1R2",NA
NA,"LYPD6B",NA
NA,"MIS18A",NA
NA,"AHSG",NA
NA,"RPL37",NA
NA,"PTGR1",NA
NA,"PSMD11",NA
NA,"WDR53",NA
NA,"MOCS2",NA
NA,"YIPF3",NA
NA,"ST7OT4",NA
NA,"PPIAL4B",NA
NA,"PSMC3",NA
NA,"CWC15",NA
NA,"GPR182",NA
NA,"C15orf26",NA
NA,"LOC100134368",NA
NA,"C22orf32",NA
NA,"JTB",NA
NA,"CCDC90B",NA
NA,"CCL14",NA
NA,"TMEM233",NA
NA,"PGPEP1L",NA
NA,"KRT16P2",NA
NA,"HLA-G",NA
NA,"LRRC6",NA
NA,"AADACL4",NA
NA,"AATK-AS1",NA
NA,"KIR2DL4",NA
NA,"LRRC14B",NA
NA,"CT45A5",NA
NA,"C10orf27",NA
NA,"GTF2A1L",NA
NA,"LOC100506136",NA
NA,"ABO",NA
NA,"CSAG3",NA
NA,"TMEM27",NA
NA,"FIBP",NA
NA,"PAAF1",NA
NA,"PCYT1A",NA
NA,"SHH",NA
NA,"ZBTB25",NA
NA,"C2CD4B",NA
NA,"DECR2",NA
NA,"YBX2",NA
NA,"HMG20B",NA
NA,"R3HCC1",NA
NA,"GLRX2",NA
NA,"TCEA3",NA
NA,"NNMT",NA
NA,"PSMC1",NA
NA,"TRIM61",NA
NA,"LOC285626",NA
NA,"TM7SF2",NA
NA,"TYMS",NA
NA,"NKAP",NA
NA,"GTF2A2",NA
NA,"UBR4",NA
NA,"MIIP",NA
NA,"C10orf93",NA
NA,"GJD4",NA
NA,"SEPT1",NA
NA,"RDM1",NA
NA,"ADAT3",NA
NA,"KRTAP10-7",NA
NA,"HLA-C",NA
NA,"LOC93432",NA
NA,"AUH",NA
NA,"C1orf85",NA
NA,"PSMC6",NA
NA,"CNN1",NA
NA,"LOC729121",NA
NA,"MIR4435-1",NA
NA,"ECHDC2",NA
NA,"ANAPC11",NA
NA,"CBLC",NA
NA,"BAX",NA
NA,"SPEF1",NA
NA,"SNTN",NA
NA,"KLRK1",NA
NA,"CES1P2",NA
NA,"MTX2",NA
NA,"ANXA13",NA
NA,"BMP10",NA
NA,"UQCRQ",NA
NA,"CHCHD3",NA
NA,"CUX1",NA
NA,"PRAMEF16",NA
NA,"CSNK2A1P",NA
NA,"BANF1",NA
NA,"CRYM",NA
NA,"NT5M",NA
NA,"ARL4D",NA
NA,"ZNF296",NA
NA,"C6orf203",NA
NA,"DOM3Z",NA
NA,"NR0B1",NA
NA,"LOC100188949",NA
NA,"CDKN2D",NA
NA,"ARPC2",NA
NA,"IBSP",NA
NA,"POU5F1B",NA
NA,"TLR8-AS1",NA
NA,"NEBL",NA
NA,"DAO",NA
NA,"DLK1",NA
NA,"SERPINA3",NA
NA,"ALMS1P",NA
NA,"HMOX1",NA
NA,"LOC729506",NA
NA,"LTA",NA
NA,"HMBS",NA
NA,"LOC100628307",NA
NA,"POLG2",NA
NA,"FAM100B",NA
NA,"TIMMDC1",NA
NA,"ANXA5",NA
NA,"AKR1B10",NA
NA,"RPA3",NA
NA,"PSMC5",NA
NA,"PCGEM1",NA
NA,"AGXT",NA
NA,"TUBB2C",NA
NA,"KRT31",NA
NA,"TK1",NA
NA,"KIR2DL3",NA
NA,"BTG3",NA
NA,"CRISP2",NA
NA,"SSX2",NA
NA,"LOC644242",NA
NA,"RGR",NA
NA,"LOC727924",NA
NA,"MRFAP1L1",NA
NA,"ANKRD58",NA
NA,"RPL21",NA
NA,"KIR2DL1",NA
NA,"ARRDC1",NA
NA,"PRKACG",NA
NA,"DHRS11",NA
NA,"AUP1",NA
NA,"SERPINA7",NA
NA,"SERPINC1",NA
NA,"TXNDC12",NA
NA,"H2AFX",NA
NA,"TMEM116",NA
NA,"GNA11",NA
NA,"TTLL9",NA
NA,"USP17L2",NA
NA,"NECAB2",NA
NA,"LYAR",NA
NA,"ZNF391",NA
NA,"UNCX",NA
NA,"ZCCHC17",NA
NA,"KCNAB3",NA
NA,"S1PR4",NA
NA,"PDCD10",NA
NA,"GHRHR",NA
NA,"BSN",NA
NA,"PANX3",NA
NA,"LIPC",NA
NA,"FLJ26245",NA
NA,"STUB1",NA
NA,"KRT33B",NA
NA,"ZC3H8",NA
NA,"THYN1",NA
NA,"RAB30",NA
NA,"SDS",NA
NA,"FBXL8",NA
NA,"SNRPD1",NA
NA,"LOC340037",NA
NA,"LOC100130673",NA
NA,"KIF1B",NA
NA,"TMEM53",NA
NA,"AKR1E2",NA
NA,"ST13P4",NA
NA,"RRN3P1",NA
NA,"CCDC78",NA
NA,"C3orf71",NA
NA,"CXCL11",NA
NA,"LOC286189",NA
NA,"ILF2",NA
NA,"NUCB2",NA
NA,"NDUFA9",NA
NA,"STAP2",NA
NA,"FTSJ2",NA
NA,"HMGCL",NA
NA,"DND1",NA
NA,"ACOT1",NA
NA,"HAGH",NA
NA,"HOXB2",NA
NA,"ODF3L2",NA
NA,"LOC388499",NA
NA,"ZNF414",NA
NA,"CHCHD4",NA
NA,"SBDS",NA
NA,"SMG1",NA
NA,"ZNF771",NA
NA,"AADAC",NA
NA,"VPS37D",NA
NA,"TEKT5",NA
NA,"CD33",NA
NA,"ETFB",NA
NA,"C20orf202",NA
NA,"TM4SF4",NA
NA,"MTG1",NA
NA,"HLA-A",NA
NA,"DLK2",NA
NA,"KRT27",NA
NA,"TDRD12",NA
NA,"IRGC",NA
NA,"NTSR2",NA
NA,"PP2D1",NA
NA,"UQCRC1",NA
NA,"DUX4L4",NA
NA,"MCART3P",NA
NA,"DPP7",NA
NA,"RNASE13",NA
NA,"PAFAH1B3",NA
NA,"SIGLEC16",NA
NA,"ANXA3",NA
NA,"FAM9A",NA
NA,"PDSS1",NA
NA,"PSG2",NA
NA,"GTSF1L",NA
NA,"LOC100271722",NA
NA,"CLEC6A",NA
NA,"CSH2",NA
NA,"CXADRP3",NA
NA,"PRMT1",NA
NA,"CD40",NA
NA,"PDE4DIP",NA
NA,"ACBD6",NA
NA,"RHCE",NA
NA,"TRPT1",NA
NA,"SLC24A5",NA
NA,"ENO3",NA
NA,"FKBP1B",NA
NA,"CCK",NA
NA,"STARD3NL",NA
NA,"ZNF890P",NA
NA,"ATP6V1G1",NA
NA,"PLEKHO1",NA
NA,"CDK2AP1",NA
NA,"MESP2",NA
NA,"DHPS",NA
NA,"PROK2",NA
NA,"HPGDS",NA
NA,"CDO1",NA
NA,"HDDC2",NA
NA,"ANP32B",NA
NA,"FAT4",NA
NA,"ARHGAP8",NA
NA,"CD151",NA
NA,"HOXC5",NA
NA,"SPERT",NA
NA,"TSPAN10",NA
NA,"PRR24",NA
NA,"RG9MTD1",NA
NA,"LOC344967",NA
NA,"SGK196",NA
NA,"MAGEB2",NA
NA,"TP73-AS1",NA
NA,"LOC642826",NA
NA,"ALKBH2",NA
NA,"KLF1",NA
NA,"TMEM59L",NA
NA,"IZUMO1",NA
NA,"NCRNA00116",NA
NA,"PCOLCE",NA
NA,"CITED1",NA
NA,"PPCS",NA
NA,"LOC647323",NA
NA,"MDFI",NA
NA,"ONECUT2",NA
NA,"CYP2R1",NA
NA,"SLC22A18",NA
NA,"HPX",NA
NA,"GATSL3",NA
NA,"AKR1B15",NA
NA,"C9orf50",NA
NA,"DMD",NA
NA,"FREM2",NA
NA,"RHOC",NA
NA,"LYPLA2",NA
NA,"SNRNP40",NA
NA,"LIPF",NA
NA,"OSGEP",NA
NA,"EVX2",NA
NA,"NDUFA2",NA
NA,"SLC35D2",NA
NA,"LOC254099",NA
NA,"RAB26",NA
NA,"C5orf55",NA
NA,"TUBB2A",NA
NA,"TEX28",NA
NA,"ZFHX3",NA
NA,"SRP9",NA
NA,"PITHD1",NA
NA,"TWF2",NA
NA,"FAM50B",NA
NA,"LRRC18",NA
NA,"NOC4L",NA
NA,"NKX2-4",NA
NA,"C16orf59",NA
NA,"TRIM43",NA
NA,"CHKB",NA
NA,"RSRC1",NA
NA,"SPP1",NA
NA,"TMEM38A",NA
NA,"BFSP2",NA
NA,"SNHG4",NA
NA,"NOXA1",NA
NA,"SNORD115-12",NA
NA,"SNORD115-19",NA
NA,"GJA4",NA
NA,"TSPAN1",NA
NA,"SPRYD5",NA
NA,"TMEM179",NA
NA,"KISS1R",NA
NA,"FETUB",NA
NA,"TPD52L1",NA
NA,"NSDHL",NA
NA,"AMY2A",NA
NA,"LOC643723",NA
NA,"LEFTY1",NA
NA,"KCNRG",NA
NA,"ANKRD9",NA
NA,"CCDC130",NA
NA,"ZSCAN5B",NA
NA,"LOC441009",NA
NA,"GABRR2",NA
NA,"UGCG",NA
NA,"VBP1",NA
NA,"TTTY10",NA
NA,"LOC653566",NA
NA,"LOC100506469",NA
NA,"SNRPA",NA
NA,"RAB11B",NA
NA,"LOC440895",NA
NA,"C2orf28",NA
NA,"IL10",NA
NA,"ASB9P1",NA
NA,"SLC7A6OS",NA
NA,"NUP35",NA
NA,"MAD2L1BP",NA
NA,"C14orf70",NA
NA,"LIPI",NA
NA,"LST1",NA
NA,"VPS13D",NA
NA,"HMX2",NA
NA,"SLC10A1",NA
NA,"FLJ33534",NA
NA,"GPR6",NA
NA,"NXNL2",NA
NA,"RYR2",NA
NA,"MORN1",NA
NA,"PPP1CA",NA
NA,"RNASEH1",NA
NA,"C4orf17",NA
NA,"LOC441204",NA
NA,"NIPSNAP3A",NA
NA,"PLAC1L",NA
NA,"KRT14",NA
NA,"ZNF556",NA
NA,"SIRT6",NA
NA,"DKFZp434J0226",NA
NA,"TIMP4",NA
NA,"CHI3L2",NA
NA,"DIRAS3",NA
NA,"FLJ13224",NA
NA,"ACOT4",NA
NA,"TBC1D7",NA
NA,"PPAP2C",NA
NA,"DUSP11",NA
NA,"MUC12",NA
NA,"STAC3",NA
NA,"CATSPER2P1",NA
NA,"SSB",NA
NA,"C20orf20",NA
NA,"EXOSC9",NA
NA,"APOBEC2",NA
NA,"GJA10",NA
NA,"HRAS",NA
NA,"MKRN7P",NA
NA,"DDTL",NA
NA,"LOC150381",NA
NA,"NCRNA00271",NA
NA,"TTTY9B",NA
NA,"TTTY9A",NA
NA,"PATE2",NA
NA,"CFHR3",NA
NA,"CYB5R1",NA
NA,"COQ2",NA
NA,"SLC22A25",NA
NA,"LDHB",NA
NA,"ARRDC5",NA
NA,"KLF7",NA
NA,"ZNF389",NA
NA,"FCGBP",NA
NA,"MRGPRX3",NA
NA,"B3GAT3",NA
NA,"TAS2R13",NA
NA,"MMP27",NA
NA,"KRT36",NA
NA,"OTC",NA
NA,"PRAMEF2",NA
NA,"GTF2B",NA
NA,"UCP2",NA
NA,"ZNF141",NA
NA,"NKAPL",NA
NA,"PRICKLE4",NA
NA,"P2RY4",NA
NA,"DBP",NA
NA,"CCDC115",NA
NA,"TRIML1",NA
NA,"LOC286114",NA
NA,"LOC440434",NA
NA,"CIDEA",NA
NA,"RBM42",NA
NA,"C20orf43",NA
NA,"POPDC2",NA
NA,"PLEC",NA
NA,"SF3A2",NA
NA,"FKBP1AP1",NA
NA,"RNF126",NA
NA,"C9orf156",NA
NA,"SMTNL1",NA
NA,"ALDOC",NA
NA,"LOC440461",NA
NA,"CHMP4B",NA
NA,"DUSP26",NA
NA,"C4orf37",NA
NA,"MSH5-C6orf26",NA
NA,"SUN3",NA
NA,"ACTR3BP5",NA
NA,"CEND1",NA
NA,"MPND",NA
NA,"CA11",NA
NA,"LOC100129726",NA
NA,"PSMG3",NA
NA,"LRP1B",NA
NA,"MARCH2",NA
NA,"C6orf201",NA
NA,"TSGA13",NA
NA,"FAM183B",NA
NA,"CSNK2A2",NA
NA,"C17orf74",NA
NA,"KLF2",NA
NA,"QDPR",NA
NA,"C6orf123",NA
NA,"LOC100134713",NA
NA,"IGFBP1",NA
NA,"LOC441455",NA
NA,"SGCG",NA
NA,"SUCNR1",NA
NA,"MS4A3",NA
NA,"FICD",NA
NA,"CKM",NA
NA,"FAIM",NA
NA,"LOC401127",NA
NA,"CALHM3",NA
NA,"ECHDC3",NA
NA,"NDUFC2-KCTD14",NA
NA,"DDX11L9",NA
NA,"LOC283693",NA
NA,"GLP2R",NA
NA,"MRPS12",NA
NA,"MRPS5",NA
NA,"KRTAP24-1",NA
NA,"LOC645206",NA
NA,"RRAGA",NA
NA,"SCARNA1",NA
NA,"ING4",NA
NA,"CYP2D6",NA
NA,"RFC4",NA
NA,"ZCWPW2",NA
NA,"PAIP2",NA
NA,"TBCC",NA
NA,"H2BFXP",NA
NA,"CASP5",NA
NA,"REM1",NA
NA,"SLX1B-SULT1A4",NA
NA,"MED31",NA
NA,"TIMM17A",NA
NA,"IKZF5",NA
NA,"DKFZp686K1684",NA
NA,"LOC100132273",NA
NA,"NPRL2",NA
NA,"C4orf34",NA
NA,"IGBP1",NA
NA,"OSCP1",NA
NA,"ZNF69",NA
NA,"BCS1L",NA
NA,"CASP6",NA
NA,"GNB2",NA
NA,"LOC100505619",NA
NA,"CCR4",NA
NA,"CXCL6",NA
NA,"HOXA5",NA
NA,"CYP4A22",NA
NA,"DLEU2L",NA
NA,"SERPINA4",NA
NA,"ZNF830",NA
NA,"CHMP6",NA
NA,"WDR69",NA
NA,"JAGN1",NA
NA,"PSMD10",NA
NA,"SULT1C4",NA
NA,"WRB",NA
NA,"IRGM",NA
NA,"PRRG3",NA
NA,"NPPA-AS1",NA
NA,"CYP2E1",NA
NA,"GPR18",NA
NA,"COX6B2",NA
NA,"LOC100302650",NA
NA,"C3orf24",NA
NA,"CLNK",NA
NA,"C1orf186",NA
NA,"HAT1",NA
NA,"COA5",NA
NA,"PPP1R11",NA
NA,"CA2",NA
NA,"MNDA",NA
NA,"TAGLN",NA
NA,"MTNR1B",NA
NA,"RND1",NA
NA,"UQCRC2",NA
NA,"SKAP1",NA
NA,"C19orf39",NA
NA,"SEMG1",NA
NA,"C21orf33",NA
NA,"MBOAT4",NA
NA,"TUBA1A",NA
NA,"LOC100506068",NA
NA,"RPL31",NA
NA,"TRIM43B",NA
NA,"IFT52",NA
NA,"EBLN2",NA
NA,"PPA2",NA
NA,"GMDS",NA
NA,"LOC650226",NA
NA,"C1orf174",NA
NA,"DNAJC12",NA
NA,"SQRDL",NA
NA,"ATP6V0D1",NA
NA,"KRT25",NA
NA,"TNFSF9",NA
NA,"CDC20",NA
NA,"RAPSN",NA
NA,"PSMD7",NA
NA,"KRT35",NA
NA,"FBXO39",NA
NA,"CDC37",NA
NA,"GEMIN7",NA
NA,"ZNF555",NA
NA,"CCBL2",NA
NA,"FOSL1",NA
NA,"CLEC9A",NA
NA,"FNDC4",NA
NA,"TWIST1",NA
NA,"PRDX6",NA
NA,"WFDC8",NA
NA,"TNF",NA
NA,"TMEM187",NA
NA,"JPX",NA
NA,"TMSB4Y",NA
NA,"RNF115",NA
NA,"GLRX3",NA
NA,"CHRDL2",NA
NA,"LOC100129345",NA
NA,"PRODH2",NA
NA,"C3orf36",NA
NA,"LOC93622",NA
NA,"XAGE1B",NA
NA,"FRAS1",NA
NA,"NDNL2",NA
NA,"LDHAL6B",NA
NA,"C4orf44",NA
NA,"NEUROG1",NA
NA,"MRPS30",NA
NA,"MLL",NA
NA,"BROX",NA
NA,"VMAC",NA
NA,"LOC642345",NA
NA,"IRF9",NA
NA,"VTN",NA
NA,"TIMM22",NA
NA,"EXOSC7",NA
NA,"ZNF124",NA
NA,"FFAR3",NA
NA,"C19orf45",NA
NA,"SMPD2",NA
NA,"NEURL3",NA
NA,"CYP2D7P1",NA
NA,"POLR2J3",NA
NA,"HOXB6",NA
NA,"ADI1",NA
NA,"CD74",NA
NA,"FAM71F2",NA
NA,"SMYD2",NA
NA,"C1orf228",NA
NA,"LOC100132618",NA
NA,"CPA3",NA
NA,"BTBD17",NA
NA,"ZNF727",NA
NA,"KPNA7",NA
NA,"HSD3B1",NA
NA,"RAD51C",NA
NA,"SERTAD3",NA
NA,"KPTN",NA
NA,"PRR15",NA
NA,"NUDT16L1",NA
NA,"TEPP",NA
NA,"XKR3",NA
NA,"IMPDH2",NA
NA,"CCKAR",NA
NA,"PGAM4",NA
NA,"MUC4",NA
NA,"LHPP",NA
NA,"RDH5",NA
NA,"TCTE1",NA
NA,"DNAJB11",NA
NA,"TUSC2",NA
NA,"TFDP3",NA
NA,"OVCH2",NA
NA,"COQ9",NA
NA,"FOXC2",NA
NA,"ARSH",NA
NA,"MLL3",NA
NA,"CD82",NA
NA,"DUSP2",NA
NA,"MAGEF1",NA
NA,"TDO2",NA
NA,"TSSK4",NA
NA,"SNAPC2",NA
NA,"ACCN5",NA
NA,"NAPRT1",NA
NA,"C12orf61",NA
NA,"KIR3DL3",NA
NA,"JAM2",NA
NA,"KCTD17",NA
NA,"RFC2",NA
NA,"CLTA",NA
NA,"KRT28",NA
NA,"RGS19",NA
NA,"PLSCR2",NA
NA,"ADPRHL2",NA
NA,"TMEM11",NA
NA,"LOC645355",NA
NA,"CEACAM16",NA
NA,"TMEM37",NA
NA,"B3GALT4",NA
NA,"ST6GALNAC4",NA
NA,"CXorf58",NA
NA,"PYCR2",NA
NA,"CSNK1A1P1",NA
NA,"TM4SF1",NA
NA,"ZNF622",NA
NA,"LOC645434",NA
NA,"REEP4",NA
NA,"FNTA",NA
NA,"HAO2",NA
NA,"WRAP73",NA
NA,"APOF",NA
NA,"CAPNS1",NA
NA,"CST9",NA
NA,"GPR143",NA
NA,"TMEM59",NA
NA,"PRSS33",NA
NA,"MAGEA5",NA
NA,"OTUD6A",NA
NA,"TGOLN2",NA
NA,"KRT39",NA
NA,"ZNF383",NA
NA,"TRAT1",NA
NA,"LRRC3B",NA
NA,"PGK2",NA
NA,"GRIN2A",NA
NA,"C10orf96",NA
NA,"C12orf73",NA
NA,"VRK1",NA
NA,"SYNGR2",NA
NA,"HTR3C",NA
NA,"HLA-F",NA
NA,"ADAM5P",NA
NA,"TSPAN15",NA
NA,"CHAD",NA
NA,"DBIL5P2",NA
NA,"CDC37L1",NA
NA,"ZNF157",NA
NA,"GSTO2",NA
NA,"SNX32",NA
NA,"C12orf50",NA
NA,"SHBG",NA
NA,"CKMT2",NA
NA,"SELENBP1",NA
NA,"ART5",NA
NA,"KRT7",NA
NA,"PHOSPHO2",NA
NA,"NHP2L1",NA
NA,"XPA",NA
NA,"FAM131C",NA
NA,"RCAN3",NA
NA,"D21S2088E",NA
NA,"KTI12",NA
NA,"PRPF18",NA
NA,"TBC1D10C",NA
NA,"ABHD12B",NA
NA,"LOC100128788",NA
NA,"LOC100288123",NA
NA,"WWTR1-AS1",NA
NA,"LOC389332",NA
NA,"C6orf141",NA
NA,"PHOX2A",NA
NA,"WNT6",NA
NA,"QPCT",NA
NA,"ART3",NA
NA,"MRPL45",NA
NA,"CCDC140",NA
NA,"CRYZL1",NA
NA,"COLEC10",NA
NA,"LOC100129722",NA
NA,"VPS13C",NA
NA,"TNFRSF14",NA
NA,"FHL3",NA
NA,"DPEP2",NA
NA,"RNF167",NA
NA,"SELV",NA
NA,"TMEM40",NA
NA,"KSR2",NA
NA,"PSTK",NA
NA,"CLEC12A",NA
NA,"IL25",NA
NA,"EXOSC6",NA
NA,"USF2",NA
NA,"FLJ30403",NA
NA,"C2orf89",NA
NA,"LOC100507086",NA
NA,"FAM151B",NA
NA,"ARPC1A",NA
NA,"TMX2-CTNND1",NA
NA,"LOC642361",NA
NA,"LOC145837",NA
NA,"PSG9",NA
NA,"C19orf75",NA
NA,"LILRA4",NA
NA,"RWDD2B",NA
NA,"P2RY12",NA
NA,"UGT2B11",NA
NA,"GEMIN8P4",NA
NA,"CETP",NA
NA,"LYPD3",NA
NA,"IL8",NA
NA,"DGAT2L6",NA
NA,"C10orf129",NA
NA,"RHOV",NA
NA,"FLJ16341",NA
NA,"GTF2H4",NA
NA,"KIAA1984",NA
NA,"RGPD5",NA
NA,"FAM41C",NA
NA,"DCTN2",NA
NA,"LOC284294",NA
NA,"PSMD14",NA
NA,"SNAI1",NA
NA,"SOX18",NA
NA,"NTRK2",NA
NA,"PPM1J",NA
NA,"PNKP",NA
NA,"KIAA1257",NA
NA,"DDO",NA
NA,"CBWD6",NA
NA,"CD247",NA
NA,"CENPA",NA
NA,"COMMD5",NA
NA,"RRS1",NA
NA,"LRRC42",NA
NA,"C12orf67",NA
NA,"KRT34",NA
NA,"KC6",NA
NA,"ZNF222",NA
NA,"LOC100192378",NA
NA,"MAGEA1",NA
NA,"CHIA",NA
NA,"CNPY2",NA
NA,"KCTD13",NA
NA,"NOB1",NA
NA,"KRT13",NA
NA,"SLC25A39",NA
NA,"ZNF575",NA
NA,"VIP",NA
NA,"GPX6",NA
NA,"XAGE1A",NA
NA,"CTU2",NA
NA,"LGALS9C",NA
NA,"RDH8",NA
NA,"RGP1",NA
NA,"FBXO2",NA
NA,"LOC400752",NA
NA,"OXA1L",NA
NA,"SLC35F4",NA
NA,"KRT16",NA
NA,"LOC100631378",NA
NA,"EXOC3L2",NA
NA,"PPM1N",NA
NA,"EPCAM",NA
NA,"INTS4L2",NA
NA,"CXorf18",NA
NA,"DNHD1",NA
NA,"SNAI3",NA
NA,"SLC1A6",NA
NA,"FAM108A1",NA
NA,"SIRPG",NA
NA,"ZBTB20-AS1",NA
NA,"WNT7A",NA
NA,"CD53",NA
NA,"C2CD4D",NA
NA,"RPA2",NA
NA,"GSTZ1",NA
NA,"KRT37",NA
NA,"SERPINB4",NA
NA,"WDR88",NA
NA,"BPIFB1",NA
NA,"C6orf112",NA
NA,"FAM71F1",NA
NA,"ACOT9",NA
NA,"ZMAT3",NA
NA,"C10orf111",NA
NA,"LOC284344",NA
NA,"TSSC1",NA
NA,"PLN",NA
NA,"C7orf64",NA
NA,"ABCA13",NA
NA,"SERPINA13",NA
NA,"ANKRD36BP2",NA
NA,"ECI2",NA
NA,"C9orf117",NA
NA,"C9orf30",NA
NA,"DERA",NA
NA,"DHRS1",NA
NA,"PDIA2",NA
NA,"EIF6",NA
NA,"LOC100129518",NA
NA,"HYDIN",NA
NA,"PGAM1",NA
NA,"LOC253044",NA
NA,"PPAN",NA
NA,"IFI44",NA
NA,"MOB2",NA
NA,"YPEL4",NA
NA,"COMMD6",NA
NA,"C18orf32",NA
NA,"RFX8",NA
NA,"SLBP",NA
NA,"LIAS",NA
NA,"LPAR3",NA
NA,"TSGA10IP",NA
NA,"RBM4B",NA
NA,"C20orf46",NA
NA,"HCG27",NA
NA,"MAEL",NA
NA,"RDH16",NA
NA,"LOC100130855",NA
NA,"CENPQ",NA
NA,"HDHD3",NA
NA,"NCRNA00092",NA
NA,"PFKFB1",NA
NA,"C14orf166B",NA
NA,"IDH2",NA
NA,"LOC100130950",NA
NA,"CENPK",NA
NA,"LOC284688",NA
NA,"BAMBI",NA
NA,"SIRT7",NA
NA,"B4GALT7",NA
NA,"COPG2",NA
NA,"MAGEA3",NA
NA,"LMAN1L",NA
NA,"KRT26",NA
NA,"EIF4A3",NA
NA,"SERPINB11",NA
NA,"MAP2K2",NA
NA,"KIR3DX1",NA
NA,"LOC285847",NA
NA,"SFTPC",NA
NA,"TNXB",NA
NA,"C15orf32",NA
NA,"SLC25A19",NA
NA,"LOC644189",NA
NA,"LOC100130451",NA
NA,"MPST",NA
NA,"FKBP6",NA
NA,"LOC100130000",NA
NA,"DPT",NA
NA,"GPR45",NA
NA,"DUSP15",NA
NA,"LUZP4",NA
NA,"GLIPR1L2",NA
NA,"ZNF121",NA
NA,"SLC25A1",NA
NA,"IQCF3",NA
NA,"LOC407835",NA
NA,"FAM201A",NA
NA,"NR1I3",NA
NA,"LOC100507250",NA
NA,"PIAS4",NA
NA,"PCMT1",NA
NA,"HOXA4",NA
NA,"CSAG2",NA
NA,"SLC25A47",NA
NA,"FBXW9",NA
NA,"ASF1B",NA
NA,"TMEM128",NA
NA,"CELF1",NA
NA,"LMCD1",NA
NA,"LOC100287722",NA
NA,"ALG8",NA
NA,"KRT222",NA
NA,"TEX101",NA
NA,"CAPS",NA
NA,"UBE2E3",NA
NA,"CHRND",NA
NA,"MDN1",NA
NA,"SNURF",NA
NA,"CA14",NA
NA,"LOC100505761",NA
NA,"ACSM4",NA
NA,"DAND5",NA
NA,"GJB1",NA
NA,"MKI67IP",NA
NA,"RHBDD3",NA
NA,"RING1",NA
NA,"ST3GAL4",NA
NA,"ICAM2",NA
NA,"IL36B",NA
NA,"PPIL1",NA
NA,"PMS2CL",NA
NA,"PIP5KL1",NA
NA,"CPXCR1",NA
NA,"MAPK8",NA
NA,"DCDC1",NA
NA,"CMAS",NA
NA,"LOC440910",NA
NA,"SAG",NA
NA,"OGFRL1",NA
NA,"PKHD1",NA
NA,"ERI3",NA
NA,"TSPAN31",NA
NA,"DDX39A",NA
NA,"ARF4",NA
NA,"WDR83",NA
NA,"PSG10P",NA
NA,"PPP1R3G",NA
NA,"PON2",NA
NA,"CHST13",NA
NA,"HAND1",NA
NA,"SYNPO2",NA
NA,"C1orf51",NA
NA,"CREB3L4",NA
NA,"MTRNR2L5",NA
NA,"ASPA",NA
NA,"PLEKHF1",NA
NA,"MTCP1",NA
NA,"UBE2L6",NA
NA,"MPDU1",NA
NA,"CYP2A13",NA
NA,"HAO1",NA
NA,"COPS4",NA
NA,"PHF10",NA
NA,"SMYD3",NA
NA,"GPR19",NA
NA,"CCDC59",NA
NA,"AP1M2",NA
NA,"BABAM1",NA
NA,"SNORD103B",NA
NA,"EIF4EBP3",NA
NA,"MIR514-2",NA
NA,"LOC100506314",NA
NA,"NCRNA00221",NA
NA,"NSUN5P1",NA
NA,"TNFRSF10A",NA
NA,"MYOG",NA
NA,"EFCAB3",NA
NA,"DSTN",NA
NA,"SAMM50",NA
NA,"PP7080",NA
NA,"NCRNA00338",NA
NA,"MAPK12",NA
NA,"GRK7",NA
NA,"LOC340094",NA
NA,"LCOR",NA
NA,"RLBP1",NA
NA,"ZFP36",NA
NA,"TRIP6",NA
NA,"PON1",NA
NA,"RRP8",NA
NA,"ACTR6",NA
NA,"SLC16A13",NA
NA,"LOC400643",NA
NA,"CCDC105",NA
NA,"MRPL44",NA
NA,"INTS12",NA
NA,"MRPL15",NA
NA,"CA3",NA
NA,"LOC100128505",NA
NA,"LOC148413",NA
NA,"LOC400794",NA
NA,"ARHGAP15",NA
NA,"NCRNA00029",NA
NA,"LOC100506229",NA
NA,"MGST1",NA
NA,"NIPSNAP3B",NA
NA,"CPN1",NA
NA,"TUBA1B",NA
NA,"ARGLU1",NA
NA,"TULP2",NA
NA,"SIGLEC7",NA
NA,"LILRA2",NA
NA,"TMEM9B",NA
NA,"SCO1",NA
NA,"TMEM86B",NA
NA,"TACR3",NA
NA,"LOC285548",NA
NA,"NCRNA00222",NA
NA,"ZC3HAV1L",NA
NA,"GGTA1P",NA
NA,"DDIT4",NA
NA,"MMP10",NA
NA,"MED21",NA
NA,"TMEM106C",NA
NA,"LOC100128881",NA
NA,"PCBP1",NA
NA,"KRCC1",NA
NA,"CYP1B1-AS1",NA
NA,"DTX2P1-UPK3BP1-PMS2P11",NA
NA,"FLJ40292",NA
NA,"ATXN3L",NA
NA,"LOC283867",NA
NA,"BEX2",NA
NA,"C17orf58",NA
NA,"CD300LF",NA
NA,"FAM58A",NA
NA,"PRDX1",NA
NA,"RAB40B",NA
NA,"NUP62CL",NA
NA,"MRPL3",NA
NA,"UBE2E2",NA
NA,"CCT6P1",NA
NA,"TRIM63",NA
NA,"DNAJC8",NA
NA,"HHEX",NA
NA,"RPS6KB2",NA
NA,"CYP2A6",NA
NA,"LOC389765",NA
NA,"EBNA1BP2",NA
NA,"LOC647589",NA
NA,"CDK8",NA
NA,"LOC100286979",NA
NA,"GPX3",NA
NA,"TMEM174",NA
NA,"GPR146",NA
NA,"NSUN5P2",NA
NA,"CT45A4",NA
NA,"CSDAP1",NA
NA,"FKBP8",NA
NA,"RUVBL1",NA
NA,"WASH7P",NA
NA,"CROCCP2",NA
NA,"LOC283585",NA
NA,"LOC100144604",NA
NA,"FAM106CP",NA
NA,"ZNF878",NA
NA,"A1BG",NA
NA,"LAPTM4A",NA
NA,"FAM168A",NA
NA,"CNPY3",NA
NA,"SHISA4",NA
NA,"PRR16",NA
NA,"ZNF789",NA
NA,"SDR9C7",NA
NA,"HERC2P7",NA
NA,"ZMYND10",NA
NA,"TMEM175",NA
NA,"LHFPL1",NA
NA,"FCRLB",NA
NA,"KLK5",NA
NA,"OXER1",NA
NA,"BARX2",NA
NA,"ERGIC2",NA
NA,"RNASE11",NA
NA,"MPI",NA
NA,"SLFN12L",NA
NA,"LOC643955",NA
NA,"HAPLN2",NA
NA,"ZNF259",NA
NA,"ACOT2",NA
NA,"TMEM145",NA
NA,"NCRNA00288",NA
NA,"RAB5C",NA
NA,"DOK2",NA
NA,"C1orf187",NA
NA,"ZMYND12",NA
NA,"C11orf46",NA
NA,"ABCA11P",NA
NA,"PSMB8",NA
NA,"FADS3",NA
NA,"LOC100129794",NA
NA,"KIAA0664L3",NA
NA,"TMEM161A",NA
NA,"LOC339807",NA
NA,"MAF1",NA
NA,"LRRC24",NA
NA,"TTC34",NA
NA,"C2orf84",NA
NA,"A4GNT",NA
NA,"NPM1",NA
NA,"OC90",NA
NA,"KRT78",NA
NA,"CKMT1B",NA
NA,"CKMT1A",NA
NA,"ZNF597",NA
NA,"SERPINB3",NA
NA,"SSBP4",NA
NA,"CDX1",NA
NA,"LOC286442",NA
NA,"SNORA81",NA
NA,"SYF2",NA
NA,"CYP4F12",NA
NA,"PPAP2A",NA
NA,"SLC31A2",NA
NA,"AVPR1B",NA
NA,"ZNF683",NA
NA,"OPRD1",NA
NA,"C12orf52",NA
NA,"PROC",NA
NA,"PCNA",NA
NA,"LOC100129427",NA
NA,"FAM55B",NA
NA,"SUGT1",NA
NA,"SULT1E1",NA
NA,"C7orf10",NA
NA,"CNR2",NA
NA,"CLEC1A",NA
NA,"ICAM3",NA
NA,"LOC284454",NA
NA,"C19orf50",NA
NA,"TTC29",NA
NA,"RBM45",NA
NA,"SNRPB2",NA
NA,"FAM153A",NA
NA,"TEKT3",NA
NA,"ABHD16B",NA
NA,"RNF217",NA
NA,"KLRC1",NA
NA,"CTF1",NA
NA,"HOXA2",NA
NA,"EFNA3",NA
NA,"SRSF5",NA
NA,"NFKBIL1",NA
NA,"TFB2M",NA
NA,"C1orf177",NA
NA,"METTL21D",NA
NA,"LRG1",NA
NA,"SH3YL1",NA
NA,"FNTB",NA
NA,"PQLC3",NA
NA,"SLC38A11",NA
NA,"DNAJA1P5",NA
NA,"RAB39",NA
NA,"KLC3",NA
NA,"LOC199899",NA
NA,"FAM71D",NA
NA,"NCRNA00311",NA
NA,"LOC100130264",NA
NA,"LOC100505687",NA
NA,"FBXL6",NA
NA,"RABEPK",NA
NA,"PRAMEF12",NA
NA,"TMEM125",NA
NA,"FAM18B1",NA
NA,"AAMP",NA
NA,"C8orf38",NA
NA,"C9orf171",NA
NA,"CCDC19",NA
NA,"C10orf58",NA
NA,"STX5",NA
NA,"KLRG1",NA
NA,"GPR183",NA
NA,"FAH",NA
NA,"NCRNA00052",NA
NA,"TTLL13",NA
NA,"RILP",NA
NA,"CIR1",NA
NA,"RPL21P44",NA
NA,"LOC650794",NA
NA,"OTOP3",NA
NA,"RAD23A",NA
NA,"LYL1",NA
NA,"C20orf96",NA
NA,"LOC100132356",NA
NA,"RPL13AP17",NA
NA,"C8orf85",NA
NA,"PTGES",NA
NA,"GFI1B",NA
NA,"CD58",NA
NA,"AQP10",NA
NA,"MVD",NA
NA,"PSMD12",NA
NA,"FANCL",NA
NA,"APOBEC3A",NA
NA,"NUDT9",NA
NA,"FBXL21",NA
NA,"LOC389906",NA
NA,"P2RY10",NA
NA,"MUC5B",NA
NA,"LOC339529",NA
NA,"MS4A4A",NA
NA,"TMEM98",NA
NA,"LYPD4",NA
NA,"LILRA3",NA
NA,"LOC100134015",NA
NA,"GAL3ST1",NA
NA,"RGS21",NA
NA,"C11orf36",NA
NA,"CCDC92",NA
NA,"KRT8",NA
NA,"RFPL3",NA
NA,"NKD2",NA
NA,"FAM74A1",NA
NA,"HVCN1",NA
NA,"RNASE4",NA
NA,"ZP3",NA
NA,"MIR3648",NA
NA,"HSP90AB3P",NA
NA,"NUPL2",NA
NA,"LPAR2",NA
NA,"NAGK",NA
NA,"YWHAH",NA
NA,"HSPA14",NA
NA,"FAM71C",NA
NA,"LIN52",NA
NA,"ISL2",NA
NA,"GPR171",NA
NA,"EGFL7",NA
NA,"KLHDC2",NA
NA,"TBX6",NA
NA,"LOC553103",NA
NA,"TINAG",NA
NA,"RASSF9",NA
NA,"RAD21L1",NA
NA,"RRP1",NA
NA,"ERICH1",NA
NA,"MYBPH",NA
NA,"POLR2C",NA
NA,"CRLF1",NA
NA,"SPINT2",NA
NA,"DNAJB8-AS1",NA
NA,"BASP1",NA
NA,"SLC17A3",NA
NA,"LOC100507547",NA
NA,"PAR-SN",NA
NA,"SLMO1",NA
NA,"C2orf85",NA
NA,"RARRES1",NA
NA,"IL7R",NA
NA,"SAMD13",NA
NA,"ATP6V1D",NA
NA,"KRT20",NA
NA,"RNMTL1",NA
NA,"RMND5B",NA
NA,"MB21D1",NA
NA,"FAM180A",NA
NA,"SGCE",NA
NA,"ARL13A",NA
NA,"ACP6",NA
NA,"CEACAM20",NA
NA,"TSPAN7",NA
NA,"C1orf172",NA
NA,"COQ10A",NA
NA,"PLEKHD1",NA
NA,"SLC16A11",NA
NA,"ZIM2",NA
NA,"TMEFF2",NA
NA,"UFD1L",NA
NA,"FKSG43",NA
NA,"MIR509-2",NA
NA,"DHRS3",NA
NA,"NR2F6",NA
NA,"HPDL",NA
NA,"DKK1",NA
NA,"NKX2-8",NA
NA,"TSKS",NA
NA,"C19orf22",NA
NA,"C7orf53",NA
NA,"CTSK",NA
NA,"NXPH4",NA
NA,"CCDC64B",NA
NA,"HOXD10",NA
NA,"FLJ46066",NA
NA,"PGC",NA
NA,"MLIP",NA
NA,"PRDX3",NA
NA,"MYOD1",NA
NA,"KCNK4",NA
NA,"ZG16",NA
NA,"PRSS54",NA
NA,"DDX19B",NA
NA,"RNF152",NA
NA,"MEMO1",NA
NA,"SUMO3",NA
NA,"LTV1",NA
NA,"SVOPL",NA
NA,"ORC6",NA
NA,"CERS4",NA
NA,"FAM136A",NA
NA,"SPO11",NA
NA,"NCRNA00310",NA
NA,"ZNF385D",NA
NA,"SMS",NA
NA,"TPH1",NA
NA,"DDX47",NA
NA,"C19orf48",NA
NA,"SMARCB1",NA
NA,"CBWD1",NA
NA,"MSRB2",NA
NA,"BLNK",NA
NA,"ACCSL",NA
NA,"SLC25A31",NA
NA,"ACTB",NA
NA,"HSD11B1",NA
NA,"CCDC65",NA
NA,"TUBG2",NA
NA,"LOC388942",NA
NA,"C3orf43",NA
NA,"SMAD5-AS1",NA
NA,"SPRY3",NA
NA,"DAOA",NA
NA,"LBP",NA
NA,"HNRNPAB",NA
NA,"TMEM39B",NA
NA,"MRPL11",NA
NA,"TMBIM4",NA
NA,"DPEP3",NA
NA,"EIF5A",NA
NA,"HCRTR2",NA
NA,"CCZ1",NA
NA,"WDR34",NA
NA,"C9orf78",NA
NA,"MAGEB18",NA
NA,"ANXA9",NA
NA,"DDX25",NA
NA,"NR1H3",NA
NA,"GTF2A1",NA
NA,"CCDC61",NA
NA,"SCTR",NA
NA,"CCDC71",NA
NA,"HMCN1",NA
NA,"OLFML3",NA
NA,"VSIG8",NA
NA,"EFCAB4A",NA
NA,"TAPBPL",NA
NA,"TUBB6",NA
NA,"DMRTC2",NA
NA,"C3orf30",NA
NA,"CLK2P",NA
NA,"DHRS2",NA
NA,"CNTD2",NA
NA,"CBWD2",NA
NA,"RARS2",NA
NA,"C10orf40",NA
NA,"FAM195B",NA
NA,"ZNF625",NA
NA,"LAGE3",NA
NA,"OASL",NA
NA,"STK32A",NA
NA,"NPSR1",NA
NA,"ERAL1",NA
NA,"JUNB",NA
NA,"POTED",NA
NA,"DRD3",NA
NA,"LOC401074",NA
NA,"SEC22B",NA
NA,"CCDC11",NA
NA,"CYP2F1",NA
NA,"SYT5",NA
NA,"AQP3",NA
NA,"MAGEB16",NA
NA,"AQP5",NA
NA,"LOC146481",NA
NA,"LOC339166",NA
NA,"FLOT1",NA
NA,"MMP3",NA
NA,"NDUFV1",NA
NA,"MARCO",NA
NA,"WAS",NA
NA,"ZBED1",NA
NA,"AKIP1",NA
NA,"GPR135",NA
NA,"HOXB5",NA
NA,"PHB",NA
NA,"LRRIQ4",NA
NA,"C1orf122",NA
NA,"GPRIN2",NA
NA,"SH3GL3",NA
NA,"RFNG",NA
NA,"FN3KRP",NA
NA,"PIGU",NA
NA,"C1orf200",NA
NA,"AAAS",NA
NA,"LOC643770",NA
NA,"NGDN",NA
NA,"PPP2R3C",NA
NA,"COTL1",NA
NA,"DPEP1",NA
NA,"HOXB8",NA
NA,"INCA1",NA
NA,"THAP8",NA
NA,"LOC728554",NA
NA,"C7orf28B",NA
NA,"C1QTNF9",NA
NA,"NFKBID",NA
NA,"CABP5",NA
NA,"LOC100507389",NA
NA,"THOC3",NA
NA,"CLDN4",NA
NA,"OXCT2",NA
NA,"SYCE1",NA
NA,"LOC100132146",NA
NA,"UBE2CBP",NA
NA,"PGLYRP4",NA
NA,"TMEM80",NA
NA,"PRPH",NA
NA,"DNAJC22",NA
NA,"PPID",NA
NA,"LMAN2",NA
NA,"LOC649395",NA
NA,"MAGEA6",NA
NA,"CR1L",NA
NA,"OLAH",NA
NA,"MKRN9P",NA
NA,"RNASEK-C17ORF49",NA
NA,"TMEM178",NA
NA,"RPIA",NA
NA,"DOK5",NA
NA,"LOC401109",NA
NA,"TOB1",NA
NA,"APOBEC3G",NA
NA,"WASH1",NA
NA,"CHI3L1",NA
NA,"KRT8P41",NA
NA,"PPP1R1A",NA
NA,"CT62",NA
NA,"ASPSCR1",NA
NA,"LOC100129935",NA
NA,"NDUFAF3",NA
NA,"UGT2B28",NA
NA,"TNFRSF18",NA
NA,"FDPS",NA
NA,"EVL",NA
NA,"MRM1",NA
NA,"GLOD4",NA
NA,"LOC285401",NA
NA,"LOC723809",NA
NA,"CD40LG",NA
NA,"ITM2A",NA
NA,"RHBDL2",NA
NA,"OR7E5P",NA
NA,"NTN5",NA
NA,"LOC285103",NA
NA,"NCF4",NA
NA,"LOC284385",NA
NA,"BPI",NA
NA,"C6orf118",NA
NA,"SLC17A1",NA
NA,"YRDC",NA
NA,"CRHBP",NA
NA,"TRA2A",NA
NA,"KLHL38",NA
NA,"AHNAK2",NA
NA,"BTBD16",NA
NA,"DYRK4",NA
NA,"KRT15",NA
NA,"FUZ",NA
NA,"LOC285692",NA
NA,"FAM54A",NA
NA,"HLA-H",NA
NA,"C8orf4",NA
NA,"ASS1",NA
NA,"ATP5B",NA
NA,"COQ6",NA
NA,"LCNL1",NA
NA,"WDR73",NA
NA,"ZNF774",NA
NA,"FSD1",NA
NA,"C22orf26",NA
NA,"FARS2",NA
NA,"PRAMEF11",NA
NA,"RAB4A",NA
NA,"SEP15",NA
NA,"LOC100133308",NA
NA,"EEF1A2",NA
NA,"PRAMEF4",NA
NA,"POLR3C",NA
NA,"ZCRB1",NA
NA,"RPUSD2",NA
NA,"ENPP7",NA
NA,"TRMT61B",NA
NA,"CEBPB",NA
NA,"FBXW12",NA
NA,"DYDC2",NA
NA,"C17orf97",NA
NA,"TPRX1",NA
NA,"FCER2",NA
NA,"TREH",NA
NA,"DDB2",NA
NA,"PWP1",NA
NA,"LOC388387",NA
NA,"RNF130",NA
NA,"PMCHL2",NA
NA,"BIN3",NA
NA,"FLJ14107",NA
NA,"WDR85",NA
NA,"NPY5R",NA
NA,"TRIM60",NA
NA,"RNF5P1",NA
NA,"DEFB133",NA
NA,"PUS3",NA
NA,"ADAM6",NA
NA,"ANXA2",NA
NA,"PSTPIP1",NA
NA,"IL32",NA
NA,"FARSA",NA
NA,"ZNF404",NA
NA,"CHMP4C",NA
NA,"ACTA2",NA
NA,"CA7",NA
NA,"FAM173B",NA
NA,"C14orf180",NA
NA,"LOC145474",NA
NA,"ITPKA",NA
NA,"PRR5-ARHGAP8",NA
NA,"LOC100507194",NA
NA,"FASTK",NA
NA,"CREB3",NA
NA,"POLR1E",NA
NA,"LOC284632",NA
NA,"MTA3",NA
NA,"C9orf114",NA
NA,"HAUS4",NA
NA,"CACNG6",NA
NA,"ATP1B3",NA
NA,"PBK",NA
NA,"TMEM222",NA
NA,"C1orf190",NA
NA,"ASCL2",NA
NA,"CARS2",NA
NA,"RCN3",NA
NA,"LOC388796",NA
NA,"CYP2J2",NA
NA,"PAOX",NA
NA,"SAMD14",NA
NA,"ANKRD36BP1",NA
NA,"FBXL12",NA
NA,"MEF2BNB-MEF2B",NA
NA,"C14orf148",NA
NA,"DUS1L",NA
NA,"LOC647012",NA
NA,"OSM",NA
NA,"C3orf37",NA
NA,"NCRNA00241",NA
NA,"FADD",NA
NA,"ANGPTL6",NA
NA,"C6orf105",NA
NA,"AKR1A1",NA
NA,"CYP2C9",NA
NA,"SLC22A31",NA
NA,"TMEM156",NA
NA,"RSC1A1",NA
NA,"TGFB1I1",NA
NA,"YWHAE",NA
NA,"TNFSF12-TNFSF13",NA
NA,"AP4M1",NA
NA,"EBAG9",NA
NA,"REM2",NA
NA,"TBC1D26",NA
NA,"IRX1",NA
NA,"FASLG",NA
NA,"TMEM133",NA
NA,"FAM86C2P",NA
NA,"TTC5",NA
NA,"RRAD",NA
NA,"C17orf78",NA
NA,"BCL3",NA
NA,"OLFM2",NA
NA,"CCNH",NA
NA,"EVX1",NA
NA,"MFSD7",NA
NA,"CTXN3",NA
NA,"IL17A",NA
NA,"SLC25A14",NA
NA,"FH",NA
NA,"SPG21",NA
NA,"MAP2K6",NA
NA,"CLEC10A",NA
NA,"TMIE",NA
NA,"LOC440944",NA
NA,"MOSPD3",NA
NA,"UBAC1",NA
NA,"ACTL8",NA
NA,"IFIT1",NA
NA,"OAF",NA
NA,"IL17D",NA
NA,"TMEM158",NA
NA,"OR2A20P",NA
NA,"FAM74A4",NA
NA,"MED8",NA
NA,"KLHL33",NA
NA,"RPL23AP82",NA
NA,"SCARNA16",NA
NA,"C1orf114",NA
NA,"FAM181B",NA
NA,"NFE2",NA
NA,"PCCB",NA
NA,"GKAP1",NA
NA,"EIF2B1",NA
NA,"CD8B",NA
NA,"SLC25A37",NA
NA,"SLC7A13",NA
NA,"CYP17A1",NA
NA,"IFT46",NA
NA,"ESAM",NA
NA,"TSPAN4",NA
NA,"RNF122",NA
NA,"OPN1MW",NA
NA,"NPHS2",NA
NA,"FAM72A",NA
NA,"GABARAPL1",NA
NA,"MAPRE3",NA
NA,"CCRL2",NA
NA,"OTOP1",NA
NA,"ZBTB12",NA
NA,"EID2B",NA
NA,"OR2A42",NA
NA,"HSD3B2",NA
NA,"LY75",NA
NA,"GK2",NA
NA,"MMP12",NA
NA,"GLT8D2",NA
NA,"PLEKHA8P1",NA
NA,"KRT83",NA
NA,"PECR",NA
NA,"CD207",NA
NA,"CCNI",NA
NA,"HSD17B11",NA
NA,"ZFP57",NA
NA,"TNRC6B",NA
NA,"DNAJB13",NA
NA,"SOSTDC1",NA
NA,"PORCN",NA
NA,"LOC401980",NA
NA,"FAM98B",NA
NA,"DUOXA1",NA
NA,"CDIPT",NA
NA,"NAT9",NA
NA,"PBX4",NA
NA,"OR12D3",NA
NA,"HAUS7",NA
NA,"RDH12",NA
NA,"JUND",NA
NA,"LOC100289650",NA
NA,"MTCH1",NA
NA,"C8orf31",NA
NA,"CREBZF",NA
NA,"DEFB109P1",NA
NA,"BCYRN1",NA
NA,"RNPC3",NA
NA,"USF1",NA
NA,"CDK5RAP3",NA
NA,"UTP18",NA
NA,"TMEM107",NA
NA,"SULT1C2P1",NA
NA,"SNTG2",NA
NA,"SPZ1",NA
NA,"SNTG1",NA
NA,"LYSMD2",NA
NA,"B3GNT8",NA
NA,"CECR5",NA
NA,"C8orf71",NA
NA,"LOC100289341",NA
NA,"LPP",NA
NA,"MTERFD3",NA
NA,"NGB",NA
NA,"PTOV1",NA
NA,"CTNNBL1",NA
NA,"FGFR1OP",NA
NA,"DLX6",NA
NA,"LHX4",NA
NA,"RAD9B",NA
NA,"SLC35G3",NA
NA,"KRT24",NA
NA,"NOVA2",NA
NA,"MDH1",NA
NA,"RHBDD2",NA
NA,"SLC25A10",NA
NA,"CPVL",NA
NA,"MAPK15",NA
NA,"ROM1",NA
NA,"DRG2",NA
NA,"TMEM205",NA
NA,"DDX49",NA
NA,"RAB28",NA
NA,"LOC728175",NA
NA,"LOC100289230",NA
NA,"GPT",NA
NA,"NXF3",NA
NA,"ACRBP",NA
NA,"PGLYRP2",NA
NA,"KIR3DL2",NA
NA,"FEV",NA
NA,"TMEM212",NA
NA,"OR4F29",NA
NA,"MAPK13",NA
NA,"DRAM2",NA
NA,"BBOX1",NA
NA,"HSD11B2",NA
NA,"TMCO6",NA
NA,"FLJ22536",NA
NA,"PRPSAP2",NA
NA,"GLIPR2",NA
NA,"NBPF7",NA
NA,"TLX1NB",NA
NA,"RPP38",NA
NA,"HTR3B",NA
NA,"CCT8",NA
NA,"EIF4A2",NA
NA,"GYPE",NA
NA,"RAET1K",NA
NA,"H2BFM",NA
NA,"ANK3",NA
NA,"SNORA23",NA
NA,"KRTAP6-2",NA
NA,"SFRP5",NA
NA,"HNRNPKP3",NA
NA,"SAMSN1",NA
NA,"ZNF330",NA
NA,"TMEM150C",NA
NA,"OR2L13",NA
NA,"SNRNP35",NA
NA,"LOC728622",NA
NA,"SPNS3",NA
NA,"BPIFB2",NA
NA,"BAGE3",NA
NA,"UGT2B7",NA
NA,"ADHFE1",NA
NA,"FAM74A3",NA
NA,"FAM55A",NA
NA,"NEIL1",NA
NA,"CD300A",NA
NA,"RTBDN",NA
NA,"DEDD2",NA
NA,"C8orf42",NA
NA,"C8orf44",NA
NA,"HORMAD1",NA
NA,"GPN3",NA
NA,"GABARAPL3",NA
NA,"ADORA2B",NA
NA,"LGALS9",NA
NA,"EIF4A1",NA
NA,"HOXD9",NA
NA,"SLC25A20",NA
NA,"LOC653160",NA
NA,"CCT6B",NA
NA,"MYPOP",NA
NA,"HORMAD2",NA
NA,"FSCN3",NA
NA,"DPY19L1P1",NA
NA,"C14orf79",NA
NA,"THAP11",NA
NA,"LOC729513",NA
NA,"TMEM163",NA
NA,"TET2",NA
NA,"SH2D7",NA
NA,"ATG4D",NA
NA,"UBXN2A",NA
NA,"LYPLAL1",NA
NA,"SNX7",NA
NA,"GOLGA8IP",NA
NA,"HSBP1",NA
NA,"GSS",NA
NA,"CHRNA9",NA
NA,"HEXB",NA
NA,"SH2B2",NA
NA,"ST7-AS1",NA
NA,"VWC2",NA
NA,"COPZ1",NA
NA,"HAPLN3",NA
NA,"SPDEF",NA
NA,"PGCP",NA
NA,"PLA2G5",NA
NA,"MRPS35",NA
NA,"FAM92B",NA
NA,"LOC151484",NA
NA,"C6orf10",NA
NA,"RPL36A-HNRNPH2",NA
NA,"LOC100287314",NA
NA,"ITM2B",NA
NA,"PHF11",NA
NA,"TGDS",NA
NA,"LOC729082",NA
NA,"NAE1",NA
NA,"HSF2BP",NA
NA,"C1orf43",NA
NA,"YIPF1",NA
NA,"CABP1",NA
NA,"NOG",NA
NA,"OSR1",NA
NA,"SLC16A8",NA
NA,"TSNARE1",NA
NA,"E2F5",NA
NA,"NRBF2",NA
NA,"CYP4F8",NA
NA,"KIR3DL1",NA
NA,"PRRT1",NA
NA,"PVT1",NA
NA,"MDM4",NA
NA,"KIN",NA
NA,"PSMB11",NA
NA,"OMG",NA
NA,"LOC92659",NA
NA,"LOC100128398",NA
NA,"LOC401052",NA
NA,"NT5C3",NA
NA,"CPA6",NA
NA,"SRPX",NA
NA,"CXXC1P1",NA
NA,"LPCAT4",NA
NA,"TRIM69",NA
NA,"HMX1",NA
NA,"TMUB1",NA
NA,"TOP1MT",NA
NA,"CYP4Z1",NA
NA,"LOC100506668",NA
NA,"STRAP",NA
NA,"PRR23B",NA
NA,"SLC22A1",NA
NA,"EPHX1",NA
NA,"NDN",NA
NA,"ANGPTL4",NA
NA,"TBP",NA
NA,"TSPAN13",NA
NA,"TBX20",NA
NA,"RAP1A",NA
NA,"TMX2",NA
NA,"RFPL4B",NA
NA,"PLA1A",NA
NA,"GUCA1A",NA
NA,"SLC35A1",NA
NA,"PDGFRL",NA
NA,"TM6SF1",NA
NA,"LOC100507489",NA
NA,"RMND1",NA
NA,"HLA-F-AS1",NA
NA,"TTTY16",NA
NA,"OMA1",NA
NA,"LOC100133545",NA
NA,"RHOJ",NA
NA,"LILRA1",NA
NA,"CTSL1",NA
NA,"BRMS1",NA
NA,"KRT81",NA
NA,"BEST2",NA
NA,"PSG3",NA
NA,"PNLDC1",NA
NA,"C1GALT1C1",NA
NA,"RHBG",NA
NA,"ANKRD49",NA
NA,"TMEM159",NA
NA,"CALR",NA
NA,"GFRAL",NA
NA,"FAT3",NA
NA,"DMRTB1",NA
NA,"BCKDHA",NA
NA,"TMEM177",NA
NA,"HMGB2",NA
NA,"LOC642924",NA
NA,"LOC401588",NA
NA,"PGF",NA
NA,"SYT17",NA
NA,"ARRB2",NA
NA,"FSCN2",NA
NA,"HTR3E",NA
NA,"ZC3HC1",NA
NA,"SMARCD3",NA
NA,"BARHL1",NA
NA,"CNGA4",NA
NA,"PSG6",NA
NA,"C9orf6",NA
NA,"CFP",NA
NA,"LRRC38",NA
NA,"HES4",NA
NA,"MMP21",NA
NA,"ACADS",NA
NA,"LOC200261",NA
NA,"NDUFB4",NA
NA,"C7orf26",NA
NA,"GSTM4",NA
NA,"ZNF691",NA
NA,"SIGIRR",NA
NA,"PTGES3",NA
NA,"DKFZP434H168",NA
NA,"ZBTB26",NA
NA,"LOC148824",NA
NA,"DUS2L",NA
NA,"C19orf29OS",NA
NA,"LILRA5",NA
NA,"FAM19A1",NA
NA,"ZNF193",NA
NA,"CRNN",NA
NA,"SLCO1B7",NA
NA,"RIPK3",NA
NA,"OAZ2",NA
NA,"WIPI1",NA
NA,"CECR3",NA
NA,"RNF215",NA
NA,"C4orf43",NA
NA,"GNPDA2",NA
NA,"C1orf152",NA
NA,"RBM7",NA
NA,"GNB3",NA
NA,"ANGPT4",NA
NA,"PRL",NA
NA,"TRIM40",NA
NA,"LOC100132707",NA
NA,"TAS2R20",NA
NA,"ARNTL2",NA
NA,"MLF2",NA
NA,"C17orf59",NA
NA,"SNRNP70",NA
NA,"CRIPT",NA
NA,"SEC13",NA
NA,"C5orf27",NA
NA,"CPSF4",NA
NA,"PGRMC1",NA
NA,"KIAA1549",NA
NA,"C12orf43",NA
NA,"HNRNPA1",NA
NA,"FAM57B",NA
NA,"LRRC46",NA
NA,"GALE",NA
NA,"LENG9",NA
NA,"C20orf152",NA
NA,"LOC100507629",NA
NA,"DNMT3L",NA
NA,"NDUFC1",NA
NA,"IK",NA
NA,"C5orf35",NA
NA,"GABRD",NA
NA,"NF1P1",NA
NA,"DHRS13",NA
NA,"C2orf73",NA
NA,"RHOA",NA
NA,"LOC153469",NA
NA,"PEX14",NA
NA,"PRTFDC1",NA
NA,"TUBAL3",NA
NA,"ZSCAN5A",NA
NA,"RTN4R",NA
NA,"C11orf16",NA
NA,"SLC16A5",NA
NA,"FXYD5",NA
NA,"C21orf59",NA
NA,"TDP2",NA
NA,"C6orf64",NA
NA,"RHAG",NA
NA,"PSMD13",NA
NA,"TMEM200C",NA
NA,"CXorf41",NA
NA,"PRR4",NA
NA,"SNORD116-3",NA
NA,"SNORD116-5",NA
NA,"GIPC1",NA
NA,"CCR3",NA
NA,"POLR3D",NA
NA,"LOC100507300",NA
NA,"PLBD1",NA
NA,"EFHA1",NA
NA,"HMGN2P46",NA
NA,"CORO1A",NA
NA,"TMEM17",NA
NA,"ITGB1BP1",NA
NA,"B3GAT2",NA
NA,"IDO1",NA
NA,"PEX11B",NA
NA,"TRIM21",NA
NA,"WNT11",NA
NA,"RAGE",NA
NA,"LOC100130890",NA
NA,"C10orf44",NA
NA,"PLD4",NA
NA,"ONECUT1",NA
NA,"LYRM1",NA
NA,"C4orf26",NA
NA,"GFRA3",NA
NA,"PGD",NA
NA,"GRASP",NA
NA,"ACAA2",NA
NA,"UBE2E1",NA
NA,"NCRNA00208",NA
NA,"CXorf21",NA
NA,"HPD",NA
NA,"ZNF787",NA
NA,"HIBCH",NA
NA,"ATP6V1B1",NA
NA,"C21orf63",NA
NA,"C3orf33",NA
NA,"AHNAK",NA
NA,"RHCG",NA
NA,"PNCK",NA
NA,"XIST",NA
NA,"PHYH",NA
NA,"MGAT4C",NA
NA,"TMEM221",NA
NA,"AKIRIN2",NA
NA,"OR51B5",NA
NA,"CLEC4D",NA
NA,"CLEC4GP1",NA
NA,"IL10RB",NA
NA,"HSPBAP1",NA
NA,"TFAM",NA
NA,"MORF4L1",NA
NA,"KRT40",NA
NA,"C8orf82",NA
NA,"ZNF34",NA
NA,"CNTF",NA
NA,"SNORD116-2",NA
NA,"CLEC18B",NA
NA,"TSEN54",NA
NA,"FLJ22763",NA
NA,"HDAC3",NA
NA,"BOD1",NA
NA,"FAM154A",NA
NA,"DHH",NA
NA,"SSBP2",NA
NA,"KLHL35",NA
NA,"CLEC3A",NA
NA,"SCPEP1",NA
NA,"LOC100128252",NA
NA,"FCRL6",NA
NA,"CCDC63",NA
NA,"CERS5",NA
NA,"KLK11",NA
NA,"XBP1",NA
NA,"SOD2",NA
NA,"GPR172A",NA
NA,"IGSF21",NA
NA,"GDF2",NA
NA,"PRSS8",NA
NA,"TEX19",NA
NA,"PMAIP1",NA
NA,"FBXO15",NA
NA,"EIF3D",NA
NA,"PATL2",NA
NA,"CCNE1",NA
NA,"SLC7A10",NA
NA,"PTX3",NA
NA,"MSX1",NA
NA,"ISOC1",NA
NA,"GTF2H2",NA
NA,"LETM2",NA
NA,"UBAC2-AS1",NA
NA,"WBP2",NA
NA,"PARVB",NA
NA,"BCL7B",NA
NA,"MLL2",NA
NA,"C4orf33",NA
NA,"WBP5",NA
NA,"CCDC38",NA
NA,"LOC100506474",NA
NA,"GPR78",NA
NA,"TRMT11",NA
NA,"CRLF2",NA
NA,"MAGEA12",NA
NA,"CHRNA10",NA
NA,"LOC100506394",NA
NA,"TUBG1",NA
NA,"STXBP2",NA
NA,"GPR98",NA
NA,"C12orf76",NA
NA,"SDCBP2",NA
NA,"LOC100506746",NA
NA,"GBGT1",NA
NA,"CCIN",NA
NA,"LOC100129361",NA
NA,"LOC100505835",NA
NA,"SRA1",NA
NA,"PTCRA",NA
NA,"FAM156B",NA
NA,"GABPB2",NA
NA,"KRT18",NA
NA,"PAWR",NA
NA,"METTL3",NA
NA,"C16orf88",NA
NA,"SP5",NA
NA,"HRG",NA
NA,"FLJ42969",NA
NA,"CXorf59",NA
NA,"MMP20",NA
NA,"WFIKKN1",NA
NA,"TXNRD2",NA
NA,"ADCK5",NA
NA,"CASQ1",NA
NA,"TRNP1",NA
NA,"APEX1",NA
NA,"FLJ40504",NA
NA,"CYGB",NA
NA,"WASH2P",NA
NA,"KHDRBS3",NA
NA,"CHRNB3",NA
NA,"MAGEB6",NA
NA,"LOC100133612",NA
NA,"BMS1P4",NA
NA,"C11orf83",NA
NA,"KRT16P3",NA
NA,"C17orf106-CDK3",NA
NA,"RBP1",NA
NA,"VNN3",NA
NA,"TM7SF4",NA
NA,"MPZ",NA
NA,"RAB1B",NA
NA,"SYNJ2BP-COX16",NA
NA,"HILS1",NA
NA,"MAGEA4",NA
NA,"HS3ST2",NA
NA,"NOP58",NA
NA,"TMEM191A",NA
NA,"CHCHD7",NA
NA,"MAGEB10",NA
NA,"STXBP6",NA
NA,"ZNF358",NA
NA,"CXCR6",NA
NA,"HARS",NA
NA,"CLDN23",NA
NA,"TCEANC",NA
NA,"C16orf93",NA
NA,"IL1RL2",NA
NA,"COMMD7",NA
NA,"PPYR1",NA
NA,"PRB1",NA
NA,"MCRS1",NA
NA,"C3AR1",NA
NA,"PLSCR3",NA
NA,"TIMM13",NA
NA,"GPN1",NA
NA,"TRMU",NA
NA,"CCRN4L",NA
NA,"RASL11B",NA
NA,"LOC441242",NA
NA,"LOC100507346",NA
NA,"C17orf66",NA
NA,"ZBTB32",NA
NA,"C11orf84",NA
NA,"CLEC18A",NA
NA,"GMPPA",NA
NA,"PDHB",NA
NA,"ZNF474",NA
NA,"SBDSP1",NA
NA,"LRRC71",NA
NA,"ASPG",NA
NA,"SELS",NA
NA,"NCRNA00085",NA
NA,"HOXC10",NA
NA,"VSTM2L",NA
NA,"MGC16703",NA
NA,"ADRA2C",NA
NA,"NAP1L5",NA
NA,"KCNA10",NA
NA,"CLEC18C",NA
NA,"COX4NB",NA
NA,"PSMA8",NA
NA,"RPL22L1",NA
NA,"CRISP1",NA
NA,"ZDHHC4",NA
NA,"LOC100505795",NA
NA,"YIPF4",NA
NA,"TMEM165",NA
NA,"ZNF664-FAM101A",NA
NA,"ZP1",NA
NA,"FOLH1B",NA
NA,"LRRC61",NA
NA,"IL19",NA
NA,"LOC100129213",NA
NA,"CPLX4",NA
NA,"ACP5",NA
NA,"LOC100505812",NA
NA,"PLSCR5",NA
NA,"C7orf16",NA
NA,"LRRC23",NA
NA,"LOC100128714",NA
NA,"KRBA2",NA
NA,"RBM11",NA
NA,"C3orf65",NA
NA,"SLC22A16",NA
NA,"GIMAP4",NA
NA,"POTEA",NA
NA,"LOC645676",NA
NA,"HMGN2",NA
NA,"POTEG",NA
NA,"LOC646903",NA
NA,"HS3ST1",NA
NA,"AMBN",NA
NA,"DCBLD1",NA
NA,"PPP2CB",NA
NA,"PGM5P2",NA
NA,"MAGEB1",NA
NA,"TIGD3",NA
NA,"CSDA",NA
NA,"ANKRD1",NA
NA,"FSHB",NA
NA,"BPIFC",NA
NA,"EIF4E1B",NA
NA,"RPF1",NA
NA,"HMGN4",NA
NA,"BPHL",NA
NA,"HDGFRP3",NA
NA,"NCCRP1",NA
NA,"ZNF446",NA
NA,"SLC22A14",NA
NA,"LOC389641",NA
NA,"FAM127B",NA
NA,"IDH3G",NA
NA,"APITD1-CORT",NA
NA,"TBC1D28",NA
NA,"OR2A9P",NA
NA,"NME7",NA
NA,"LOC100506835",NA
NA,"CLCF1",NA
NA,"KPNA2",NA
NA,"IRF3",NA
NA,"COQ10B",NA
NA,"SHISA3",NA
NA,"CXCL14",NA
NA,"KRTAP20-2",NA
NA,"IFIT1B",NA
NA,"TMEM102",NA
NA,"COPS7B",NA
NA,"YBEY",NA
NA,"ADH4",NA
NA,"PLA2G7",NA
NA,"KLHDC9",NA
NA,"NRL",NA
NA,"PPAN-P2RY11",NA
NA,"CTLA4",NA
NA,"CHEK2",NA
NA,"TMEM66",NA
NA,"APEX2",NA
NA,"ETV3L",NA
NA,"ARG2",NA
NA,"SLC7A9",NA
NA,"PCDHGB8P",NA
NA,"SLC38A5",NA
NA,"MTX1",NA
NA,"FAM151A",NA
NA,"IAPP",NA
NA,"TTYH1",NA
NA,"HOXD1",NA
NA,"KCTD6",NA
NA,"SH3GLB2",NA
NA,"PNO1",NA
NA,"LOC339874",NA
NA,"ACOT12",NA
NA,"SPDYE2",NA
NA,"SPDYE2L",NA
NA,"PPOX",NA
NA,"COPS3",NA
NA,"KATNA1",NA
NA,"LOC100505854",NA
NA,"TNFSF8",NA
NA,"ZGLP1",NA
NA,"SESN3",NA
NA,"TRIM16L",NA
NA,"ATP6V1E2",NA
NA,"SLC6A11",NA
NA,"SIL1",NA
NA,"FGF18",NA
NA,"ARPC5",NA
NA,"PRLHR",NA
NA,"C15orf33",NA
NA,"STOML1",NA
NA,"FLJ30679",NA
NA,"LOC100505549",NA
NA,"SEMG2",NA
NA,"KLHDC8B",NA
NA,"LOC100132831",NA
NA,"FOXE3",NA
NA,"NTN3",NA
NA,"EVPLL",NA
NA,"ASGR2",NA
NA,"ZNF565",NA
NA,"HTR6",NA
NA,"STARD10",NA
NA,"LECT1",NA
NA,"MFGE8",NA
NA,"UBXN6",NA
NA,"SULT2A1",NA
NA,"SLMO2",NA
NA,"LOC152742",NA
NA,"FBP1",NA
NA,"PRICKLE3",NA
NA,"LOC648740",NA
NA,"BTBD6",NA
NA,"NT5C3L",NA
NA,"AFM",NA
NA,"PATE4",NA
NA,"BYSL",NA
NA,"APOA5",NA
NA,"AMHR2",NA
NA,"LAG3",NA
NA,"KRT12",NA
NA,"LOC256880",NA
NA,"LOC641518",NA
NA,"TMEM138",NA
NA,"SPINLW1",NA
NA,"HHATL",NA
NA,"ZSCAN21",NA
NA,"STAMBPL1",NA
NA,"LOC100506071",NA
NA,"RBPMS2",NA
NA,"CLUL1",NA
NA,"CCDC106",NA
NA,"FUT5",NA
NA,"C21orf7",NA
NA,"FAM116B",NA
NA,"PDIA5",NA
NA,"ZCCHC9",NA
NA,"SF3B4",NA
NA,"SYTL1",NA
NA,"C10orf114",NA
NA,"FOXA3",NA
NA,"BCL2L12",NA
NA,"TIMM44",NA
NA,"RPL15",NA
NA,"SFRP2",NA
NA,"LYRM4",NA
NA,"C7orf71",NA
NA,"DLX6-AS1",NA
NA,"KIF12",NA
NA,"MED18",NA
NA,"INHBC",NA
NA,"SPPL2A",NA
NA,"PSG11",NA
NA,"MSL3P1",NA
NA,"GUSBP5",NA
NA,"SNORA74A",NA
NA,"DEFB134",NA
NA,"WNT8B",NA
NA,"STOML3",NA
NA,"NKIRAS1",NA
NA,"PPP1R2P3",NA
NA,"HIBADH",NA
NA,"TIMM8A",NA
NA,"NCRNA00299",NA
NA,"FAM113A",NA
NA,"MAGEC2",NA
NA,"GABRQ",NA
NA,"HCRTR1",NA
NA,"GDF7",NA
NA,"MRRF",NA
NA,"CPNE6",NA
NA,"EVI2B",NA
NA,"RAB17",NA
NA,"TTC24",NA
NA,"SLAMF1",NA
NA,"LOC100506733",NA
NA,"GABRG3",NA
NA,"ZNF784",NA
NA,"GBAS",NA
NA,"TSNAX",NA
NA,"PEPD",NA
NA,"F2",NA
NA,"FDXR",NA
NA,"HGD",NA
NA,"RHOH",NA
NA,"BRF2",NA
NA,"C9orf44",NA
NA,"ZNF833P",NA
NA,"TRIP10",NA
NA,"KYNU",NA
NA,"TAAR2",NA
NA,"MARK2P9",NA
NA,"ZDHHC1",NA
NA,"KRT32",NA
NA,"SLC9A3R1",NA
NA,"C8orf40",NA
NA,"ISCA1",NA
NA,"NUDT10",NA
NA,"HSPB8",NA
NA,"ZNF57",NA
NA,"PLAUR",NA
NA,"DNAJC5G",NA
NA,"LOC100128076",NA
NA,"NDP",NA
NA,"TPI1",NA
NA,"MFF",NA
NA,"LOC96610",NA
NA,"AGXT2L2",NA
NA,"CTSF",NA
NA,"CCDC122",NA
NA,"TMEM55B",NA
NA,"SPATA7",NA
NA,"TUBB3",NA
NA,"ATP5SL",NA
NA,"VSNL1",NA
NA,"ARPM1",NA
NA,"PAX4",NA
NA,"FAAH2",NA
NA,"SPATA21",NA
NA,"LOC400548",NA
NA,"DNASE2",NA
NA,"LOC340113",NA
NA,"FLJ34503",NA
NA,"CSTF2",NA
NA,"PHGDH",NA
NA,"PDXP",NA
NA,"RP1-177G6.2",NA
NA,"ESPNP",NA
NA,"SERTAD4",NA
NA,"TH",NA
NA,"MT1IP",NA
NA,"KLHL10",NA
NA,"CLVS2",NA
NA,"TRNAU1AP",NA
NA,"PPP2R2D",NA
NA,"MGC12916",NA
NA,"ZNF812",NA
NA,"SLC5A4",NA
NA,"LOC641365",NA
NA,"LOC285627",NA
NA,"FAM83E",NA
NA,"NCRNA00320",NA
NA,"CYLC1",NA
NA,"RNFT1",NA
NA,"TRH",NA
NA,"GSTM2",NA
NA,"ENOPH1",NA
NA,"NCRNA00255",NA
NA,"CPLX3",NA
NA,"GPR160",NA
NA,"TRAIP",NA
NA,"PXK",NA
NA,"LOC147727",NA
NA,"GIPR",NA
NA,"IDH3B",NA
NA,"CCDC86",NA
NA,"ZNF843",NA
NA,"LOC286359",NA
NA,"LCN10",NA
NA,"LOC144776",NA
NA,"SIGLEC9",NA
NA,"LIPT1",NA
NA,"HACL1",NA
NA,"LOC339894",NA
NA,"ALG3",NA
NA,"LOC100129858",NA
NA,"C8orf51",NA
NA,"DCAF8L2",NA
NA,"CRP",NA
NA,"GLMN",NA
NA,"MNS1",NA
NA,"AMH",NA
NA,"HOXA7",NA
NA,"LOC441869",NA
NA,"LOC282997",NA
NA,"LOC84931",NA
NA,"GYG1",NA
NA,"LOC440173",NA
NA,"LOC340515",NA
NA,"MED4",NA
NA,"PP14571",NA
NA,"TUBB2B",NA
NA,"LY86-AS1",NA
NA,"BZW2",NA
NA,"PMS2P5",NA
NA,"DPY19L2P4",NA
NA,"SLC30A1",NA
NA,"C1orf87",NA
NA,"P2RX4",NA
NA,"LOC100270804",NA
NA,"TPI1P2",NA
NA,"ANXA8L2",NA
NA,"FLJ37505",NA
NA,"PRSS53",NA
NA,"NCRNA00323",NA
NA,"AFP",NA
NA,"NLRP10",NA
NA,"BOLA2",NA
NA,"GDF9",NA
NA,"TRIM31",NA
NA,"GPR50",NA
NA,"NUDT15",NA
NA,"HCLS1",NA
NA,"MAGEA10-MAGEA5",NA
NA,"LOC100505839",NA
NA,"LOC387647",NA
NA,"DUSP1",NA
NA,"CREG1",NA
NA,"CDC42EP2",NA
NA,"PCOLCE2",NA
NA,"NCRNA00246B",NA
NA,"DTX3",NA
NA,"SAMD15",NA
NA,"LOC645591",NA
NA,"GBAP1",NA
NA,"DIO1",NA
NA,"SMNDC1",NA
NA,"LOC440518",NA
NA,"GGT3P",NA
NA,"HOXC6",NA
NA,"LOC645431",NA
NA,"MFAP4",NA
NA,"C18orf26",NA
NA,"DNAJC28",NA
NA,"USP18",NA
NA,"HADH",NA
NA,"HGFAC",NA
NA,"C8B",NA
NA,"C15orf38",NA
NA,"C1orf56",NA
NA,"LOC100505666",NA
NA,"ZNF643",NA
NA,"PRKAG1",NA
NA,"PARP2",NA
NA,"PSG5",NA
NA,"PSG4",NA
NA,"C19orf63",NA
NA,"POTEH",NA
NA,"TRAM1L1",NA
NA,"ST6GALNAC5",NA
NA,"LPXN",NA
NA,"NCRNA00173",NA
NA,"HN1",NA
NA,"C20orf134",NA
NA,"C21orf129",NA
NA,"ATP6AP2",NA
NA,"CORO1B",NA
NA,"LOC100506660",NA
NA,"LOC100507217",NA
NA,"GRAP",NA
NA,"SNX17",NA
NA,"FLJ35946",NA
NA,"IL17RB",NA
NA,"CPNE9",NA
NA,"SNORA74B",NA
NA,"DENND2D",NA
NA,"HS3ST3B1",NA
NA,"FAM71B",NA
NA,"NOX3",NA
NA,"HOXB4",NA
NA,"SPATC1",NA
NA,"C9orf43",NA
NA,"HENMT1",NA
NA,"TBCE",NA
NA,"C10orf57",NA
NA,"LOC144817",NA
NA,"ENTPD5",NA
NA,"TRIP4",NA
NA,"PHF23",NA
NA,"PSG7",NA
NA,"NPAS1",NA
NA,"C22orf23",NA
NA,"ERCC8",NA
NA,"TFAP2D",NA
NA,"FAM127C",NA
NA,"MRGPRX2",NA
NA,"CLEC2B",NA
NA,"JMJD8",NA
NA,"LOC441208",NA
NA,"C20orf118",NA
NA,"PACRG",NA
NA,"USH2A",NA
NA,"GPR137B",NA
NA,"HOXC11",NA
NA,"CHGA",NA
NA,"CD19",NA
NA,"ENTPD3-AS1",NA
NA,"WDR86",NA
NA,"ZNF77",NA
NA,"C20orf103",NA
NA,"SLC35B2",NA
NA,"C14orf21",NA
NA,"GCGR",NA
NA,"F12",NA
NA,"FAM90A25P",NA
NA,"ACSM1",NA
NA,"FAM69C",NA
NA,"ZNF444",NA
NA,"SOX14",NA
NA,"RBMY2FP",NA
NA,"LOC440297",NA
NA,"FPR2",NA
NA,"DYTN",NA
NA,"IL20RB",NA
NA,"FAM194A",NA
NA,"CLRN1-AS1",NA
NA,"LOC340074",NA
NA,"LOC285972",NA
NA,"POLD2",NA
NA,"MSRA",NA
NA,"MS4A15",NA
NA,"C20orf123",NA
NA,"SERPINB6",NA
NA,"GLO1",NA
NA,"TRIM50",NA
NA,"LTA4H",NA
NA,"C15orf53",NA
NA,"ADRB2",NA
NA,"MYOC",NA
NA,"DEGS1",NA
NA,"UTP11L",NA
NA,"IL15RA",NA
NA,"NHLRC4",NA
NA,"TOMM34",NA
NA,"HCG4",NA
NA,"NOXO1",NA
NA,"LOC100286922",NA
NA,"TAZ",NA
NA,"NAP1L6",NA
NA,"THAP10",NA
NA,"RPUSD1",NA
NA,"IER2",NA
NA,"TNIP2",NA
NA,"LOC341056",NA
NA,"KREMEN2",NA
NA,"EMID1",NA
NA,"SUMF2",NA
NA,"TPST1",NA
NA,"LOC100129196",NA
NA,"UTP6",NA
NA,"FADS6",NA
NA,"CHRNA1",NA
NA,"HTR1E",NA
NA,"LOC100507634",NA
NA,"SERPING1",NA
NA,"ALDH2",NA
NA,"SYNGR3",NA
NA,"C1QL2",NA
NA,"LOC100507140",NA
NA,"LOC152225",NA
NA,"ISG20L2",NA
NA,"ADAM21P1",NA
NA,"TBC1D3P2",NA
NA,"LOC148189",NA
NA,"ZSCAN1",NA
NA,"LOC100272216",NA
NA,"PYROXD2",NA
NA,"GPCRLTM7",NA
NA,"CLDN9",NA
NA,"MEF2BNB",NA
NA,"C5orf25",NA
NA,"BAG2",NA
NA,"ZNF485",NA
NA,"ODC1",NA
NA,"TRIM54",NA
NA,"PCBP3",NA
NA,"UPK1B",NA
NA,"LOC100506035",NA
NA,"FUT11",NA
NA,"FFAR2",NA
NA,"CCT8L2",NA
NA,"NCK1",NA
NA,"LOC730441",NA
NA,"LOC145216",NA
NA,"ZNF576",NA
NA,"SNX2",NA
NA,"NRN1",NA
NA,"TMEM140",NA
NA,"MFAP1",NA
NA,"RSPRY1",NA
NA,"C22orf28",NA
NA,"NDUFA4",NA
NA,"UBXN11",NA
NA,"SERPINA12",NA
NA,"DOC2A",NA
NA,"ABHD3",NA
NA,"MCAT",NA
NA,"ACN9",NA
NA,"GPAA1",NA
NA,"LOC338739",NA
NA,"C12orf56",NA
NA,"MSC",NA
NA,"KRT79",NA
NA,"DHODH",NA
NA,"NR1H2",NA
NA,"GCNT7",NA
NA,"IGSF5",NA
NA,"UPB1",NA
NA,"C1orf135",NA
NA,"C10orf10",NA
NA,"SOAT2",NA
NA,"LOC146513",NA
NA,"C18orf10",NA
NA,"GPR108",NA
NA,"SH3BGRL",NA
NA,"CNN3",NA
NA,"LAYN",NA
NA,"IRX5",NA
NA,"UBE2C",NA
NA,"PDLIM7",NA
NA,"LOC442132",NA
NA,"MYCBP",NA
NA,"TYR",NA
NA,"PLCZ1",NA
NA,"C2orf53",NA
NA,"NMUR2",NA
NA,"C6orf70",NA
NA,"TUFM",NA
NA,"SUGP1",NA
NA,"NMNAT3",NA
NA,"BTD",NA
NA,"ZNF713",NA
NA,"TSPAN6",NA
NA,"TP53AIP1",NA
NA,"CYP46A1",NA
NA,"ZNF479",NA
NA,"CHMP5",NA
NA,"C1QL4",NA
NA,"HCAR2",NA
NA,"KRT84",NA
NA,"ADSSL1",NA
NA,"C14orf129",NA
NA,"ABTB1",NA
NA,"LOC441177",NA
NA,"TREML4",NA
NA,"C14orf34",NA
NA,"C15orf57",NA
NA,"NAGS",NA
NA,"GSTTP2",NA
NA,"AP2M1",NA
NA,"FRG2C",NA
NA,"PACRGL",NA
NA,"SLC2A9",NA
NA,"NEU1",NA
NA,"CYP3A7",NA
NA,"LOC100128126",NA
NA,"LRR1",NA
NA,"CCDC9",NA
NA,"FOXD4L1",NA
NA,"CNPPD1",NA
NA,"FAM83F",NA
NA,"CWC27",NA
NA,"NOBOX",NA
NA,"FOXD3",NA
NA,"IL34",NA
NA,"ITM2C",NA
NA,"TPST2",NA
NA,"TMPRSS11F",NA
NA,"C6orf195",NA
NA,"RHEB",NA
NA,"CHST12",NA
NA,"PMPCA",NA
NA,"LOC284661",NA
NA,"B3GNT1",NA
NA,"RNF34",NA
NA,"ATIC",NA
NA,"HOPX",NA
NA,"TMEM35",NA
NA,"TSEN15",NA
NA,"FGGY",NA
NA,"UXS1",NA
NA,"IHH",NA
NA,"CCDC37",NA
NA,"KRTAP23-1",NA
NA,"PSRC1",NA
NA,"TNFRSF25",NA
NA,"IL7",NA
NA,"TMEM38B",NA
NA,"TACSTD2",NA
NA,"SPSB2",NA
NA,"MRPL10",NA
NA,"TXNDC17",NA
NA,"NARF",NA
NA,"RPL32P3",NA
NA,"CISD1",NA
NA,"OGFOD2",NA
NA,"LOC400084",NA
NA,"TTC25",NA
NA,"AOC4",NA
NA,"TLE6",NA
NA,"SEC14L3",NA
NA,"TTLL1",NA
NA,"ACY1",NA
NA,"VEGFC",NA
NA,"UTP3",NA
NA,"FAM113B",NA
NA,"ZNF232",NA
NA,"FAM153B",NA
NA,"IL11RA",NA
NA,"SOX3",NA
NA,"OR13A1",NA
NA,"LOC400685",NA
NA,"LOC100507240",NA
NA,"FAM57A",NA
NA,"LRRC43",NA
NA,"SLC25A18",NA
NA,"MAGEA11",NA
NA,"HDAC1",NA
NA,"ARTN",NA
NA,"LOC143666",NA
NA,"GH2",NA
NA,"NKX2-2",NA
NA,"EIF3L",NA
NA,"LOC100128176",NA
NA,"DNAJC1",NA
NA,"LHX5",NA
NA,"GCDH",NA
NA,"LOC100288255",NA
NA,"TULP1",NA
NA,"GET4",NA
NA,"DEFB114",NA
NA,"FAAH",NA
NA,"NARFL",NA
NA,"SERPINI1",NA
NA,"RPL22",NA
NA,"FAM118B",NA
NA,"LOH12CR1",NA
NA,"NGRN",NA
NA,"ATP5A1",NA
NA,"FEZF2",NA
NA,"ZNF79",NA
NA,"EIF2D",NA
NA,"OAT",NA
NA,"KRT86",NA
NA,"C12orf26",NA
NA,"KIF22",NA
NA,"HAS1",NA
NA,"CCNB1",NA
NA,"NODAL",NA
NA,"DCP1B",NA
NA,"FAR2",NA
NA,"C15orf37",NA
NA,"PTGIR",NA
NA,"C2orf83",NA
NA,"FEZ2",NA
NA,"ST3GAL6",NA
NA,"NFIL3",NA
NA,"CAPN8",NA
NA,"C11orf35",NA
NA,"NCRNA00327",NA
NA,"MCOLN1",NA
NA,"GPX1",NA
NA,"TIGD2",NA
NA,"PPWD1",NA
NA,"CCBL1",NA
NA,"AANAT",NA
NA,"ABHD8",NA
NA,"XRCC1",NA
NA,"VRK3",NA
NA,"SLC30A3",NA
NA,"TMEM74",NA
NA,"LOC646278",NA
NA,"PLK5",NA
NA,"ESM1",NA
NA,"SRI",NA
NA,"BEST4",NA
NA,"CDX2",NA
NA,"ALS2CR12",NA
NA,"LAP3",NA
NA,"DDX41",NA
NA,"LOC100506409",NA
NA,"KCNK17",NA
NA,"C9orf125",NA
NA,"LOC100133957",NA
NA,"LOC643988",NA
NA,"DMAP1",NA
NA,"TIAF1",NA
NA,"RAB24",NA
NA,"CD1A",NA
NA,"HOMER2",NA
NA,"ZNF699",NA
NA,"LOC149773",NA
NA,"A4GALT",NA
NA,"GDEP",NA
NA,"GTF2H2C",NA
NA,"ATP6AP1",NA
NA,"RMST",NA
NA,"EID1",NA
NA,"LOC100507501",NA
NA,"TMEM188",NA
NA,"E2F4",NA
NA,"RNF213",NA
NA,"SLC22A24",NA
NA,"GRK1",NA
NA,"METTL23",NA
NA,"NCRNA00324",NA
NA,"LOC644669",NA
NA,"REEP2",NA
NA,"ZNF684",NA
NA,"C12orf32",NA
NA,"LOC644838",NA
NA,"TMEM115",NA
NA,"PTCD2",NA
NA,"ZNF736",NA
NA,"PPAPDC3",NA
NA,"AK8",NA
NA,"C1orf159",NA
NA,"ATP5F1",NA
NA,"NKX2-3",NA
NA,"LOC282980",NA
NA,"NANOG",NA
NA,"ARL2BP",NA
NA,"HLA-DPA1",NA
NA,"NUDT13",NA
NA,"VDAC2",NA
NA,"LTBR",NA
NA,"NHEJ1",NA
NA,"CIAPIN1",NA
NA,"ST6GALNAC2",NA
NA,"SPATA16",NA
NA,"METTL14",NA
NA,"C1orf65",NA
NA,"KDELC1",NA
NA,"B4GALNT2",NA
NA,"FLJ45513",NA
NA,"DAPK3",NA
NA,"ATF2",NA
NA,"FAM176A",NA
NA,"POLR2F",NA
NA,"IFRD2",NA
NA,"UGT2B4",NA
NA,"IDAS",NA
NA,"UPP1",NA
NA,"WHSC1",NA
NA,"PDIA3P",NA
NA,"C11orf24",NA
NA,"PITPNC1",NA
NA,"CXCR7",NA
NA,"LSAMP-AS3",NA
NA,"FDFT1",NA
NA,"LOC100507470",NA
NA,"TMEM218",NA
NA,"THOC1",NA
NA,"LOC402160",NA
NA,"TBC1D3B",NA
NA,"AKAP8L",NA
NA,"GFRA4",NA
NA,"GAP43",NA
NA,"HAVCR1",NA
NA,"CNTFR",NA
NA,"PRAMEF3",NA
NA,"DIO3",NA
NA,"TBC1D3C",NA
NA,"UBA3",NA
NA,"CDC25C",NA
NA,"BPGM",NA
NA,"HTRA4",NA
NA,"TOR1A",NA
NA,"LOC100131257",NA
NA,"GPR89B",NA
NA,"CC2D2B",NA
NA,"C12orf69",NA
NA,"POLE2",NA
NA,"ELL3",NA
NA,"CCDC137",NA
NA,"EFHD1",NA
NA,"CCT7",NA
NA,"PXT1",NA
NA,"GRINA",NA
NA,"SPRYD4",NA
NA,"THNSL2",NA
NA,"UNC93A",NA
NA,"FSIP2",NA
NA,"TAF6L",NA
NA,"TBC1D3G",NA
NA,"CTU1",NA
NA,"PAQR9",NA
NA,"WDR70",NA
NA,"PHB2",NA
NA,"NCRNA00336",NA
NA,"LOC389791",NA
NA,"LOC399815",NA
NA,"PRR14",NA
NA,"TNFSF13",NA
NA,"SIGLEC14",NA
NA,"RGPD8",NA
NA,"CITED2",NA
NA,"SNAI2",NA
NA,"SLC2A8",NA
NA,"GOLGA2P3Y",NA
NA,"STK32C",NA
NA,"UEVLD",NA
NA,"PDCD1",NA
NA,"LOC100505716",NA
NA,"TAGLN3",NA
NA,"NUF2",NA
NA,"GPR3",NA
NA,"SLC15A3",NA
NA,"SPRY2",NA
NA,"LOC100287792",NA
NA,"TBC1D10A",NA
NA,"GCAT",NA
NA,"TMEM176B",NA
NA,"FUCA1",NA
NA,"ANTXRL",NA
NA,"DNTT",NA
NA,"FBXL14",NA
NA,"ZNF688",NA
NA,"TADA2A",NA
NA,"FLJ33065",NA
NA,"SLC6A18",NA
NA,"LOC100287765",NA
NA,"LOC100129216",NA
NA,"GNG8",NA
NA,"DEFB131",NA
NA,"C19orf76",NA
NA,"PSPH",NA
NA,"SELRC1",NA
NA,"HTRA1",NA
NA,"SNW1",NA
NA,"FAM86HP",NA
NA,"NCRNA00312",NA
NA,"LUM",NA
NA,"MAMSTR",NA
NA,"ANKRD53",NA
NA,"LOC100505826",NA
NA,"IFNGR1",NA
NA,"DPYS",NA
NA,"CTSD",NA
NA,"LCTL",NA
NA,"PABPC1L",NA
NA,"CDC45",NA
NA,"STAG3L2",NA
NA,"LOC100506190",NA
NA,"DDOST",NA
NA,"CCKBR",NA
NA,"PDILT",NA
NA,"SLC10A4",NA
NA,"C6orf154",NA
NA,"PRCC",NA
NA,"TOR3A",NA
NA,"CFL1P1",NA
NA,"KRT75",NA
NA,"C19orf66",NA
NA,"C19orf47",NA
NA,"PRR7",NA
NA,"C7orf57",NA
NA,"AWAT2",NA
NA,"FMO1",NA
NA,"TRIT1",NA
NA,"CAPS2",NA
NA,"KCTD4",NA
NA,"DOHH",NA
NA,"LOC100506930",NA
NA,"LOC100505783",NA
NA,"KCNJ4",NA
NA,"SLC25A38",NA
NA,"ZNF718",NA
NA,"ZCCHC10",NA
NA,"KCNIP1",NA
NA,"CPSF3L",NA
NA,"GPR89A",NA
NA,"FMO6P",NA
NA,"GOT1",NA
NA,"ZC3H10",NA
NA,"ZNF75A",NA
NA,"PAF1",NA
NA,"DEFB132",NA
NA,"LOC285547",NA
NA,"ALKBH4",NA
NA,"RBM34",NA
NA,"ANGPTL3",NA
NA,"AKR1CL1",NA
NA,"TMEM18",NA
NA,"FLJ39080",NA
NA,"DDX53",NA
NA,"HMGN5",NA
NA,"TREML2P1",NA
NA,"FLJ39739",NA
NA,"LOC649133",NA
NA,"KDELR3",NA
NA,"XRCC6",NA
NA,"LOC100131047",NA
NA,"LAT",NA
NA,"LOC100506428",NA
NA,"SSTR3",NA
NA,"TXNDC6",NA
NA,"FAM47B",NA
NA,"CFLAR",NA
NA,"GPATCH3",NA
NA,"ACAT1",NA
NA,"TMED2",NA
NA,"SLC25A11",NA
NA,"C20orf72",NA
NA,"ALAS2",NA
NA,"C15orf56",NA
NA,"ZNF205",NA
NA,"ARMC7",NA
NA,"ZC3H15",NA
NA,"RARS",NA
NA,"CLK2",NA
NA,"GALNT8",NA
NA,"LOC645949",NA
NA,"FNDC9",NA
NA,"TCP11",NA
NA,"GLYATL3",NA
NA,"PHYHD1",NA
NA,"AAK1",NA
NA,"C17orf47",NA
NA,"GNA15",NA
NA,"FLJ42418",NA
NA,"LOC100287879",NA
NA,"ARL6IP5",NA
NA,"VIM",NA
NA,"LOC283480",NA
NA,"A1BG-AS1",NA
NA,"MGC16025",NA
NA,"NDUFV3",NA
NA,"HYAL3",NA
NA,"TMPRSS11E",NA
NA,"KLHDC3",NA
NA,"ATG16L2",NA
NA,"AMDHD1",NA
NA,"ZNF846",NA
NA,"LOC100506343",NA
NA,"CTH",NA
NA,"LOC100128288",NA
NA,"LINGO3",NA
NA,"KLK7",NA
NA,"LOC440925",NA
NA,"FHL5",NA
NA,"FMO4",NA
NA,"LOC729020",NA
NA,"AATF",NA
NA,"STK25",NA
NA,"EIF2B4",NA
NA,"ANXA4",NA
NA,"PTH1R",NA
NA,"LOC285796",NA
NA,"ARMCX1",NA
NA,"ACP1",NA
NA,"SNX24",NA
NA,"CLPTM1L",NA
NA,"IDI1",NA
NA,"LOC399753",NA
NA,"SCFD1",NA
NA,"SPATA22",NA
NA,"BECN1",NA
NA,"MORC2-AS1",NA
NA,"BAIAP2L2",NA
NA,"PNRC1",NA
NA,"KRT10",NA
NA,"RAB12",NA
NA,"IVL",NA
NA,"DPAGT1",NA
NA,"PSMA1",NA
NA,"TPTE2",NA
NA,"TFAP4",NA
NA,"CCDC43",NA
NA,"SC4MOL",NA
NA,"NHLRC1",NA
NA,"MRPS10",NA
NA,"TTC26",NA
NA,"FGF19",NA
NA,"LOC348021",NA
NA,"UBE2Q2P3",NA
NA,"ASB16",NA
NA,"ORMDL3",NA
NA,"PSMD3",NA
NA,"CXCR2P1",NA
NA,"MAP6D1",NA
NA,"C1orf141",NA
NA,"HCAR3",NA
NA,"LEO1",NA
NA,"C19orf55",NA
NA,"CPLX1",NA
NA,"RSPO3",NA
NA,"C8orf58",NA
NA,"LOC100132781",NA
NA,"BATF2",NA
NA,"SLC39A5",NA
NA,"OR7A5",NA
NA,"KRT4",NA
NA,"FAM86FP",NA
NA,"KRT23",NA
NA,"LOC147093",NA
NA,"EFNA2",NA
NA,"HSPBP1",NA
NA,"FLJ36777",NA
NA,"MEAF6",NA
NA,"DHRS4L2",NA
NA,"ZNF837",NA
NA,"C21orf128",NA
NA,"HSF1",NA
NA,"DEFB124",NA
NA,"RGS18",NA
NA,"HMOX2",NA
NA,"OTOP2",NA
NA,"LOC100189589",NA
NA,"GALNTL5",NA
NA,"SLC35A3",NA
NA,"FGG",NA
NA,"STEAP1B",NA
NA,"UPK3B",NA
NA,"PARD6A",NA
NA,"ACTL6A",NA
NA,"GBA3",NA
NA,"ZNF394",NA
NA,"WDR45",NA
NA,"LOC647946",NA
NA,"PLCXD2",NA
NA,"LOC100288428",NA
NA,"KPNA5",NA
NA,"LHFPL5",NA
NA,"MVK",NA
NA,"UBE2Q2P1",NA
NA,"LOC100506033",NA
NA,"PRSS56",NA
NA,"POLR3F",NA
NA,"TCTA",NA
NA,"LOC100272217",NA
NA,"LOC554202",NA
NA,"MAPKAPK5",NA
NA,"BMP4",NA
NA,"TRIM72",NA
NA,"HNRNPL",NA
NA,"CLDN8",NA
NA,"ZNF280A",NA
NA,"C3orf25",NA
NA,"ELK3",NA
NA,"RNASEH2B",NA
NA,"STX18",NA
NA,"LMOD2",NA
NA,"CCDC168",NA
NA,"FAM101A",NA
NA,"APBA3",NA
NA,"SLC9B1",NA
NA,"SATL1",NA
NA,"CLEC17A",NA
NA,"CFI",NA
NA,"RNF32",NA
NA,"DEPDC7",NA
NA,"CCDC151",NA
NA,"TEAD2",NA
NA,"NIF3L1",NA
NA,"TLX2",NA
NA,"PRPS1",NA
NA,"AQP11",NA
NA,"VAMP2",NA
NA,"RAX2",NA
NA,"GGN",NA
NA,"ZNF669",NA
NA,"C18orf8",NA
NA,"TCN2",NA
NA,"CLEC4E",NA
NA,"GSDMA",NA
NA,"SIX2",NA
NA,"PRORSD1P",NA
NA,"SUMF1",NA
NA,"CCDC96",NA
NA,"ZNF642",NA
NA,"SUCLA2",NA
NA,"SNRPN",NA
NA,"CPSF3",NA
NA,"NCRNA00163",NA
NA,"MARVELD2",NA
NA,"LHFP",NA
NA,"FOS",NA
NA,"LOC100125556",NA
NA,"RPL32",NA
NA,"NEUROD6",NA
NA,"SRD5A1P1",NA
NA,"XKR8",NA
NA,"TRIM49",NA
NA,"TRIM49L2",NA
NA,"NDC80",NA
NA,"PREB",NA
NA,"LOC729176",NA
NA,"PRAMEF1",NA
NA,"MLLT11",NA
NA,"C19orf51",NA
NA,"INPP1",NA
NA,"MYADML",NA
NA,"FKBP1A",NA
NA,"PLAC8",NA
NA,"LOC340073",NA
NA,"ENTPD2",NA
NA,"LOC100505782",NA
NA,"SERPINB2",NA
NA,"IL1RN",NA
NA,"GPR75",NA
NA,"RAE1",NA
NA,"GHRL",NA
NA,"CEP19",NA
NA,"KCNK1",NA
NA,"BPIFB4",NA
NA,"CCM2",NA
NA,"ZDHHC6",NA
NA,"LOC439990",NA
NA,"LOC339902",NA
NA,"PLK1",NA
NA,"NECAB3",NA
NA,"CDC42EP1",NA
NA,"FRS3",NA
NA,"LOC100132077",NA
NA,"INMT-FAM188B",NA
NA,"LGMN",NA
NA,"MSX2P1",NA
NA,"ANKRD30BL",NA
NA,"C2orf77",NA
NA,"YWHAQ",NA
NA,"DONSON",NA
NA,"LOC344887",NA
NA,"SHISA5",NA
NA,"MTERF",NA
NA,"KCNV2",NA
NA,"RCL1",NA
NA,"HPCAL1",NA
NA,"CCDC27",NA
NA,"VMP1",NA
NA,"LOC100288122",NA
NA,"LOC339788",NA
NA,"TPTE",NA
NA,"CCDC163P",NA
NA,"SNAP25",NA
NA,"PODXL2",NA
NA,"BMP5",NA
NA,"CYLC2",NA
NA,"C12orf53",NA
NA,"MTRF1",NA
NA,"KLHL36",NA
NA,"LOC154092",NA
NA,"THAP1",NA
NA,"LOC442459",NA
NA,"FMO3",NA
NA,"KAT8",NA
NA,"VPS4A",NA
NA,"ASL",NA
NA,"ZNF579",NA
NA,"B3GALT1",NA
NA,"POM121L4P",NA
NA,"AACSP1",NA
NA,"AMY2B",NA
NA,"IL24",NA
NA,"CADM4",NA
NA,"TMEM173",NA
NA,"LOC643441",NA
NA,"YARS2",NA
NA,"ALDH6A1",NA
NA,"GSK3A",NA
NA,"DOLPP1",NA
NA,"SNHG3",NA
NA,"ACRV1",NA
NA,"PPP1R1B",NA
NA,"LOC100507218",NA
NA,"RAB8A",NA
NA,"PRPF31",NA
NA,"GCKR",NA
NA,"RSPH3",NA
NA,"FCGR1A",NA
NA,"PM20D1",NA
NA,"ADC",NA
NA,"FLJ31813",NA
NA,"H2AFY2",NA
NA,"SGCZ",NA
NA,"HADHB",NA
NA,"IDUA",NA
NA,"PKIB",NA
NA,"INHBA",NA
NA,"ZNF703",NA
NA,"UCK1",NA
NA,"FAM45A",NA
NA,"DUS3L",NA
NA,"ASPRV1",NA
NA,"C4orf39",NA
NA,"METTL2B",NA
NA,"LOC440040",NA
NA,"CCDC154",NA
NA,"MPP6",NA
NA,"PPP3CC",NA
NA,"PABPC1L2A",NA
NA,"ZDHHC16",NA
NA,"NRG4",NA
NA,"TERF2IP",NA
NA,"DCAKD",NA
NA,"CHRNG",NA
NA,"PRKRIP1",NA
NA,"NECAP2",NA
NA,"SAMD10",NA
NA,"C4orf29",NA
NA,"ZNF732",NA
NA,"ORMDL1",NA
NA,"DYNC2LI1",NA
NA,"TCP10L2",NA
NA,"EPHX2",NA
NA,"KARS",NA
NA,"KLHDC4",NA
NA,"HDHD2",NA
NA,"C4orf38",NA
NA,"SERPINA9",NA
NA,"TBC1D19",NA
NA,"STX1A",NA
NA,"PSAT1",NA
NA,"SRPX2",NA
NA,"CD24",NA
NA,"MIR3675",NA
NA,"KRTAP19-5",NA
NA,"KRTAP6-1",NA
NA,"TFAP2E",NA
NA,"TMEM216",NA
NA,"BCAT2",NA
NA,"FCGRT",NA
NA,"LOC151009",NA
NA,"MAEA",NA
NA,"FOXH1",NA
NA,"NDRG2",NA
NA,"CCR7",NA
NA,"PGS1",NA
NA,"CCDC138",NA
NA,"NRBP1",NA
NA,"FAM49B",NA
NA,"PIM2",NA
NA,"SOHLH2",NA
NA,"C14orf80",NA
NA,"C14orf109",NA
NA,"IMP5",NA
NA,"CUEDC1",NA
NA,"SLC22A4",NA
NA,"LOC100288748",NA
NA,"DMRT3",NA
NA,"SLC2A14",NA
NA,"KCNJ18",NA
NA,"ZNF773",NA
NA,"WDSUB1",NA
NA,"FTCD",NA
NA,"LRWD1",NA
NA,"FOXD4",NA
NA,"SLC9A7",NA
NA,"LOC144571",NA
NA,"ANKRD54",NA
NA,"NIPAL1",NA
NA,"GLRX",NA
NA,"PIGB",NA
NA,"EMX1",NA
NA,"PLK1S1",NA
NA,"ZBED2",NA
NA,"TDGF1",NA
NA,"FOXF2",NA
NA,"SPAG11B",NA
NA,"EXOSC2",NA
NA,"C9orf41",NA
NA,"FAM86C1",NA
NA,"ORAI3",NA
NA,"CNDP1",NA
NA,"SMPDL3A",NA
NA,"PACSIN3",NA
NA,"STIP1",NA
NA,"C16orf55",NA
NA,"CCDC116",NA
NA,"TNFAIP8",NA
NA,"HMGA1P7",NA
NA,"BAK1",NA
NA,"ACTR3B",NA
NA,"LOC100507091",NA
NA,"TTC8",NA
NA,"SARS2",NA
NA,"LOC100505715",NA
NA,"C21orf88",NA
NA,"C3orf47",NA
NA,"UNQ6494",NA
NA,"PAN3-AS1",NA
NA,"DNAJC7",NA
NA,"LOC284889",NA
NA,"ANKRA2",NA
NA,"C6orf145",NA
NA,"GNAQ",NA
NA,"P2RY11",NA
NA,"GLTPD1",NA
NA,"PRINS",NA
NA,"ANXA7",NA
NA,"ACAD8",NA
NA,"MLYCD",NA
NA,"LOC285074",NA
NA,"GPR62",NA
NA,"PYHIN1",NA
NA,"WDR25",NA
NA,"LOC151300",NA
NA,"FAM47E",NA
NA,"ZNF354B",NA
NA,"LETMD1",NA
NA,"TGFB1",NA
NA,"PDE9A",NA
NA,"MGC2889",NA
NA,"AIF1",NA
NA,"ZCCHC12",NA
NA,"CDK11A",NA
NA,"ATP1B1",NA
NA,"PPIF",NA
NA,"SFTPA2",NA
NA,"OLIG3",NA
NA,"GPR63",NA
NA,"DNAJC2",NA
NA,"PRCP",NA
NA,"WTIP",NA
NA,"UBE2F",NA
NA,"USP39",NA
NA,"ANAPC13",NA
NA,"SEPP1",NA
NA,"RRAGB",NA
NA,"TMPRSS5",NA
NA,"CHST14",NA
NA,"ARMC9",NA
NA,"BIN2",NA
NA,"NAGPA",NA
NA,"PRAM1",NA
NA,"ARID5A",NA
NA,"PRDM14",NA
NA,"PABPC1L2B",NA
NA,"DEFB108B",NA
NA,"DEM1",NA
NA,"VAMP3",NA
NA,"LOC80054",NA
NA,"GMPPB",NA
NA,"TMEM45B",NA
NA,"KLRAP1",NA
NA,"LOC400027",NA
NA,"ZNF114",NA
NA,"PLSCR1",NA
NA,"LOC257358",NA
NA,"ZUFSP",NA
NA,"KIAA0020",NA
NA,"ZNF22",NA
NA,"CYTIP",NA
NA,"ZNF660",NA
NA,"DCTD",NA
NA,"GABRB1",NA
NA,"RASGEF1C",NA
NA,"C6orf165",NA
NA,"FBXW4",NA
NA,"SLX1A-SULT1A3",NA
NA,"ZNF284",NA
NA,"DOLK",NA
NA,"FRAT2",NA
NA,"PKD2L2",NA
NA,"F13B",NA
NA,"LOC338864",NA
NA,"ZNF675",NA
NA,"LOC150197",NA
NA,"NBPF6",NA
NA,"RCN2",NA
NA,"NOTUM",NA
NA,"ZNF8",NA
NA,"MSX2",NA
NA,"LOC115110",NA
NA,"C12orf33",NA
NA,"SOCS2",NA
NA,"METTL17",NA
NA,"ZNF256",NA
NA,"PLTP",NA
NA,"PPP1R14C",NA
NA,"XAGE1E",NA
NA,"TCP11L2",NA
NA,"ZNF534",NA
NA,"GPATCH4",NA
NA,"EEFSEC",NA
NA,"MRAP2",NA
NA,"ARSE",NA
NA,"HEXDC",NA
NA,"LRRTM1",NA
NA,"SEL1L2",NA
NA,"LOC440704",NA
NA,"PEF1",NA
NA,"ZEB1-AS1",NA
NA,"DYNLT3",NA
NA,"TMEM183A",NA
NA,"ITFG1",NA
NA,"C20orf3",NA
NA,"C7orf70",NA
NA,"ENTPD8",NA
NA,"DST",NA
NA,"BLOC1S2",NA
NA,"MFSD5",NA
NA,"PPCDC",NA
NA,"SCN1B",NA
NA,"CLASRP",NA
NA,"SUMO1",NA
NA,"TMEM198",NA
NA,"DGCR11",NA
NA,"LNP1",NA
NA,"LOC151658",NA
NA,"GAPT",NA
NA,"NXF5",NA
NA,"ESRRA",NA
NA,"RBMXL2",NA
NA,"C16orf11",NA
NA,"IFNGR2",NA
NA,"RTP1",NA
NA,"TNFRSF1A",NA
NA,"FARSB",NA
NA,"SERPIND1",NA
NA,"TYMP",NA
NA,"IRX4",NA
NA,"KCNG1",NA
NA,"TRIM15",NA
NA,"FOXD4L3",NA
NA,"DMRT1",NA
NA,"LRRC10B",NA
NA,"TRMT12",NA
NA,"CTSE",NA
NA,"LCK",NA
NA,"GCNT3",NA
NA,"PPP5C",NA
NA,"PET112",NA
NA,"PCGF6",NA
NA,"C16orf89",NA
NA,"MED9",NA
NA,"C11orf61",NA
NA,"PRDM11",NA
NA,"LOC100130894",NA
NA,"HIST2H2BE",NA
NA,"TARBP2",NA
NA,"CPNE2",NA
NA,"ID1",NA
NA,"INPP5J",NA
NA,"ADAMTS9-AS2",NA
NA,"TFAMP1",NA
NA,"CDKN2A",NA
NA,"ADCK1",NA
NA,"ST20-MTHFS",NA
NA,"ACSF2",NA
NA,"LOC284865",NA
NA,"PP12613",NA
NA,"HMGN3",NA
NA,"RPL23AP7",NA
NA,"MON1A",NA
NA,"LOC646329",NA
NA,"SEPT7P2",NA
NA,"CSF3",NA
NA,"HSD17B1",NA
NA,"C2orf81",NA
NA,"C14orf82",NA
NA,"C21orf2",NA
NA,"RAB7A",NA
NA,"TRIM52",NA
NA,"GNG10",NA
NA,"SIGLECP3",NA
NA,"RGN",NA
NA,"CDYL2",NA
NA,"LILRB4",NA
NA,"HTR2B",NA
NA,"MFSD10",NA
NA,"POC5",NA
NA,"OR11A1",NA
NA,"FRMD5",NA
NA,"ELAC1",NA
NA,"FLJ25328",NA
NA,"KRTAP20-4",NA
NA,"WIF1",NA
NA,"DNAJB1",NA
NA,"DSCR6",NA
NA,"CAMK4",NA
NA,"CNPY1",NA
NA,"OVGP1",NA
NA,"CD5L",NA
NA,"C4BPA",NA
NA,"SLC5A10",NA
NA,"ZNF653",NA
NA,"KCNN4",NA
NA,"GK3P",NA
NA,"CYB5R4",NA
NA,"LAPTM4B",NA
NA,"LAPTM5",NA
NA,"IGFBP4",NA
NA,"POTEC",NA
NA,"FBXW4P1",NA
NA,"KLKB1",NA
NA,"ALB",NA
NA,"ANGPTL7",NA
NA,"TMEM51",NA
NA,"CCT6P3",NA
NA,"TRAF3IP3",NA
NA,"DNAJB4",NA
NA,"ARL6IP4",NA
NA,"MAPK3",NA
NA,"TMEM99",NA
NA,"PCNP",NA
NA,"CIDEB",NA
NA,"CLN6",NA
NA,"AMZ2",NA
NA,"HNRNPH1",NA
NA,"MOSC1",NA
NA,"PRCD",NA
NA,"WDR92",NA
NA,"LOC100289178",NA
NA,"AKR1C2",NA
NA,"SLC25A16",NA
NA,"CIRH1A",NA
NA,"C6orf136",NA
NA,"C13orf35",NA
NA,"FAM82A2",NA
NA,"C20orf111",NA
NA,"GDAP1L1",NA
NA,"CAMLG",NA
NA,"TADA1",NA
NA,"HERPUD1",NA
NA,"ACD",NA
NA,"NCRNA00304",NA
NA,"MFSD6L",NA
NA,"DES",NA
NA,"LRCH3",NA
NA,"LOC152024",NA
NA,"NKX3-2",NA
NA,"MIR509-3",NA
NA,"SH2D2A",NA
NA,"LOC283143",NA
NA,"TEAD4",NA
NA,"FAM181A",NA
NA,"RUNDC2A",NA
NA,"CHST9",NA
NA,"LOC284276",NA
NA,"BRE",NA
NA,"CES1P1",NA
NA,"TCF25",NA
NA,"C17orf65",NA
NA,"TMEM143",NA
NA,"ZSCAN4",NA
NA,"PDC",NA
NA,"LOC100292680",NA
NA,"ZNF570",NA
NA,"TH1L",NA
NA,"LACE1",NA
NA,"DUS4L",NA
NA,"PEX10",NA
NA,"ATL3",NA
NA,"PPM1G",NA
NA,"MATN4",NA
NA,"FKBP14",NA
NA,"TMEM71",NA
NA,"NIPAL2",NA
NA,"ABL2",NA
NA,"CYP4F30P",NA
NA,"COL6A4P1",NA
NA,"LOC442497",NA
NA,"FOPNL",NA
NA,"DCAF15",NA
NA,"ZNF134",NA
NA,"FABP2",NA
NA,"AGA",NA
NA,"KCNK16",NA
NA,"ZNF7",NA
NA,"HFE2",NA
NA,"LOC100129534",NA
NA,"LOC100506939",NA
NA,"ZP2",NA
NA,"UGT1A6",NA
NA,"ACTR1B",NA
NA,"LRRC70",NA
NA,"C8orf86",NA
NA,"PCLO",NA
NA,"MLST8",NA
NA,"HNRNPD",NA
NA,"PADI4",NA
NA,"ZPBP2",NA
NA,"LOC439949",NA
NA,"CASP12",NA
NA,"EI24",NA
NA,"ABI3",NA
NA,"BSG",NA
NA,"STMN3",NA
NA,"H2AFY",NA
NA,"MYH16",NA
NA,"MAGEB4",NA
NA,"CTDNEP1",NA
NA,"FLJ43681",NA
NA,"LOC100131496",NA
NA,"ADRA1B",NA
NA,"PIGW",NA
NA,"LOC100499467",NA
NA,"CALM3",NA
NA,"CDK5RAP1",NA
NA,"MMP11",NA
NA,"PPARG",NA
NA,"SAMD7",NA
NA,"MRPL49",NA
NA,"LGALS3BP",NA
NA,"PALM3",NA
NA,"C19orf25",NA
NA,"SLC25A17",NA
NA,"C3orf51",NA
NA,"PNMA6C",NA
NA,"LOC100507206",NA
NA,"CLEC14A",NA
NA,"TNFAIP8L3",NA
NA,"ZNF584",NA
NA,"C21orf122",NA
NA,"PI4KAP2",NA
NA,"DMC1",NA
NA,"RASGEF1B",NA
NA,"FLJ40852",NA
NA,"ATP6V1H",NA
NA,"SRPK3",NA
NA,"P4HA3",NA
NA,"KRT71",NA
NA,"ZNF98",NA
NA,"RALB",NA
NA,"GIMAP1-GIMAP5",NA
NA,"MAGEE2",NA
NA,"DYRK3",NA
NA,"C1orf229",NA
NA,"C11orf21",NA
NA,"C1R",NA
NA,"LOC644172",NA
NA,"TRIM47",NA
NA,"TPRXL",NA
NA,"ARL6IP1",NA
NA,"ZNF880",NA
NA,"ZNF620",NA
NA,"STARD4",NA
NA,"LOC153684",NA
NA,"TCTEX1D1",NA
NA,"ASCL4",NA
NA,"RAD51AP1",NA
NA,"SLC5A2",NA
NA,"NAPA",NA
NA,"SRD5A1",NA
NA,"ACCN3",NA
NA,"AK1",NA
NA,"LOC340508",NA
NA,"LDHD",NA
NA,"FLJ26484",NA
NA,"DAZAP1",NA
NA,"C2orf56",NA
NA,"C20orf30",NA
NA,"EDN1",NA
NA,"ABT1",NA
NA,"CYP39A1",NA
NA,"C7orf49",NA
NA,"DSCC1",NA
NA,"RRNAD1",NA
NA,"TRIM6",NA
NA,"DPF3",NA
NA,"ZFYVE19",NA
NA,"LOC100506054",NA
NA,"C22orf25",NA
NA,"GLRA1",NA
NA,"C8orf55",NA
NA,"MXRA8",NA
NA,"LOC338651",NA
NA,"LOC645212",NA
NA,"ANKRD29",NA
NA,"LOC200772",NA
NA,"C6orf146",NA
NA,"C19orf2",NA
NA,"RELB",NA
NA,"CISH",NA
NA,"MAT2B",NA
NA,"PPP1R16A",NA
NA,"MRTO4",NA
NA,"MS4A6A",NA
NA,"CCT2",NA
NA,"SRP54",NA
NA,"CLN3",NA
NA,"CHAF1B",NA
NA,"FLJ42393",NA
NA,"PHF7",NA
NA,"C4orf14",NA
NA,"LRRC17",NA
NA,"PIAS1",NA
NA,"ZNF586",NA
NA,"GUCA1B",NA
NA,"LOC729852",NA
NA,"TRAF2",NA
NA,"SNUPN",NA
NA,"RABEP2",NA
NA,"TRNT1",NA
NA,"FOXD1",NA
NA,"PRIM2",NA
NA,"FLJ44635",NA
NA,"NCRNA00184",NA
NA,"TINAGL1",NA
NA,"DUSP13",NA
NA,"MBIP",NA
NA,"C16orf82",NA
NA,"ACADVL",NA
NA,"LSR",NA
NA,"WDR12",NA
NA,"UCKL1",NA
NA,"CA8",NA
NA,"FLJ20518",NA
NA,"CUZD1",NA
NA,"RAP1B",NA
NA,"RANGRF",NA
NA,"PLVAP",NA
NA,"POPDC3",NA
NA,"LOC202781",NA
NA,"SLC2A4RG",NA
NA,"TUBA8",NA
NA,"PPIA",NA
NA,"ANXA8",NA
NA,"SEPHS2",NA
NA,"ZNF571",NA
NA,"LOC339593",NA
NA,"ZNF775",NA
NA,"KRT6B",NA
NA,"LOC284751",NA
NA,"HLX",NA
NA,"RAB3IL1",NA
NA,"SNX5",NA
NA,"ZNF467",NA
NA,"MAGED2",NA
NA,"SYNE2",NA
NA,"KRT73",NA
NA,"MIA2",NA
NA,"C17orf56",NA
NA,"SSX4B",NA
NA,"CYP2C8",NA
NA,"MTHFD2",NA
NA,"GOLGA7",NA
NA,"PQBP1",NA
NA,"PMEL",NA
NA,"PKMYT1",NA
NA,"G6PC3",NA
NA,"SECTM1",NA
NA,"VASP",NA
NA,"NIPSNAP1",NA
NA,"IRF2",NA
NA,"GJB7",NA
NA,"GPIHBP1",NA
NA,"CLP1",NA
NA,"TRAP1",NA
NA,"OLIG1",NA
NA,"C5orf15",NA
NA,"AP1S2",NA
NA,"LOC339442",NA
NA,"SLC25A45",NA
NA,"CCNB1IP1",NA
NA,"ZNF816-ZNF321P",NA
NA,"TGM6",NA
NA,"ZNF707",NA
NA,"DCST1",NA
NA,"WNT1",NA
NA,"KRT6C",NA
NA,"FAM106A",NA
NA,"LOC100132354",NA
NA,"OXGR1",NA
NA,"KRT9",NA
NA,"NOP56",NA
NA,"CCDC111",NA
NA,"ZKSCAN4",NA
NA,"EBF2",NA
NA,"C12orf65",NA
NA,"FAM7A3",NA
NA,"CES1",NA
NA,"ILVBL",NA
NA,"C12orf47",NA
NA,"AFMID",NA
NA,"TUBB4",NA
NA,"CD200",NA
NA,"HAS2-AS1",NA
NA,"IDO2",NA
NA,"MYEOV",NA
NA,"LPCAT3",NA
NA,"MAP1LC3B",NA
NA,"CEACAM7",NA
NA,"CYP27A1",NA
NA,"TAF1B",NA
NA,"RG9MTD3",NA
NA,"BRWD1",NA
NA,"GSDMB",NA
NA,"EMR3",NA
NA,"PRKAG3",NA
NA,"NEUROG2",NA
NA,"LOC100268168",NA
NA,"TUBE1",NA
NA,"DEF6",NA
NA,"AMN1",NA
NA,"HOXC8",NA
NA,"CDK2",NA
NA,"GUSB",NA
NA,"CAT",NA
NA,"LOC144742",NA
NA,"LOC253573",NA
NA,"LOC340107",NA
NA,"FCGR3B",NA
NA,"EIF2B3",NA
NA,"CYR61",NA
NA,"MS4A10",NA
NA,"KCNF1",NA
NA,"SDHAP2",NA
NA,"LOC550112",NA
NA,"PDLIM4",NA
NA,"C7orf13",NA
NA,"LOC158572",NA
NA,"DBNDD1",NA
NA,"PDZK1",NA
NA,"ADIPOR1",NA
NA,"CD300LB",NA
NA,"TM4SF20",NA
NA,"GNPDA1",NA
NA,"TBRG4",NA
NA,"TBC1D3H",NA
NA,"FBXO47",NA
NA,"FBLN7",NA
NA,"KHDRBS2",NA
NA,"BEX4",NA
NA,"CDCA8",NA
NA,"FEN1",NA
NA,"GRN",NA
NA,"NUP85",NA
NA,"ZNF582",NA
NA,"LOC729177",NA
NA,"ATP6V1G2-DDX39B",NA
NA,"LMBRD1",NA
NA,"GEM",NA
NA,"CRYZ",NA
NA,"LOC253264",NA
NA,"TTC12",NA
NA,"MANSC1",NA
NA,"FAM172BP",NA
NA,"ORC5",NA
NA,"TXNDC3",NA
NA,"TMEM70",NA
NA,"KRT5",NA
NA,"ACOX2",NA
NA,"TAF7",NA
NA,"TMEM50A",NA
NA,"CYP2W1",NA
NA,"LAT2",NA
NA,"CHIT1",NA
NA,"PNLIPRP3",NA
NA,"PGBD3",NA
NA,"LOC100128239",NA
NA,"MEP1B",NA
NA,"ZNF426",NA
NA,"HOXD3",NA
NA,"CYP4B1",NA
NA,"LRIT1",NA
NA,"SAP18",NA
NA,"CEACAM8",NA
NA,"LOC644714",NA
NA,"ANKRD19P",NA
NA,"SLC22A9",NA
NA,"SOST",NA
NA,"GRK4",NA
NA,"CD14",NA
NA,"TGM7",NA
NA,"STMN2",NA
NA,"LOC100131347",NA
NA,"C18orf42",NA
NA,"SUV420H2",NA
NA,"TRMT6",NA
NA,"LOC100130357",NA
NA,"RGS20",NA
NA,"DMRTA1",NA
NA,"LOC84856",NA
NA,"ACCS",NA
NA,"MIR210HG",NA
NA,"ILK",NA
NA,"KRT3",NA
NA,"NCRNA00169",NA
NA,"LILRB5",NA
NA,"DLX2",NA
NA,"UBL4A",NA
NA,"MAGEB3",NA
NA,"LOC283922",NA
NA,"LOC100499177",NA
NA,"CCDC22",NA
NA,"H19",NA
NA,"SGTA",NA
NA,"SPTSSB",NA
NA,"UNC93B1",NA
NA,"SLC25A3",NA
NA,"IRX3",NA
NA,"QPCTL",NA
NA,"CPS1-IT1",NA
NA,"ARPC4",NA
NA,"NAF1",NA
NA,"MPV17L",NA
NA,"TRABD",NA
NA,"RNH1",NA
NA,"C11orf80",NA
NA,"SERPINA5",NA
NA,"DARS",NA
NA,"SELO",NA
NA,"PRR23A",NA
NA,"AKR7L",NA
NA,"RWDD3",NA
NA,"OSGEPL1",NA
NA,"RFPL3-AS1",NA
NA,"BLZF1",NA
NA,"LOC440028",NA
NA,"KIAA0748",NA
NA,"LOC121952",NA
NA,"LACTB",NA
NA,"GP6",NA
NA,"CFC1B",NA
NA,"CNRIP1",NA
NA,"SLC7A4",NA
NA,"TAF9",NA
NA,"ASB10",NA
NA,"RRP7B",NA
NA,"LOC401177",NA
NA,"NIM1",NA
NA,"C6orf124",NA
NA,"FER1L6-AS1",NA
NA,"CHST7",NA
NA,"SNHG9",NA
NA,"RAD51L3-RFFL",NA
NA,"SLC3A1",NA
NA,"WBP2NL",NA
NA,"TMEM155",NA
NA,"MFSD2A",NA
NA,"ZNF207",NA
NA,"WDR16",NA
NA,"THAP4",NA
NA,"C21orf56",NA
NA,"MCM3AP-AS1",NA
NA,"ADAP1",NA
NA,"TMEM68",NA
NA,"RPL10",NA
NA,"DDX59",NA
NA,"AP4S1",NA
NA,"MGC15885",NA
NA,"SURF6",NA
NA,"CPB2",NA
NA,"ZNF768",NA
NA,"MST1",NA
NA,"HAVCR2",NA
NA,"LOC100506422",NA
NA,"SERPINH1",NA
NA,"NIP7",NA
NA,"COPS8",NA
NA,"LOC100129917",NA
NA,"TMEM206",NA
NA,"USP3",NA
NA,"PMM2",NA
NA,"PDIA6",NA
NA,"LOC100499194",NA
NA,"FAM197Y2P",NA
NA,"FBXO27",NA
NA,"LOC100506688",NA
NA,"CYP3A43",NA
NA,"FTSJ1",NA
NA,"UAP1",NA
NA,"MTMR9LP",NA
NA,"PGBD4",NA
NA,"ZNF433",NA
NA,"LOC286437",NA
NA,"LOC148709",NA
NA,"GAS2L3",NA
NA,"LOC729950",NA
NA,"MDH1B",NA
NA,"SLC25A46",NA
NA,"FOXQ1",NA
NA,"IDH1",NA
NA,"VSX1",NA
NA,"GPR149",NA
NA,"LOC285629",NA
NA,"ZCWPW1",NA
NA,"DEFB135",NA
NA,"RERG",NA
NA,"CWC25",NA
NA,"CCT4",NA
NA,"ECD",NA
NA,"POLR2D",NA
NA,"AMDHD2",NA
NA,"ZNF821",NA
NA,"LOC100132215",NA
NA,"CARD9",NA
NA,"CCDC91",NA
NA,"WBP4",NA
NA,"AKTIP",NA
NA,"IRX6",NA
NA,"FBXO17",NA
NA,"MMP9",NA
NA,"SPAG8",NA
NA,"C9orf40",NA
NA,"PRPF19",NA
NA,"KLHL11",NA
NA,"TOM1L1",NA
NA,"MRPS14",NA
NA,"ATE1",NA
NA,"ZNF253",NA
NA,"MED25",NA
NA,"HOXD13",NA
NA,"FLJ41200",NA
NA,"GPATCH2",NA
NA,"LEFTY2",NA
NA,"SAA2",NA
NA,"NCBP2",NA
NA,"ZBTB48",NA
NA,"LMBR1L",NA
NA,"HOTAIR",NA
NA,"LOC100306975",NA
NA,"KCNS3",NA
NA,"SNRNP27",NA
NA,"SYPL1",NA
NA,"LOC100132832",NA
NA,"SCRN2",NA
NA,"CLDN14",NA
NA,"BCRP2",NA
NA,"CENPT",NA
NA,"H1F0",NA
NA,"FAM109B",NA
NA,"FAM69B",NA
NA,"FOXRED1",NA
NA,"GJB2",NA
NA,"HMP19",NA
NA,"ZNF517",NA
NA,"PADI6",NA
NA,"FAM71A",NA
NA,"RPN1",NA
NA,"PPM1M",NA
NA,"PRMT8",NA
NA,"RPP25",NA
NA,"GMCL1",NA
NA,"SNTA1",NA
NA,"C5orf62",NA
NA,"UBQLNL",NA
NA,"CCDC83",NA
NA,"ZFAND6",NA
NA,"SLC5A11",NA
NA,"KIF2B",NA
NA,"THUMPD2",NA
NA,"DBNL",NA
NA,"PTGES2",NA
NA,"GLUD2",NA
NA,"LOC100131434",NA
NA,"C16orf45",NA
NA,"B4GALT4",NA
NA,"ETFDH",NA
NA,"RBM22",NA
NA,"LOC285768",NA
NA,"LOC100302401",NA
NA,"WT1-AS",NA
NA,"SPATA2L",NA
NA,"ECSIT",NA
NA,"ZNF350",NA
NA,"FBXW5",NA
NA,"ARSF",NA
NA,"PSMD9",NA
NA,"LOC283332",NA
NA,"CLPX",NA
NA,"LARP6",NA
NA,"TMBIM1",NA
NA,"TASP1",NA
NA,"AVL9",NA
NA,"PLIN2",NA
NA,"CEPT1",NA
NA,"ARL8A",NA
NA,"KDM4DL",NA
NA,"DAP",NA
NA,"CTGF",NA
NA,"BTF3L4",NA
NA,"PUS1",NA
NA,"KIAA0174",NA
NA,"SMG9",NA
NA,"C5AR1",NA
NA,"IL12B",NA
NA,"C1orf88",NA
NA,"USP21",NA
NA,"DIABLO",NA
NA,"CACNG7",NA
NA,"POC1A",NA
NA,"EFNA4",NA
NA,"IER5",NA
NA,"CBLN3",NA
NA,"QRFPR",NA
NA,"ID4",NA
NA,"FZD9",NA
NA,"TNFRSF11B",NA
NA,"FLJ35282",NA
NA,"SLC35E3",NA
NA,"LOC284412",NA
NA,"LOC151174",NA
NA,"C21orf67",NA
NA,"NUP54",NA
NA,"BSPRY",NA
NA,"CHTOP",NA
NA,"PLK3",NA
NA,"UBQLN3",NA
NA,"C12orf68",NA
NA,"LOC386597",NA
NA,"ALOX12",NA
NA,"GC",NA
NA,"CYP4X1",NA
NA,"LOC728758",NA
NA,"C18orf2",NA
NA,"PI4KAP1",NA
NA,"ACAA1",NA
NA,"NT5DC2",NA
NA,"SH2D3A",NA
NA,"ZNF559-ZNF177",NA
NA,"MYOT",NA
NA,"CAPZA2",NA
NA,"NR6A1",NA
NA,"EFCAB7",NA
NA,"CHMP1A",NA
NA,"CYP4F2",NA
NA,"SHKBP1",NA
NA,"PCBP4",NA
NA,"LOC257396",NA
NA,"SOX17",NA
NA,"GTPBP6",NA
NA,"TMEM79",NA
NA,"CAMK2N1",NA
NA,"TPH2",NA
NA,"GALNS",NA
NA,"PRPSAP1",NA
NA,"IL11",NA
NA,"ZNF552",NA
NA,"ZBTB45",NA
NA,"CCNI2",NA
NA,"SV2C",NA
NA,"FTX",NA
NA,"SNORA58",NA
NA,"DEFB136",NA
NA,"C1orf109",NA
NA,"LOC100271702",NA
NA,"ITFG2",NA
NA,"LPPR3",NA
NA,"RBMY1B",NA
NA,"GLTP",NA
NA,"TCEA2",NA
NA,"MTHFD2L",NA
NA,"REG4",NA
NA,"OIT3",NA
NA,"HBEGF",NA
NA,"REXO4",NA
NA,"MOSPD1",NA
NA,"RABGGTA",NA
NA,"FAM117A",NA
NA,"PUF60",NA
NA,"LOXL1",NA
NA,"LCA5L",NA
NA,"CTAGE15P",NA
NA,"TARS2",NA
NA,"SHCBP1L",NA
NA,"HSH2D",NA
NA,"CD177",NA
NA,"TBC1D17",NA
NA,"SLC27A5",NA
NA,"ACOXL",NA
NA,"C16orf73",NA
NA,"SLC35D3",NA
NA,"ADCK2",NA
NA,"ALDH1A1",NA
NA,"FCRLA",NA
NA,"FAM108C1",NA
NA,"ACSM3",NA
NA,"ZNF429",NA
NA,"TMX4",NA
NA,"SPON2",NA
NA,"BOP1",NA
NA,"FBXL15",NA
NA,"LGI1",NA
NA,"LOC678655",NA
NA,"HNRNPA1L2",NA
NA,"EGLN2",NA
NA,"ANGPTL5",NA
NA,"CHP2",NA
NA,"SNORD17",NA
NA,"FAM188A",NA
NA,"DYX1C1",NA
NA,"FLJ13197",NA
NA,"GCM2",NA
NA,"AGPAT1",NA
NA,"MAP2K3",NA
NA,"LOC284578",NA
NA,"SNAP47",NA
NA,"LOC100505718",NA
NA,"ATP6V0D2",NA
NA,"DAP3",NA
NA,"CASP9",NA
NA,"LHX8",NA
NA,"MRPL17",NA
NA,"CCDC155",NA
NA,"ALG12",NA
NA,"MYC",NA
NA,"GLRA4",NA
NA,"WNT10B",NA
NA,"NOL3",NA
NA,"SLC17A2",NA
NA,"OSR2",NA
NA,"CFHR4",NA
NA,"CCT3",NA
NA,"CNIH3",NA
NA,"SLC25A29",NA
NA,"FAM86A",NA
NA,"CHST4",NA
NA,"RHOB",NA
NA,"HAND2",NA
NA,"HIRIP3",NA
NA,"HCK",NA
NA,"WBSCR16",NA
NA,"YPEL3",NA
NA,"LOC284440",NA
NA,"ZNF354C",NA
NA,"MEOX2",NA
NA,"RBBP7",NA
NA,"ZNF747",NA
NA,"C20orf29",NA
NA,"LOC100506025",NA
NA,"HEMGN",NA
NA,"SDCCAG3",NA
NA,"SNORD115-5",NA
NA,"FAM72B",NA
NA,"PIGT",NA
NA,"PRKAR2A",NA
NA,"FOXP3",NA
NA,"ATXN7L2",NA
NA,"WNT10A",NA
NA,"UGT1A9",NA
NA,"EGR4",NA
NA,"CDKN2AIP",NA
NA,"ABCB7",NA
NA,"FAM46B",NA
NA,"TM9SF2",NA
NA,"FLJ33581",NA
NA,"GNAI2",NA
NA,"VDAC1",NA
NA,"MAFA",NA
NA,"GRB14",NA
NA,"PIM3",NA
NA,"ZNF165",NA
NA,"CEL",NA
NA,"LOC100130093",NA
NA,"PCBD2",NA
NA,"SDHA",NA
NA,"ZNF883",NA
NA,"METTL20",NA
NA,"LOC400960",NA
NA,"DRD5",NA
NA,"IQCC",NA
NA,"C12orf41",NA
NA,"UPF3A",NA
NA,"MAPK11",NA
NA,"DUSP9",NA
NA,"ACOT7",NA
NA,"FLJ41941",NA
NA,"CHRNA6",NA
NA,"KCNJ8",NA
NA,"AP1M1",NA
NA,"HRC",NA
NA,"UGT3A2",NA
NA,"TSC22D4",NA
NA,"NXF2B",NA
NA,"NXF2",NA
NA,"GJC2",NA
NA,"RRN3P2",NA
NA,"PSG8",NA
NA,"DLX1",NA
NA,"LOC100134229",NA
NA,"PPP1R15A",NA
NA,"TFG",NA
NA,"PITX1",NA
NA,"C8A",NA
NA,"SLC27A2",NA
NA,"GDF5",NA
NA,"PPP4R1L",NA
NA,"UBLCP1",NA
NA,"LOC100131193",NA
NA,"ATG4A",NA
NA,"SPRNP1",NA
NA,"C11orf54",NA
NA,"ISLR",NA
NA,"ITGB6",NA
NA,"NRSN2",NA
NA,"PSEN2",NA
NA,"MRGPRF",NA
NA,"HEY1",NA
NA,"TOE1",NA
NA,"PARS2",NA
NA,"MMP1",NA
NA,"TMEM109",NA
NA,"MUS81",NA
NA,"CHST9-AS1",NA
NA,"RBM38",NA
NA,"ABHD6",NA
NA,"ECHDC1",NA
NA,"C13orf33",NA
NA,"GNL2",NA
NA,"SLFN12",NA
NA,"MEPE",NA
NA,"F3",NA
NA,"DCT",NA
NA,"GINS3",NA
NA,"CORO6",NA
NA,"ADH7",NA
NA,"C15orf27",NA
NA,"C20orf173",NA
NA,"HSD17B13",NA
NA,"TBL1Y",NA
NA,"FAM72D",NA
NA,"KNCN",NA
NA,"ATP5S",NA
NA,"CYP7B1",NA
NA,"KRTAP21-1",NA
NA,"AMPD1",NA
NA,"FHL2",NA
NA,"C14orf86",NA
NA,"ZNF823",NA
NA,"IL4I1",NA
NA,"RGS14",NA
NA,"CCNC",NA
NA,"RAC1",NA
NA,"ST6GALNAC6",NA
NA,"WDR93",NA
NA,"NEIL3",NA
NA,"AGXT2",NA
NA,"SLC45A1",NA
NA,"THY1",NA
NA,"SETMAR",NA
NA,"UPF3B",NA
NA,"OPN4",NA
NA,"PRKAB1",NA
NA,"HOXC13",NA
NA,"SMTNL2",NA
NA,"MFSD1",NA
NA,"RXFP1",NA
NA,"C1QTNF2",NA
NA,"ZNF131",NA
NA,"NUDT11",NA
NA,"DDIT3",NA
NA,"SLC26A10",NA
NA,"LOC90499",NA
NA,"WDR46",NA
NA,"ECM1",NA
NA,"SMPDL3B",NA
NA,"TSFM",NA
NA,"SERPINF2",NA
NA,"HS1BP3",NA
NA,"TMEM55A",NA
NA,"FCF1",NA
NA,"USHBP1",NA
NA,"SRRM5",NA
NA,"ABHD12",NA
NA,"WDR77",NA
NA,"ASAH2",NA
NA,"MMP17",NA
NA,"HTR5A",NA
NA,"PRKRA",NA
NA,"UTS2D",NA
NA,"NDEL1",NA
NA,"DOK1",NA
NA,"ZFP2",NA
NA,"GDI2",NA
NA,"AMICA1",NA
NA,"LRRC25",NA
NA,"VRK2",NA
NA,"LCP2",NA
NA,"ARL10",NA
NA,"HYAL4",NA
NA,"RNPEP",NA
NA,"TPD52L2",NA
NA,"CEP72",NA
NA,"SCNM1",NA
NA,"SLC27A3",NA
NA,"DCST2",NA
NA,"CSNK1A1L",NA
NA,"PIPOX",NA
NA,"LOC400654",NA
NA,"NRSN1",NA
NA,"PEX16",NA
NA,"KRT2",NA
NA,"ACSM5",NA
NA,"MGAT5",NA
NA,"MACF1",NA
NA,"FXYD6",NA
NA,"FAM194B",NA
NA,"GFER",NA
NA,"BRD7",NA
NA,"STX16-NPEPL1",NA
NA,"SPSB4",NA
NA,"QARS",NA
NA,"LOC100287015",NA
NA,"FCGR2B",NA
NA,"TMEM91",NA
NA,"VENTX",NA
NA,"HYAL2",NA
NA,"NDUFAF4",NA
NA,"NADSYN1",NA
NA,"MZT1",NA
NA,"LRRC57",NA
NA,"ANKFN1",NA
NA,"ZNF223",NA
NA,"KLHL23",NA
NA,"CDKN1B",NA
NA,"MIPEP",NA
NA,"SMARCE1",NA
NA,"PCDHB17",NA
NA,"PNRC2",NA
NA,"TACR2",NA
NA,"ENO2",NA
NA,"PAR1",NA
NA,"SPATA12",NA
NA,"C6orf192",NA
NA,"TIGD5",NA
NA,"LHX2",NA
NA,"PDCD1LG2",NA
NA,"LOC283070",NA
NA,"CRTAM",NA
NA,"C19orf57",NA
NA,"FUT7",NA
NA,"MPP1",NA
NA,"PGK1",NA
NA,"AGAP8",NA
NA,"AGAP7",NA
NA,"MSLN",NA
NA,"LOC100505964",NA
NA,"OGFR",NA
NA,"KBTBD5",NA
NA,"SLC23A1",NA
NA,"LOC158435",NA
NA,"MOAP1",NA
NA,"DGCR9",NA
NA,"DALRD3",NA
NA,"NGFRAP1",NA
NA,"EFHD2",NA
NA,"NSUN6",NA
NA,"PNP",NA
NA,"GLT8D1",NA
NA,"ZNF300P1",NA
NA,"LOC729156",NA
NA,"B4GALT2",NA
NA,"ZMYND17",NA
NA,"RAD9A",NA
NA,"BCMO1",NA
NA,"NCRNA00242",NA
NA,"ATAD3B",NA
NA,"ZBTB16",NA
NA,"ZDHHC13",NA
NA,"PNPLA2",NA
NA,"LOC151171",NA
NA,"FLJ33360",NA
NA,"ATG10",NA
NA,"CCND3",NA
NA,"CRISP3",NA
NA,"ALDOB",NA
NA,"NKAPP1",NA
NA,"TAF1A",NA
NA,"AGAP5",NA
NA,"CYP11A1",NA
NA,"SLC34A3",NA
NA,"ZNF496",NA
NA,"SLC18A3",NA
NA,"GP2",NA
NA,"CPE",NA
NA,"SNAR-A1",NA
NA,"CCDC102A",NA
NA,"FA2H",NA
NA,"ZNF221",NA
NA,"LOC90834",NA
NA,"LARP7",NA
NA,"MORF4L2",NA
NA,"MAGEA8",NA
NA,"MCHR1",NA
NA,"CYP21A1P",NA
NA,"MELK",NA
NA,"SLC39A1",NA
NA,"RGS7",NA
NA,"TPRG1L",NA
NA,"RNF216L",NA
NA,"GDPD2",NA
NA,"LOC283050",NA
NA,"OTX2OS1",NA
NA,"HEXA",NA
NA,"PCTP",NA
NA,"HSPD1",NA
NA,"DNPEP",NA
NA,"ABP1",NA
NA,"ADAMDEC1",NA
NA,"AGAP4",NA
NA,"RGS11",NA
NA,"DNAAF1",NA
NA,"ZNRD1-AS1",NA
NA,"C9orf30-TMEFF1",NA
NA,"FAM83D",NA
NA,"MCHR2",NA
NA,"SDCBP",NA
NA,"MSTO1",NA
NA,"CCDC7",NA
NA,"FAM55D",NA
NA,"ACSM2B",NA
NA,"CHRNB1",NA
NA,"UGP2",NA
NA,"CTNNAL1",NA
NA,"SYP",NA
NA,"RGS16",NA
NA,"CSRP1",NA
NA,"RABIF",NA
NA,"ADK",NA
NA,"CCDC89",NA
NA,"CCDC79",NA
NA,"ALDH3A1",NA
NA,"GPR1",NA
NA,"LOC339975",NA
NA,"C6orf176",NA
NA,"TOP1P1",NA
NA,"PABPC3",NA
NA,"ACTR10",NA
NA,"IKZF3",NA
NA,"HSPA1A",NA
NA,"DEDD",NA
NA,"SLC29A3",NA
NA,"C11orf70",NA
NA,"RASSF7",NA
NA,"GPRC5C",NA
NA,"GTF3C5",NA
NA,"MIR1244-3",NA
NA,"SNORD115-36",NA
NA,"RHOF",NA
NA,"UMOD",NA
NA,"TSNAXIP1",NA
NA,"ZNF671",NA
NA,"FASTKD3",NA
NA,"C6orf162",NA
NA,"TPK1",NA
NA,"LOC100506178",NA
NA,"FBXO25",NA
NA,"NCRNA00200",NA
NA,"LOC100128811",NA
NA,"LOC100190986",NA
NA,"CBLN1",NA
NA,"P2RX5",NA
NA,"C2orf61",NA
NA,"FAM86B1",NA
NA,"CCDC17",NA
NA,"DUT",NA
NA,"ZNF613",NA
NA,"BTNL3",NA
NA,"IGSF8",NA
NA,"PTDSS2",NA
NA,"COMP",NA
NA,"PLIN5",NA
NA,"LOC284998",NA
NA,"LMAN2L",NA
NA,"SYNDIG1",NA
NA,"OR9Q1",NA
NA,"INHBE",NA
NA,"SLC47A2",NA
NA,"EDEM2",NA
NA,"CCDC60",NA
NA,"LOC100132724",NA
NA,"NOL11",NA
NA,"MPP4",NA
NA,"BGN",NA
NA,"LOC100505918",NA
NA,"LOC100507423",NA
NA,"GOT2",NA
NA,"ZSWIM2",NA
NA,"SLC38A3",NA
NA,"KLK6",NA
NA,"UQCC",NA
NA,"PPME1",NA
NA,"GHITM",NA
NA,"JKAMP",NA
NA,"FLJ39639",NA
NA,"SRD5A2",NA
NA,"LOC284788",NA
NA,"GMPS",NA
NA,"KRT6A",NA
NA,"FLJ36644",NA
NA,"TCP1",NA
NA,"SNX31",NA
NA,"KRT1",NA
NA,"CHRNB4",NA
NA,"PIAS2",NA
NA,"NCRNA00335",NA
NA,"RASSF1",NA
NA,"XRCC4",NA
NA,"CXorf1",NA
NA,"GBP7",NA
NA,"ADAD2",NA
NA,"BCHE",NA
NA,"NPFFR2",NA
NA,"DGAT2",NA
NA,"RNPS1",NA
NA,"GNL3",NA
NA,"SLC28A2",NA
NA,"LOC440288",NA
NA,"SPDYA",NA
NA,"C20orf7",NA
NA,"GSDMD",NA
NA,"PRMT7",NA
NA,"CBX3",NA
NA,"TCF24",NA
NA,"PRPF3",NA
NA,"SENP8",NA
NA,"TIGD1",NA
NA,"FBXO7",NA
NA,"LOC284100",NA
NA,"CHRNE",NA
NA,"HIPK4",NA
NA,"TOMM40",NA
NA,"LOC151534",NA
NA,"TRIB3",NA
NA,"DKFZP564C196",NA
NA,"ENDOU",NA
NA,"MYADML2",NA
NA,"GRWD1",NA
NA,"TCFL5",NA
NA,"GLYATL1",NA
NA,"CNN2",NA
NA,"DUSP18",NA
NA,"BPNT1",NA
NA,"ARL2-SNX15",NA
NA,"FBXO4",NA
NA,"STAG3L4",NA
NA,"DTNB",NA
NA,"COL9A3",NA
NA,"SOHLH1",NA
NA,"FAM48B2",NA
NA,"MUL1",NA
NA,"BBIP1",NA
NA,"SLC36A4",NA
NA,"HNF1A-AS1",NA
NA,"NPTN",NA
NA,"LOC100131320",NA
NA,"PANK2",NA
NA,"PRODH",NA
NA,"FAM92A3",NA
NA,"CWH43",NA
NA,"CXCL5",NA
NA,"CD99",NA
NA,"ETV4",NA
NA,"ROCK1P1",NA
NA,"CDHR4",NA
NA,"TAF7L",NA
NA,"HMGCS2",NA
NA,"SUOX",NA
NA,"APLP1",NA
NA,"LRRC31",NA
NA,"ATP6V1G2",NA
NA,"FAM133B",NA
NA,"GPR37L1",NA
NA,"CAMK1G",NA
NA,"KCTD5",NA
NA,"MOCS3",NA
NA,"WHSC2",NA
NA,"TFEB",NA
NA,"RXRG",NA
NA,"MARCH9",NA
NA,"CXADRP2",NA
NA,"ZSCAN10",NA
NA,"KBTBD10",NA
NA,"SULT4A1",NA
NA,"PHF1",NA
NA,"SUPV3L1",NA
NA,"POLA2",NA
NA,"ANP32A",NA
NA,"FBXO5",NA
NA,"CYP4F24P",NA
NA,"BRD7P3",NA
NA,"ABHD16A",NA
NA,"ZMAT4",NA
NA,"ZP4",NA
NA,"KRT72",NA
NA,"C14orf169",NA
NA,"CXCL16",NA
NA,"PLEKHA3",NA
NA,"CPXM1",NA
NA,"RNF114",NA
NA,"LRRC33",NA
NA,"EME1",NA
NA,"TBX4",NA
NA,"MBD4",NA
NA,"AGMO",NA
NA,"SPIN2B",NA
NA,"SCCPDH",NA
NA,"FAM19A4",NA
NA,"ARAF",NA
NA,"RBM26-AS1",NA
NA,"LIPH",NA
NA,"PRDM5",NA
NA,"AREG",NA
NA,"PEA15",NA
NA,"SLC30A2",NA
NA,"CES5A",NA
NA,"ASNSD1",NA
NA,"DNAJB8",NA
NA,"STT3B",NA
NA,"CDK9",NA
NA,"ANKRD13D",NA
NA,"CLEC4F",NA
NA,"FIP1L1",NA
NA,"PRY2",NA
NA,"SNIP1",NA
NA,"LOC100499405",NA
NA,"LOC400620",NA
NA,"PIK3IP1",NA
NA,"ANKUB1",NA
NA,"C6orf62",NA
NA,"LOC116437",NA
NA,"AMIGO1",NA
NA,"SRR",NA
NA,"CCDC126",NA
NA,"TUSC1",NA
NA,"C9orf64",NA
NA,"DUSP5P",NA
NA,"RHOT2",NA
NA,"BFSP1",NA
NA,"ACTR5",NA
NA,"TIGD4",NA
NA,"DDC",NA
NA,"FAM189A2",NA
NA,"GDI1",NA
NA,"CYP26A1",NA
NA,"LOC100130015",NA
NA,"TRPV5",NA
NA,"DDX56",NA
NA,"LOC100507266",NA
NA,"ARHGEF35",NA
NA,"AP4B1",NA
NA,"DAOA-AS1",NA
NA,"PHLDB3",NA
NA,"CTBP1",NA
NA,"CCDC164",NA
NA,"MPHOSPH10",NA
NA,"TMEM189",NA
NA,"SDHAP1",NA
NA,"LOC100505658",NA
NA,"C6orf47",NA
NA,"MED20",NA
NA,"HOGA1",NA
NA,"LAS1L",NA
NA,"PTGER2",NA
NA,"BBS4",NA
NA,"GALM",NA
NA,"CNOT8",NA
NA,"BTN2A3",NA
NA,"CCNA1",NA
NA,"ZNF224",NA
NA,"UBASH3A",NA
NA,"TSSK1B",NA
NA,"HARS2",NA
NA,"MICB",NA
NA,"LOC100507651",NA
NA,"CYP27B1",NA
NA,"LSM12",NA
NA,"NUP88",NA
NA,"RSPH6A",NA
NA,"GLB1L",NA
NA,"MMD2",NA
NA,"ARMC6",NA
NA,"ACADL",NA
NA,"CDK5R2",NA
NA,"RBPJL",NA
NA,"NCRNA00119",NA
NA,"TUBB",NA
NA,"ZNF692",NA
NA,"FSD2",NA
NA,"ERVV-2",NA
NA,"KCNJ6",NA
NA,"FLJ35424",NA
NA,"TXNDC2",NA
NA,"NFIC",NA
NA,"ADCK4",NA
NA,"SHC2",NA
NA,"ZNF137P",NA
NA,"SRSF7",NA
NA,"ARL15",NA
NA,"ASCL1",NA
NA,"KRT85",NA
NA,"GGT8P",NA
NA,"ITGBL1",NA
NA,"EXOC3L1",NA
NA,"MGC16275",NA
NA,"RABL2A",NA
NA,"ALPPL2",NA
NA,"POR",NA
NA,"NBPF4",NA
NA,"STXBP3",NA
NA,"RASSF4",NA
NA,"SENP3",NA
NA,"CXCR1",NA
NA,"C9orf123",NA
NA,"GNA14",NA
NA,"RRN3P3",NA
NA,"TMEM235",NA
NA,"LOC100128361",NA
NA,"ACAP1",NA
NA,"SERPINE2",NA
NA,"OLIG2",NA
NA,"FAM200A",NA
NA,"G6PD",NA
NA,"ALOX12B",NA
NA,"ZNF419",NA
NA,"PRDM12",NA
NA,"PRKCSH",NA
NA,"ANKRD55",NA
NA,"ALDH9A1",NA
NA,"LOC100506730",NA
NA,"ANKRD10",NA
NA,"C15orf62",NA
NA,"COG8",NA
NA,"SH3GL1P2",NA
NA,"SIGLEC5",NA
NA,"ERVV-1",NA
NA,"MAPKAPK3",NA
NA,"GPC3",NA
NA,"SNORA53",NA
NA,"BCL2L14",NA
NA,"CCDC77",NA
NA,"RSAD1",NA
NA,"SOX2OT",NA
NA,"DPH2",NA
NA,"C1QL3",NA
NA,"ZNF791",NA
NA,"TMEM146",NA
NA,"DYNC1LI1",NA
NA,"LPAL2",NA
NA,"PTDSS1",NA
NA,"HSPA7",NA
NA,"SHF",NA
NA,"ELMO3",NA
NA,"NSRP1",NA
NA,"BHMT",NA
NA,"NFS1",NA
NA,"METTL6",NA
NA,"PRELID2",NA
NA,"DEPDC1B",NA
NA,"KLHDC8A",NA
NA,"LYVE1",NA
NA,"CDRT4",NA
NA,"TMEM100",NA
NA,"PPP2R1A",NA
NA,"PKDCC",NA
NA,"CLK4",NA
NA,"DACH2",NA
NA,"C1orf204",NA
NA,"PPT1",NA
NA,"LOC283299",NA
NA,"C7orf73",NA
NA,"B3GNT6",NA
NA,"SH3GL1P1",NA
NA,"APOBEC3D",NA
NA,"ATRIP",NA
NA,"ZNF454",NA
NA,"BNIPL",NA
NA,"LOC283089",NA
NA,"BTBD10",NA
NA,"ATF1",NA
NA,"MIS12",NA
NA,"FAM86DP",NA
NA,"SLC46A2",NA
NA,"TEDDM1",NA
NA,"ARF1",NA
NA,"LOC100233209",NA
NA,"GP1BA",NA
NA,"SRP68",NA
NA,"ZNF610",NA
NA,"LOC100129716",NA
NA,"GTPBP4",NA
NA,"C11orf2",NA
NA,"NTF3",NA
NA,"PBOV1",NA
NA,"SGK2",NA
NA,"PTK6",NA
NA,"MPPED1",NA
NA,"SLC22A2",NA
NA,"DNAJC25",NA
NA,"DNAI1",NA
NA,"GPR89C",NA
NA,"NAP1L4",NA
NA,"SLC22A11",NA
NA,"GJB6",NA
NA,"ABHD4",NA
NA,"AADAT",NA
NA,"SLC29A2",NA
NA,"LRRC3",NA
NA,"C7orf43",NA
NA,"TCEB1",NA
NA,"LOC100499489",NA
NA,"GALNTL4",NA
NA,"PPP1CC",NA
NA,"C14orf118",NA
NA,"ASF1A",NA
NA,"LINS",NA
NA,"ZNF416",NA
NA,"ZNF513",NA
NA,"CBLN4",NA
NA,"AGXT2L1",NA
NA,"MGC12982",NA
NA,"LOC728084",NA
NA,"C14orf105",NA
NA,"CYP2G1P",NA
NA,"FSTL3",NA
NA,"MTMR14",NA
NA,"VNN2",NA
NA,"TESK1",NA
NA,"BUD13",NA
NA,"ACP2",NA
NA,"BNIP2",NA
NA,"SHMT1",NA
NA,"S1PR5",NA
NA,"C10orf55",NA
NA,"SAP30BP",NA
NA,"ZNF211",NA
NA,"FRMD3",NA
NA,"KAZALD1",NA
NA,"FAM90A1",NA
NA,"SLCO6A1",NA
NA,"T",NA
NA,"KRTAP21-2",NA
NA,"MSTO2P",NA
NA,"RCN1",NA
NA,"OLR1",NA
NA,"SOX21",NA
NA,"METTL2A",NA
NA,"IRF2BP1",NA
NA,"SNX4",NA
NA,"GABRA6",NA
NA,"C2orf29",NA
NA,"LOC728730",NA
NA,"SOX2",NA
NA,"LRFN3",NA
NA,"TTC15",NA
NA,"WDR4",NA
NA,"LOC285733",NA
NA,"HOXA13",NA
NA,"HYLS1",NA
NA,"LOC283663",NA
NA,"GYLTL1B",NA
NA,"C2orf42",NA
NA,"CDKN1A",NA
NA,"BCAP31",NA
NA,"TAS1R2",NA
NA,"PLEKHN1",NA
NA,"KCNK13",NA
NA,"FPR3",NA
NA,"SCLY",NA
NA,"LOC100128640",NA
NA,"APBB3",NA
NA,"LOC286186",NA
NA,"MCCC1",NA
NA,"RBM46",NA
NA,"ASPN",NA
NA,"NOX1",NA
NA,"GDPD4",NA
NA,"MGC23270",NA
NA,"C5orf47",NA
NA,"BTNL8",NA
NA,"SLC38A9",NA
NA,"ZYX",NA
NA,"INTS10",NA
NA,"LOC100507632",NA
NA,"XPNPEP1",NA
NA,"LOC728640",NA
NA,"SERPINA10",NA
NA,"RPS10-NUDT3",NA
NA,"PQLC2",NA
NA,"PDZD3",NA
NA,"DPF2",NA
NA,"SCAMP4",NA
NA,"MAG",NA
NA,"SCOC",NA
NA,"HSPA1B",NA
NA,"KRT76",NA
NA,"C5orf34",NA
NA,"CALB1",NA
NA,"MECR",NA
NA,"UNC119",NA
NA,"SIX3",NA
NA,"C3orf66",NA
NA,"PPIL4",NA
NA,"EGFL6",NA
NA,"SSBP3",NA
NA,"FLJ37035",NA
NA,"ORAOV1",NA
NA,"NCRNA00277",NA
NA,"C17orf77",NA
NA,"KLF15",NA
NA,"AGPAT9",NA
NA,"GPC2",NA
NA,"DDX50",NA
NA,"MKS1",NA
NA,"LOC284023",NA
NA,"C20orf160",NA
NA,"SRSF4",NA
NA,"DUSP5",NA
NA,"PTCHD3",NA
NA,"CD68",NA
NA,"ATF4",NA
NA,"LOC154761",NA
NA,"SFTPA1",NA
NA,"HS3ST3A1",NA
NA,"BLMH",NA
NA,"UFSP2",NA
NA,"LRFN4",NA
NA,"CSDC2",NA
NA,"HSP90AB1",NA
NA,"KERA",NA
NA,"AHCY",NA
NA,"CHADL",NA
NA,"C22orf34",NA
NA,"TMEM151A",NA
NA,"PARP16",NA
NA,"ATF5",NA
NA,"KEL",NA
NA,"MLK7-AS1",NA
NA,"MCM5",NA
NA,"RAB5A",NA
NA,"LOC100129845",NA
NA,"LOC284080",NA
NA,"KCNK15",NA
NA,"PAPSS1",NA
NA,"RABL5",NA
NA,"HDHD1",NA
NA,"SH2D1B",NA
NA,"LAMP1",NA
NA,"SPTSSA",NA
NA,"OSGIN1",NA
NA,"C2orf65",NA
NA,"RXFP3",NA
NA,"FLJ39534",NA
NA,"PARP3",NA
NA,"PCDHB1",NA
NA,"DNAJC30",NA
NA,"HSD17B12",NA
NA,"FBXO24",NA
NA,"ANKK1",NA
NA,"SLC7A5P2",NA
NA,"ST6GALNAC1",NA
NA,"MATK",NA
NA,"C3orf67",NA
NA,"HTRA3",NA
NA,"HSPA1L",NA
NA,"DNAJB9",NA
NA,"AOAH",NA
NA,"CYP2C18",NA
NA,"C3orf39",NA
NA,"TMPRSS11A",NA
NA,"GAL3ST4",NA
NA,"SLC2A6",NA
NA,"THOP1",NA
NA,"RPN2",NA
NA,"MLF1IP",NA
NA,"HCP5",NA
NA,"LOC139201",NA
NA,"ALOX5",NA
NA,"KIAA1279",NA
NA,"PQLC1",NA
NA,"LOC147670",NA
NA,"GTF2F1",NA
NA,"INTS4L1",NA
NA,"ZNF408",NA
NA,"ALPI",NA
NA,"EIF4H",NA
NA,"OMD",NA
NA,"SLC25A43",NA
NA,"CYP4A11",NA
NA,"SAMD11",NA
NA,"PCCA",NA
NA,"TAF15",NA
NA,"DSCAM-AS1",NA
NA,"SLC35E4",NA
NA,"LOC100129620",NA
NA,"HNRNPH3",NA
NA,"KHK",NA
NA,"CXCL9",NA
NA,"FUCA2",NA
NA,"TTC3P1",NA
NA,"GRK5",NA
NA,"IQCK",NA
NA,"HSD3B7",NA
NA,"HTRA2",NA
NA,"ZDHHC8P1",NA
NA,"TIPARP-AS1",NA
NA,"CENPI",NA
NA,"WASH3P",NA
NA,"ZNF600",NA
NA,"RASL10A",NA
NA,"CHRAC1",NA
NA,"FLJ42392",NA
NA,"PCYOX1L",NA
NA,"WDR41",NA
NA,"FANCE",NA
NA,"ANKMY2",NA
NA,"UTP14A",NA
NA,"LOC100507062",NA
NA,"CYSLTR2",NA
NA,"LOC100507577",NA
NA,"ZNF439",NA
NA,"UBE2N",NA
NA,"MAP2K5",NA
NA,"P4HTM",NA
NA,"TCEAL4",NA
NA,"EPS8L3",NA
NA,"TRIM42",NA
NA,"SFXN2",NA
NA,"RAD51",NA
NA,"EIF3J",NA
NA,"GDF1",NA
NA,"SLC22A13",NA
NA,"ALAS1",NA
NA,"NAAA",NA
NA,"ZNF354A",NA
NA,"ABCF3",NA
NA,"ALDH8A1",NA
NA,"HMGCLL1",NA
NA,"VGF",NA
NA,"KLHL17",NA
NA,"ANKRD42",NA
NA,"SLC2A11",NA
NA,"TAS1R3",NA
NA,"MBD3",NA
NA,"LIMS3-LOC440895",NA
NA,"TMEM229A",NA
NA,"DFNA5",NA
NA,"COBRA1",NA
NA,"RUNDC3A",NA
NA,"SMYD5",NA
NA,"FAM22F",NA
NA,"OPN1MW2",NA
NA,"SLC38A6",NA
NA,"C19orf26",NA
NA,"LOC339803",NA
NA,"CPNE4",NA
NA,"NDUFS2",NA
NA,"OAS1",NA
NA,"TSPAN12",NA
NA,"NHLH1",NA
NA,"SLC44A3",NA
NA,"CD248",NA
NA,"FEM1B",NA
NA,"APCDD1",NA
NA,"LRRC34",NA
NA,"FBXO8",NA
NA,"LSM11",NA
NA,"ZNF283",NA
NA,"NXPH2",NA
NA,"SH3BP1",NA
NA,"SAMD3",NA
NA,"UBE2J2",NA
NA,"CCNT1",NA
NA,"M6PR",NA
NA,"RDH11",NA
NA,"E4F1",NA
NA,"ZNF847P",NA
NA,"FOXF1",NA
NA,"NCRNA00284",NA
NA,"ALG11",NA
NA,"CLDN7",NA
NA,"TIMM50",NA
NA,"RNF7",NA
NA,"PROSC",NA
NA,"FGFBP3",NA
NA,"EFEMP2",NA
NA,"UPRT",NA
NA,"OBSCN",NA
NA,"DAB1",NA
NA,"RASGRP2",NA
NA,"PRRT2",NA
NA,"SRXN1",NA
NA,"ADORA2A",NA
NA,"C6orf208",NA
NA,"FAF1",NA
NA,"SLC22A10",NA
NA,"LOC283731",NA
NA,"LOC100506334",NA
NA,"HNRNPH2",NA
NA,"HHIPL2",NA
NA,"BAG3",NA
NA,"UNG",NA
NA,"LOC144486",NA
NA,"TMEM97",NA
NA,"DNAI2",NA
NA,"LYPLA1",NA
NA,"TBX21",NA
NA,"C19orf35",NA
NA,"NUCB1",NA
NA,"AGTR1",NA
NA,"ELF5",NA
NA,"TEX22",NA
NA,"CHAC1",NA
NA,"P4HB",NA
NA,"SLA2",NA
NA,"C6orf211",NA
NA,"PIR-FIGF",NA
NA,"MORN4",NA
NA,"EXOC3L4",NA
NA,"ZNF432",NA
NA,"ERLEC1",NA
NA,"SEPT5",NA
NA,"PLA2G3",NA
NA,"RASA2",NA
NA,"C7orf54",NA
NA,"PPP1R3C",NA
NA,"TTTY20",NA
NA,"PALMD",NA
NA,"CDCA5",NA
NA,"LRRC48",NA
NA,"SHD",NA
NA,"SCG2",NA
NA,"LOC100506801",NA
NA,"LOC729799",NA
NA,"PDX1",NA
NA,"HPN",NA
NA,"METTL10",NA
NA,"TBL3",NA
NA,"RAD51D",NA
NA,"LOC284395",NA
NA,"EXOC6B",NA
NA,"SLC32A1",NA
NA,"LOC728613",NA
NA,"ADAM7",NA
NA,"LHX3",NA
NA,"C9orf163",NA
NA,"RASL12",NA
NA,"ANKRD23",NA
NA,"WDR55",NA
NA,"NAP1L2",NA
NA,"C1orf220",NA
NA,"BRMS1L",NA
NA,"CREB3L3",NA
NA,"RIPK2",NA
NA,"ZNF673",NA
NA,"MAP2K1",NA
NA,"MLKL",NA
NA,"PLD6",NA
NA,"MATN3",NA
NA,"PI16",NA
NA,"NFKBIE",NA
NA,"AGT",NA
NA,"LOC100505474",NA
NA,"D2HGDH",NA
NA,"DNAJB7",NA
NA,"CTAGE9",NA
NA,"CPA5",NA
NA,"FCRL2",NA
NA,"SLC35G1",NA
NA,"GATM",NA
NA,"WDR45L",NA
NA,"INSIG2",NA
NA,"LOC401097",NA
NA,"CDKL3",NA
NA,"BLK",NA
NA,"PIN4",NA
NA,"LOC100130386",NA
NA,"WDR49",NA
NA,"FAM47A",NA
NA,"ALKBH1",NA
NA,"SLC17A9",NA
NA,"IQCB1",NA
NA,"MGC21881",NA
NA,"PLXDC2",NA
NA,"MAOB",NA
NA,"FAM43B",NA
NA,"REL",NA
NA,"CDSN",NA
NA,"UBC",NA
NA,"LRRC45",NA
NA,"TMEM161B",NA
NA,"SPAG6",NA
NA,"LRRN4CL",NA
NA,"BARD1",NA
NA,"EIF2S2",NA
NA,"ALPL",NA
NA,"ST3GAL3",NA
NA,"GBP2",NA
NA,"FOXG1",NA
NA,"POLR3E",NA
NA,"SCNN1B",NA
NA,"ZNF799",NA
NA,"DYNC1I2",NA
NA,"NECAP1",NA
NA,"LGALS3",NA
NA,"NQO1",NA
NA,"BLCAP",NA
NA,"LSM14B",NA
NA,"LMF2",NA
NA,"CD1C",NA
NA,"CEP89",NA
NA,"ISM1",NA
NA,"RWDD4",NA
NA,"RHOXF2",NA
NA,"YY1",NA
NA,"HOOK2",NA
NA,"POP4",NA
NA,"ZNF385C",NA
NA,"HDGFRP2",NA
NA,"HNRNPM",NA
NA,"GATA5",NA
NA,"UGT2A1",NA
NA,"TPTE2P3",NA
NA,"SUPT3H",NA
NA,"VPS33A",NA
NA,"RBM23",NA
NA,"C14orf38",NA
NA,"SPATA20",NA
NA,"CEBPA",NA
NA,"RTN2",NA
NA,"MUTYH",NA
NA,"SIGLEC12",NA
NA,"FAM124B",NA
NA,"MYOZ2",NA
NA,"KCTD8",NA
NA,"IRF7",NA
NA,"RCOR2",NA
NA,"MFNG",NA
NA,"BTK",NA
NA,"SLC22A8",NA
NA,"HEATR3",NA
NA,"DDX28",NA
NA,"PCGF2",NA
NA,"ZGPAT",NA
NA,"CCNG1",NA
NA,"ZDHHC11",NA
NA,"RPE65",NA
NA,"FAM69A",NA
NA,"LGALS12",NA
NA,"C16orf54",NA
NA,"LEPREL4",NA
NA,"ARHGEF26-AS1",NA
NA,"UFM1",NA
NA,"C14orf184",NA
NA,"CCNK",NA
NA,"CYP4F22",NA
NA,"GPR17",NA
NA,"BID",NA
NA,"CLCNKA",NA
NA,"SLC22A6",NA
NA,"LOC100287042",NA
NA,"SLC16A3",NA
NA,"LOC728606",NA
NA,"BOK",NA
NA,"TTC38",NA
NA,"NOV",NA
NA,"LONRF3",NA
NA,"LOC283194",NA
NA,"ZNF385A",NA
NA,"C12orf66",NA
NA,"LRRC10",NA
NA,"TMEM22",NA
NA,"CYP4Z2P",NA
NA,"BLOC1S3",NA
NA,"DCK",NA
NA,"DCAF12L2",NA
NA,"MID1IP1",NA
NA,"MASP2",NA
NA,"VTCN1",NA
NA,"SDCCAG8",NA
NA,"DLX3",NA
NA,"ZNF580",NA
NA,"ZNF879",NA
NA,"FPR1",NA
NA,"LOC100131691",NA
NA,"BSN-AS2",NA
NA,"LOC100506013",NA
NA,"CYP1A1",NA
NA,"LOC646999",NA
NA,"ETNK2",NA
NA,"KIAA0391",NA
NA,"MYCN",NA
NA,"CENPVL1",NA
NA,"SYNDIG1L",NA
NA,"PARP6",NA
NA,"DHX58",NA
NA,"RANBP3L",NA
NA,"PRSS35",NA
NA,"CXorf56",NA
NA,"LINGO4",NA
NA,"CNKSR1",NA
NA,"MIP",NA
NA,"LUC7L",NA
NA,"LOC100506655",NA
NA,"LOC440600",NA
NA,"TCERG1L",NA
NA,"GLS2",NA
NA,"LOC151475",NA
NA,"TMPRSS7",NA
NA,"ZNF876P",NA
NA,"FAM54B",NA
NA,"CATSPER1",NA
NA,"SDC4",NA
NA,"DDX55",NA
NA,"LOC374443",NA
NA,"ASB8",NA
NA,"OTX2",NA
NA,"BTBD2",NA
NA,"KLHL22",NA
NA,"PICK1",NA
NA,"CFB",NA
NA,"POLM",NA
NA,"C1orf150",NA
NA,"MNX1",NA
NA,"RTCD1",NA
NA,"LOC283888",NA
NA,"LOC732275",NA
NA,"DYM",NA
NA,"ZFP82",NA
NA,"POU5F1",NA
NA,"STAG3L3",NA
NA,"ADAM3A",NA
NA,"FAM36A",NA
NA,"ASRGL1",NA
NA,"ICAM4",NA
NA,"CYP2S1",NA
NA,"LYPD5",NA
NA,"ZNF16",NA
NA,"C8orf33",NA
NA,"TMEM200B",NA
NA,"PA2G4",NA
NA,"CCNL1",NA
NA,"DDI1",NA
NA,"NEK10",NA
NA,"MTCH2",NA
NA,"ZNF174",NA
NA,"FST",NA
NA,"LPAR4",NA
NA,"LOC100128554",NA
NA,"DAPK2",NA
NA,"VPS33B",NA
NA,"ST8SIA5",NA
NA,"MAPRE1",NA
NA,"RILPL1",NA
NA,"FANCG",NA
NA,"SIAH2",NA
NA,"CWF19L1",NA
NA,"ULK3",NA
NA,"ZNF763",NA
NA,"GAB4",NA
NA,"PRLH",NA
NA,"RAB21",NA
NA,"GRAMD1A",NA
NA,"NRARP",NA
NA,"FLOT2",NA
NA,"ADAM2",NA
NA,"MST1P2",NA
NA,"APBB1IP",NA
NA,"LEPREL2",NA
NA,"FBLN5",NA
NA,"DMKN",NA
NA,"ZIM3",NA
NA,"DQX1",NA
NA,"CHMP2B",NA
NA,"ARMC10",NA
NA,"DEPTOR",NA
NA,"PANK4",NA
NA,"CLMP",NA
NA,"SLC43A1",NA
NA,"LRRC36",NA
NA,"MURC",NA
NA,"PLA2G2D",NA
NA,"PPT2",NA
NA,"HIAT1",NA
NA,"CEACAM6",NA
NA,"C2orf54",NA
NA,"GGT7",NA
NA,"UBE2B",NA
NA,"NBPF22P",NA
NA,"WDR31",NA
NA,"SLC7A3",NA
NA,"ATPIF1",NA
NA,"FAM174B",NA
NA,"KATNB1",NA
NA,"FAM171A2",NA
NA,"GGT6",NA
NA,"COIL",NA
NA,"SERPINB5",NA
NA,"SYT14L",NA
NA,"ZFAND1",NA
NA,"ASB9",NA
NA,"C3orf38",NA
NA,"RTN4IP1",NA
NA,"TTPA",NA
NA,"TPRN",NA
NA,"NYX",NA
NA,"OPN3",NA
NA,"PPIEL",NA
NA,"CTAGE11P",NA
NA,"ORC3",NA
NA,"NEB",NA
NA,"AK7",NA
NA,"HDC",NA
NA,"MGC57346",NA
NA,"CD226",NA
NA,"TRMT1",NA
NA,"DCAF13",NA
NA,"MRPS16",NA
NA,"DDIT4L",NA
NA,"CDK10",NA
NA,"CISD3",NA
NA,"CAPN10",NA
NA,"LOC100130954",NA
NA,"SNAP23",NA
NA,"LOC286059",NA
NA,"LOC100288077",NA
NA,"FLJ31306",NA
NA,"ADH5",NA
NA,"NAA35",NA
NA,"ANKZF1",NA
NA,"ZNF595",NA
NA,"TMPRSS11B",NA
NA,"XAB2",NA
NA,"PPP2CA",NA
NA,"FOXJ1",NA
NA,"RAB1A",NA
NA,"RGL3",NA
NA,"FXYD3",NA
NA,"ICOS",NA
NA,"PIP5K1B",NA
NA,"ABHD10",NA
NA,"ZNF76",NA
NA,"CPNE7",NA
NA,"SHARPIN",NA
NA,"LRRC47",NA
NA,"PNMA1",NA
NA,"ZFP42",NA
NA,"DNALI1",NA
NA,"OR7E156P",NA
NA,"PIF1",NA
NA,"TTC30B",NA
NA,"SLC23A3",NA
NA,"C20orf4",NA
NA,"ANAPC4",NA
NA,"BHMT2",NA
NA,"HFE",NA
NA,"SPDYE1",NA
NA,"GDF10",NA
NA,"LOC100507246",NA
NA,"CBX4",NA
NA,"SEC1",NA
NA,"CEP70",NA
NA,"ADRB3",NA
NA,"CHGB",NA
NA,"ZNF35",NA
NA,"DNMBP-AS1",NA
NA,"SNAPC1",NA
NA,"GPR172B",NA
NA,"PCSK4",NA
NA,"KCNN1",NA
NA,"TSEN34",NA
NA,"DTNBP1",NA
NA,"LOC154860",NA
NA,"ZCCHC5",NA
NA,"SNX11",NA
NA,"FPGS",NA
NA,"MTMR8",NA
NA,"UBE2D1",NA
NA,"LOC400655",NA
NA,"UBA2",NA
NA,"CSTF1",NA
NA,"SH2D1A",NA
NA,"PRMT6",NA
NA,"RPUSD4",NA
NA,"SP140L",NA
NA,"CCR9",NA
NA,"LOC153910",NA
NA,"ARHGAP19-SLIT1",NA
NA,"SCARNA6",NA
NA,"DEFB115",NA
NA,"C1QTNF3-AMACR",NA
NA,"SLAMF7",NA
NA,"FRAT1",NA
NA,"AQP6",NA
NA,"HHLA2",NA
NA,"CCT6A",NA
NA,"CBWD3",NA
NA,"DKC1",NA
NA,"HSPA6",NA
NA,"LOC644961",NA
NA,"GGT5",NA
NA,"SUCLG2",NA
NA,"HOXA11",NA
NA,"LYSMD1",NA
NA,"LOC100527964",NA
NA,"PINK1",NA
NA,"PTPN20A",NA
NA,"CCDC67",NA
NA,"LOC653786",NA
NA,"IRF8",NA
NA,"KCNK6",NA
NA,"ABCG8",NA
NA,"SLC22A7",NA
NA,"LDB1",NA
NA,"MRP63",NA
NA,"PRMT5",NA
NA,"KIF18B",NA
NA,"WDR75",NA
NA,"COL8A1",NA
NA,"GYPA",NA
NA,"RFC5",NA
NA,"IDH3A",NA
NA,"SLC35A4",NA
NA,"PCDHB15",NA
NA,"HLA-E",NA
NA,"ETV7",NA
NA,"C9orf152",NA
NA,"IL18RAP",NA
NA,"UPP2",NA
NA,"TP53I3",NA
NA,"CCDC99",NA
NA,"TSPAN17",NA
NA,"TUBBP5",NA
NA,"ASTE1",NA
NA,"LRRD1",NA
NA,"SH3TC2",NA
NA,"FIZ1",NA
NA,"LUC7L2",NA
NA,"LOC392232",NA
NA,"GPR97",NA
NA,"LOC643387",NA
NA,"CAPN13",NA
NA,"CREB3L1",NA
NA,"LOC283738",NA
NA,"SBSN",NA
NA,"C3orf35",NA
NA,"CSPG5",NA
NA,"SLC35B3",NA
NA,"SPDYE5",NA
NA,"MLX",NA
NA,"ZNF443",NA
NA,"ISYNA1",NA
NA,"HCCS",NA
NA,"FRRS1",NA
NA,"FERMT3",NA
NA,"RAD52",NA
NA,"MEOX1",NA
NA,"NCK2",NA
NA,"CTAGE6P",NA
NA,"KAT5",NA
NA,"WBP11",NA
NA,"ADAM21",NA
NA,"TMEM44",NA
NA,"LOC387723",NA
NA,"JMJD5",NA
NA,"FAM48B1",NA
NA,"CRTC2",NA
NA,"GNPAT",NA
NA,"TGM3",NA
NA,"ADRA1D",NA
NA,"ANKRD45",NA
NA,"ZNF214",NA
NA,"TNFSF13B",NA
NA,"CDT1",NA
NA,"RBFOX3",NA
NA,"CASP3",NA
NA,"BMX",NA
NA,"SLC1A7",NA
NA,"C6orf225",NA
NA,"HEY2",NA
NA,"LPPR1",NA
NA,"TOMM40L",NA
NA,"GPR161",NA
NA,"PAH",NA
NA,"LOC285419",NA
NA,"ARMCX6",NA
NA,"IL1RAPL1",NA
NA,"NAALADL1",NA
NA,"CEP95",NA
NA,"LOC727982",NA
NA,"RMRP",NA
NA,"DDI2",NA
NA,"ALOX15",NA
NA,"CBX1",NA
NA,"PISD",NA
NA,"LOC646168",NA
NA,"HPS6",NA
NA,"NLRP6",NA
NA,"NAT6",NA
NA,"ABHD14B",NA
NA,"FLJ10661",NA
NA,"KRT82",NA
NA,"ZIK1",NA
NA,"YPEL5",NA
NA,"GOLPH3",NA
NA,"PYCRL",NA
NA,"LOC283856",NA
NA,"ADH1B",NA
NA,"ADAD1",NA
NA,"LDB2",NA
NA,"RIN1",NA
NA,"PTPN6",NA
NA,"LOC654433",NA
NA,"DDX27",NA
NA,"CCR1",NA
NA,"C15orf34",NA
NA,"ZNF17",NA
NA,"PCK1",NA
NA,"GLB1",NA
NA,"OTP",NA
NA,"ZNF277",NA
NA,"FCGR2A",NA
NA,"KHDRBS1",NA
NA,"DBIL5P",NA
NA,"RND3",NA
NA,"TNIP3",NA
NA,"CERCAM",NA
NA,"ZCCHC7",NA
NA,"C14orf126",NA
NA,"LOC145820",NA
NA,"HRH3",NA
NA,"ALDH3B2",NA
NA,"CSAD",NA
NA,"KLHDC1",NA
NA,"CRHR1",NA
NA,"TMC4",NA
NA,"FOXA2",NA
NA,"GRPR",NA
NA,"LOC170425",NA
NA,"PGAP3",NA
NA,"DDX43",NA
NA,"KIAA1958",NA
NA,"FAS",NA
NA,"PEX12",NA
NA,"DDX1",NA
NA,"PCIF1",NA
NA,"DMP1",NA
NA,"LRGUK",NA
NA,"HABP4",NA
NA,"CLIC2",NA
NA,"NCF2",NA
NA,"SH3D21",NA
NA,"C9",NA
NA,"PDAP1",NA
NA,"LHX9",NA
NA,"C14orf182",NA
NA,"ZNF285",NA
NA,"DBR1",NA
NA,"TAF9B",NA
NA,"RASSF10",NA
NA,"CDC16",NA
NA,"GRB7",NA
NA,"CCDC48",NA
NA,"CRBN",NA
NA,"LOC100133091",NA
NA,"ZNF567",NA
NA,"KCND3",NA
NA,"TRIM11",NA
NA,"IFIT3",NA
NA,"XRCC3",NA
NA,"SIX1",NA
NA,"LRRN4",NA
NA,"SASH3",NA
NA,"FJX1",NA
NA,"EYA2",NA
NA,"HDAC10",NA
NA,"JMJD4",NA
NA,"VPS37C",NA
NA,"ANAPC2",NA
NA,"DLL3",NA
NA,"STAR",NA
NA,"C9orf150",NA
NA,"CASQ2",NA
NA,"RIC8A",NA
NA,"RELA",NA
NA,"TMEM117",NA
NA,"MRS2P2",NA
NA,"PAQR4",NA
NA,"FOXN1",NA
NA,"LCE3A",NA
NA,"SCARNA12",NA
NA,"ACADM",NA
NA,"SIGLEC6",NA
NA,"PRNT",NA
NA,"C20orf54",NA
NA,"DRD2",NA
NA,"ZNF311",NA
NA,"BEND6",NA
NA,"VPS26A",NA
NA,"PPIG",NA
NA,"TCP10L",NA
NA,"CUTA",NA
NA,"GAS2",NA
NA,"STK33",NA
NA,"CTXN2",NA
NA,"PYCR1",NA
NA,"LOC641367",NA
NA,"E2F1",NA
NA,"KIFC1",NA
NA,"KEAP1",NA
NA,"C3orf27",NA
NA,"BIRC5",NA
NA,"LOC285889",NA
NA,"C10orf68",NA
NA,"C16orf71",NA
NA,"ASB15",NA
NA,"SLCO1B3",NA
NA,"CDR2",NA
NA,"C19orf6",NA
NA,"ACSBG2",NA
NA,"GALNT14",NA
NA,"TOM1",NA
NA,"LOC201617",NA
NA,"OTUB1",NA
NA,"DNAJA3",NA
NA,"ZMYND15",NA
NA,"HOXB9",NA
NA,"DPF1",NA
NA,"CTSA",NA
NA,"PIGZ",NA
NA,"FAM3C",NA
NA,"IL33",NA
NA,"USP27X",NA
NA,"TMEM119",NA
NA,"CACNG3",NA
NA,"MYBL2",NA
NA,"LOC100128264",NA
NA,"LOC401463",NA
NA,"LOC100128593",NA
NA,"IKBKG",NA
NA,"MFSD9",NA
NA,"ACTR3",NA
NA,"PTH2R",NA
NA,"GSDMC",NA
NA,"H3F3B",NA
NA,"ERF",NA
NA,"TICAM1",NA
NA,"PNPLA5",NA
NA,"AKR1D1",NA
NA,"VPS16",NA
NA,"CPOX",NA
NA,"FLJ42280",NA
NA,"ADAM32",NA
NA,"ZNF239",NA
NA,"SPCS2",NA
NA,"B3GNT9",NA
NA,"NCL",NA
NA,"ENTHD1",NA
NA,"PRR18",NA
NA,"PIM1",NA
NA,"RFK",NA
NA,"DEAF1",NA
NA,"NAB2",NA
NA,"EPX",NA
NA,"RSPO4",NA
NA,"OCIAD1",NA
NA,"DPYSL4",NA
NA,"CHKA",NA
NA,"LOC283104",NA
NA,"LOC374491",NA
NA,"ZNF689",NA
NA,"C3orf55",NA
NA,"CAPN11",NA
NA,"CERS2",NA
NA,"CLDN15",NA
NA,"CLPTM1",NA
NA,"POLE3",NA
NA,"WNT2B",NA
NA,"HSPA8",NA
NA,"TSKU",NA
NA,"SH3GL1",NA
NA,"FBXO48",NA
NA,"LOC100507462",NA
NA,"NPTX2",NA
NA,"BTG2",NA
NA,"MMP13",NA
NA,"POLDIP2",NA
NA,"PRKACA",NA
NA,"ZBTB9",NA
NA,"IER5L",NA
NA,"TDGF1P3",NA
NA,"ZC3H12A",NA
NA,"DCN",NA
NA,"MGAT2",NA
NA,"LOC652276",NA
NA,"FGF11",NA
NA,"ZNF155",NA
NA,"PCDHB8",NA
NA,"RIOK1",NA
NA,"GALNT11",NA
NA,"ISL1",NA
NA,"FOLH1",NA
NA,"MKRN3",NA
NA,"MOCOS",NA
NA,"NMD3",NA
NA,"CD180",NA
NA,"ATF6B",NA
NA,"ANXA11",NA
NA,"GLT1D1",NA
NA,"PLA2G2F",NA
NA,"C1orf38",NA
NA,"CHST1",NA
NA,"ABCC6P1",NA
NA,"EPS8L1",NA
NA,"AGER",NA
NA,"CCNE2",NA
NA,"FLJ23867",NA
NA,"DNTTIP2",NA
NA,"PLA2G4B",NA
NA,"FAM185A",NA
NA,"FAM188B",NA
NA,"VENTXP1",NA
NA,"C10orf32-AS3MT",NA
NA,"NR1H4",NA
NA,"MMD",NA
NA,"EMR4P",NA
NA,"CYS1",NA
NA,"LOC286370",NA
NA,"PRPS2",NA
NA,"MTMR1",NA
NA,"PRMT3",NA
NA,"DHRS12",NA
NA,"EGLN3",NA
NA,"PLA2G15",NA
NA,"B3GNT3",NA
NA,"C3orf21",NA
NA,"RNF214",NA
NA,"DBX2",NA
NA,"VIL1",NA
NA,"PGGT1B",NA
NA,"MAN1B1",NA
NA,"CDCP2",NA
NA,"TNFSF11",NA
NA,"AIFM3",NA
NA,"SH3GL2",NA
NA,"ATP5E",NA
NA,"KRTAP19-1",NA
NA,"CCDC82",NA
NA,"LOC100505746",NA
NA,"SLC44A4",NA
NA,"AKIRIN1",NA
NA,"ZAP70",NA
NA,"PRPF4",NA
NA,"GLYAT",NA
NA,"SCYL1",NA
NA,"CECR7",NA
NA,"CNOT10",NA
NA,"GPS1",NA
NA,"PLD3",NA
NA,"ACO2",NA
NA,"SUV39H1",NA
NA,"TBX22",NA
NA,"C4orf32",NA
NA,"FOXD4L6",NA
NA,"TCTN3",NA
NA,"CLEC7A",NA
NA,"LOC100507463",NA
NA,"GALNT12",NA
NA,"TMEM185A",NA
NA,"ZNF225",NA
NA,"ZBTB22",NA
NA,"LOC100287559",NA
NA,"ABCG5",NA
NA,"PCDHB2",NA
NA,"EPDR1",NA
NA,"C20orf197",NA
NA,"SCARB1",NA
NA,"PCID2",NA
NA,"F2RL3",NA
NA,"CAPZA1",NA
NA,"FLJ37453",NA
NA,"C1orf86",NA
NA,"C15orf29",NA
NA,"EOMES",NA
NA,"FAM104B",NA
NA,"LOC283177",NA
NA,"TUBD1",NA
NA,"SOCS3",NA
NA,"FAM129C",NA
NA,"THOC5",NA
NA,"GARS",NA
NA,"LOC401010",NA
NA,"LOC100128338",NA
NA,"RNF121",NA
NA,"C16orf7",NA
NA,"CYB5D2",NA
NA,"CEP78",NA
NA,"CCDC3",NA
NA,"ERCC3",NA
NA,"PPP2R5B",NA
NA,"LOC100506195",NA
NA,"APEH",NA
NA,"LOC730227",NA
NA,"MTFMT",NA
NA,"CLK3",NA
NA,"ZNF19",NA
NA,"STAT4",NA
NA,"FAM98A",NA
NA,"LOC284551",NA
NA,"TRIM8",NA
NA,"ADAP2",NA
NA,"ARHGAP22",NA
NA,"COPS7A",NA
NA,"CHRM3",NA
NA,"OR2C3",NA
NA,"ZNF583",NA
NA,"YY2",NA
NA,"MARCH8",NA
NA,"GRAMD1B",NA
NA,"DOK4",NA
NA,"RGS9",NA
NA,"FAM20C",NA
NA,"PPAPDC1B",NA
NA,"HS3ST5",NA
NA,"HMGA1",NA
NA,"RASEF",NA
NA,"CALHM2",NA
NA,"SETD8",NA
NA,"DTWD1",NA
NA,"RPH3AL",NA
NA,"ZNF154",NA
NA,"TMEM139",NA
NA,"DKFZP586I1420",NA
NA,"NEU3",NA
NA,"VPS37B",NA
NA,"C14orf39",NA
NA,"TAT",NA
NA,"BRP44",NA
NA,"COQ7",NA
NA,"SLC25A26",NA
NA,"TMEM167B",NA
NA,"B4GALT3",NA
NA,"TFDP1",NA
NA,"MAP4K1",NA
NA,"C19orf54",NA
NA,"B3GNT2",NA
NA,"ENTPD6",NA
NA,"LOC285758",NA
NA,"C1orf127",NA
NA,"MIER2",NA
NA,"MEIS3",NA
NA,"DOK7",NA
NA,"ZFP37",NA
NA,"DBH",NA
NA,"C16orf58",NA
NA,"EXOC3",NA
NA,"IFT74",NA
NA,"CCDC107",NA
NA,"ZC4H2",NA
NA,"PRAMEF15",NA
NA,"RBCK1",NA
NA,"CD80",NA
NA,"PA2G4P4",NA
NA,"FLJ31662",NA
NA,"CDRT1",NA
NA,"EPS15L1",NA
NA,"LOC90246",NA
NA,"CAV3",NA
NA,"VAT1",NA
NA,"ABRA",NA
NA,"TMEM62",NA
NA,"TGM5",NA
NA,"ALOX12P2",NA
NA,"DYRK1B",NA
NA,"FAP",NA
NA,"ITGB7",NA
NA,"SKOR1",NA
NA,"FAM204A",NA
NA,"DLEU2",NA
NA,"SMARCD2",NA
NA,"MKRN2",NA
NA,"NAP1L3",NA
NA,"FGR",NA
NA,"RCCD1",NA
NA,"ZNF18",NA
NA,"ARSG",NA
NA,"IQCJ",NA
NA,"DNAJB14",NA
NA,"C5orf28",NA
NA,"GCM1",NA
NA,"CRK",NA
NA,"ZCCHC3",NA
NA,"METAP1",NA
NA,"YKT6",NA
NA,"LRRC56",NA
NA,"KCNG4",NA
NA,"SGSH",NA
NA,"SLC9A3",NA
NA,"PEX3",NA
NA,"INMT",NA
NA,"NCRNA00245",NA
NA,"BORA",NA
NA,"SLC38A7",NA
NA,"FRZB",NA
NA,"C9orf96",NA
NA,"PRPF38A",NA
NA,"HSP90B1",NA
NA,"TGM1",NA
NA,"NR1D1",NA
NA,"FAM120AOS",NA
NA,"PANX1",NA
NA,"FLJ34690",NA
NA,"RHO",NA
NA,"AGAP6",NA
NA,"FSHR",NA
NA,"SLCO4A1",NA
NA,"TACC3",NA
NA,"TOR1B",NA
NA,"ZNF366",NA
NA,"PLAU",NA
NA,"NEK3",NA
NA,"MKKS",NA
NA,"P2RY13",NA
NA,"TCEA1",NA
NA,"LOC100129055",NA
NA,"HSPA2",NA
NA,"SLC13A2",NA
NA,"KCNMB2",NA
NA,"VILL",NA
NA,"MAB21L2",NA
NA,"FBXL4",NA
NA,"ADSS",NA
NA,"ZNF720",NA
NA,"ZNF563",NA
NA,"SCARNA5",NA
NA,"C12orf49",NA
NA,"DNAJC15",NA
NA,"LOC100506874",NA
NA,"ZNF547",NA
NA,"MRPS27",NA
NA,"NRIP2",NA
NA,"PLK2",NA
NA,"SLCO1B1",NA
NA,"SDR42E1",NA
NA,"ZNF835",NA
NA,"DENND1C",NA
NA,"TSPAN33",NA
NA,"FSCN1",NA
NA,"PAMR1",NA
NA,"MAZ",NA
NA,"TMPRSS11D",NA
NA,"ANKRD46",NA
NA,"DHCR7",NA
NA,"TF",NA
NA,"LTF",NA
NA,"MICU1",NA
NA,"GABRA3",NA
NA,"APOBEC4",NA
NA,"NAGLU",NA
NA,"KANK3",NA
NA,"LOC284576",NA
NA,"PCK2",NA
NA,"VIPR1",NA
NA,"GUCY2E",NA
NA,"GPR35",NA
NA,"KRT74",NA
NA,"SLC25A35",NA
NA,"SAE1",NA
NA,"ICA1",NA
NA,"CCL15",NA
NA,"ASCC1",NA
NA,"C12orf40",NA
NA,"HOXC4",NA
NA,"PLA2G4C",NA
NA,"MYLK2",NA
NA,"RBPJ",NA
NA,"NOC2L",NA
NA,"RNASEH2C",NA
NA,"SELPLG",NA
NA,"SLC15A4",NA
NA,"C17orf76",NA
NA,"C22orf39",NA
NA,"EXOSC10",NA
NA,"LOC728855",NA
NA,"GALR1",NA
NA,"ENTPD3",NA
NA,"PCDHB14",NA
NA,"FAM90A14",NA
NA,"MCOLN3",NA
NA,"RAB18",NA
NA,"TAF3",NA
NA,"OR51E2",NA
NA,"ZNF396",NA
NA,"LOC100009676",NA
NA,"LOC401242",NA
NA,"ZCCHC4",NA
NA,"RPL36A",NA
NA,"RNF26",NA
NA,"STT3A",NA
NA,"C12orf59",NA
NA,"RXFP2",NA
NA,"ZSWIM1",NA
NA,"DPY19L2P3",NA
NA,"C9orf66",NA
NA,"LINGO2",NA
NA,"GPA33",NA
NA,"ARHGEF25",NA
NA,"CCNDBP1",NA
NA,"NKIRAS2",NA
NA,"TMEM106A",NA
NA,"SIGMAR1",NA
NA,"TCTN1",NA
NA,"LOC339298",NA
NA,"TGFBI",NA
NA,"FOXR2",NA
NA,"TAS1R1",NA
NA,"ARMC3",NA
NA,"AICDA",NA
NA,"ZNF44",NA
NA,"ZNF302",NA
NA,"MUSTN1",NA
NA,"ADAM20",NA
NA,"ZNF93",NA
NA,"PRR23C",NA
NA,"CCNA2",NA
NA,"RBM28",NA
NA,"B3GALT6",NA
NA,"CD244",NA
NA,"LOC100287216",NA
NA,"MEST",NA
NA,"ZNF560",NA
NA,"HAR1A",NA
NA,"CHODL",NA
NA,"TBX1",NA
NA,"RACGAP1P",NA
NA,"REC8",NA
NA,"SPATA5L1",NA
NA,"TRPV2",NA
NA,"ACTBL2",NA
NA,"USP26",NA
NA,"HDGF",NA
NA,"CAMK1D",NA
NA,"LOC285441",NA
NA,"ZNF138",NA
NA,"F9",NA
NA,"RP11-165H20.1",NA
NA,"SLC39A12",NA
NA,"GSG2",NA
NA,"SIRT2",NA
NA,"IL36RN",NA
NA,"TFB1M",NA
NA,"SRCRB4D",NA
NA,"PKP3",NA
NA,"CLN5",NA
NA,"PNPLA3",NA
NA,"BBS2",NA
NA,"FAM131A",NA
NA,"CEP55",NA
NA,"COL9A2",NA
NA,"LOC441617",NA
NA,"EMP1",NA
NA,"FBRS",NA
NA,"HSPC072",NA
NA,"DEFB128",NA
NA,"CDCA7",NA
NA,"TKTL2",NA
NA,"PDGFA",NA
NA,"ASB13",NA
NA,"FSIP1",NA
NA,"ARID3A",NA
NA,"FAM149A",NA
NA,"VPS45",NA
NA,"SSRP1",NA
NA,"CCDC144NL",NA
NA,"GPAT2",NA
NA,"TECRL",NA
NA,"TSC22D3",NA
NA,"IL23R",NA
NA,"COG4",NA
NA,"SLFNL1",NA
NA,"VASN",NA
NA,"AURKA",NA
NA,"C5orf54",NA
NA,"ZNF212",NA
NA,"RALA",NA
NA,"GLIS1",NA
NA,"SLC43A3",NA
NA,"GPR162",NA
NA,"C19orf28",NA
NA,"LAIR1",NA
NA,"MAFF",NA
NA,"CLGN",NA
NA,"CPA4",NA
NA,"NCRNA00087",NA
NA,"ZNF382",NA
NA,"GMPR2",NA
NA,"CHURC1-FNTB",NA
NA,"SFT2D3",NA
NA,"DPPA4",NA
NA,"FBXO36",NA
NA,"MLF1",NA
NA,"WRNIP1",NA
NA,"TOX2",NA
NA,"PRAMEF5",NA
NA,"LOC100132987",NA
NA,"WSB2",NA
NA,"GPR176",NA
NA,"COMT",NA
NA,"TBX19",NA
NA,"CCDC13",NA
NA,"FAM175A",NA
NA,"POU6F2",NA
NA,"ZNF815",NA
NA,"MPP3",NA
NA,"STK3",NA
NA,"MSTN",NA
NA,"PRKCD",NA
NA,"IP6K3",NA
NA,"MAL2",NA
NA,"GIPC2",NA
NA,"TUT1",NA
NA,"DUSP6",NA
NA,"P2RX6",NA
NA,"ARFGAP3",NA
NA,"PRMT10",NA
NA,"RFWD2",NA
NA,"CFHR5",NA
NA,"KATNAL2",NA
NA,"EPOR",NA
NA,"PID1",NA
NA,"KIAA1191",NA
NA,"HBP1",NA
NA,"SF3A3",NA
NA,"ZNF442",NA
NA,"GPR39",NA
NA,"C20orf151",NA
NA,"SRPRB",NA
NA,"GPR61",NA
NA,"KIAA2013",NA
NA,"ANKRD16",NA
NA,"PLBD2",NA
NA,"NOP2",NA
NA,"ZNF491",NA
NA,"PTTG1IP",NA
NA,"INTS9",NA
NA,"CHRM1",NA
NA,"ME3",NA
NA,"MGC23284",NA
NA,"TSPYL2",NA
NA,"RFXAP",NA
NA,"TNK1",NA
NA,"CSNK2A1",NA
NA,"GOLIM4",NA
NA,"TMEM41A",NA
NA,"RHD",NA
NA,"EED",NA
NA,"NCRNA00341",NA
NA,"PRSS36",NA
NA,"WSB1",NA
NA,"C17orf53",NA
NA,"ARHGAP40",NA
NA,"P4HA2",NA
NA,"TMEM180",NA
NA,"ZNF573",NA
NA,"FEZF1",NA
NA,"C16orf70",NA
NA,"NUDT16P1",NA
NA,"CAPZB",NA
NA,"PYGL",NA
NA,"CABYR",NA
NA,"INSM1",NA
NA,"GAS1",NA
NA,"CTAGE7P",NA
NA,"BEGAIN",NA
NA,"SULT1A1",NA
NA,"SRFBP1",NA
NA,"LAD1",NA
NA,"COX16",NA
NA,"KRT38",NA
NA,"ZNF844",NA
NA,"DACT3",NA
NA,"ZNF274",NA
NA,"GHRLOS",NA
NA,"P2RY14",NA
NA,"FAM53A",NA
NA,"KCNJ1",NA
NA,"GGNBP2",NA
NA,"TARS",NA
NA,"ATG4C",NA
NA,"HTR3A",NA
NA,"SLC35F5",NA
NA,"FCGR3A",NA
NA,"ZNF133",NA
NA,"PAX1",NA
NA,"OXSM",NA
NA,"TMEM129",NA
NA,"HTR1D",NA
NA,"NOL12",NA
NA,"RFESD",NA
NA,"RSPH4A",NA
NA,"AAGAB",NA
NA,"ASB3",NA
NA,"RTKN",NA
NA,"METTL19",NA
NA,"CXorf48",NA
NA,"ACTN3",NA
NA,"TROAP",NA
NA,"METTL21B",NA
NA,"EPB42",NA
NA,"GALNTL6",NA
NA,"RAB34",NA
NA,"SHQ1",NA
NA,"LOC286135",NA
NA,"NTRK1",NA
NA,"GJB4",NA
NA,"C14orf119",NA
NA,"FXC1",NA
NA,"ADAM1",NA
NA,"LOC641467",NA
NA,"TJP3",NA
NA,"CENPB",NA
NA,"KLHL34",NA
NA,"PHEX",NA
NA,"DCAF4",NA
NA,"ANO10",NA
NA,"TRIM55",NA
NA,"URM1",NA
NA,"ZWINT",NA
NA,"GPRC5B",NA
NA,"FAM192A",NA
NA,"ECEL1",NA
NA,"CCDC121",NA
NA,"FRK",NA
NA,"EFHB",NA
NA,"RBM24",NA
NA,"LZTS2",NA
NA,"C15orf23",NA
NA,"CSK",NA
NA,"SMCR5",NA
NA,"NEK8",NA
NA,"PLEK",NA
NA,"C9orf69",NA
NA,"CDH20",NA
NA,"BTN1A1",NA
NA,"TTC39A",NA
NA,"ARNTL",NA
NA,"CDH15",NA
NA,"ADAMTSL5",NA
NA,"ZNF790",NA
NA,"MUC7",NA
NA,"PABPC1",NA
NA,"CXorf30",NA
NA,"GSPT2",NA
NA,"SDHC",NA
NA,"MMACHC",NA
NA,"LCMT2",NA
NA,"PDCD7",NA
NA,"ZNF233",NA
NA,"C19orf21",NA
NA,"NGLY1",NA
NA,"BAALC",NA
NA,"ACER2",NA
NA,"SLC6A5",NA
NA,"SLC39A13",NA
NA,"GPRC5A",NA
NA,"CHST10",NA
NA,"TLR1",NA
NA,"SYNE1",NA
NA,"CHRFAM7A",NA
NA,"XKRX",NA
NA,"AKT1S1",NA
NA,"C2orf43",NA
NA,"SLC30A10",NA
NA,"HSF4",NA
NA,"TES",NA
NA,"CRAT",NA
NA,"ENO4",NA
NA,"NARS",NA
NA,"SEPT5-GP1BB",NA
NA,"LOC202181",NA
NA,"GRIK4",NA
NA,"ANO9",NA
NA,"P2RX1",NA
NA,"KRT42P",NA
NA,"CD200R1",NA
NA,"PRSS16",NA
NA,"GPNMB",NA
NA,"LRRIQ3",NA
NA,"C10orf103",NA
NA,"AP1G2",NA
NA,"PRPF39",NA
NA,"IL12RB1",NA
NA,"GPRC6A",NA
NA,"NBL1",NA
NA,"AASDHPPT",NA
NA,"RFC3",NA
NA,"MEIS3P1",NA
NA,"C17orf69",NA
NA,"CLDN11",NA
NA,"KDELR2",NA
NA,"ANAPC5",NA
NA,"PTGR2",NA
NA,"NPHP1",NA
NA,"ALPP",NA
NA,"ACOX3",NA
NA,"LOC100506795",NA
NA,"ALOX15B",NA
NA,"CEP76",NA
NA,"PNPLA1",NA
NA,"POLR2E",NA
NA,"RDH13",NA
NA,"TFAP2C",NA
NA,"SOX10",NA
NA,"LOC100506994",NA
NA,"UBE2D2",NA
NA,"KIF2C",NA
NA,"LOC283335",NA
NA,"PARP15",NA
NA,"EXD3",NA
NA,"RSRC2",NA
NA,"ZNF627",NA
NA,"DEK",NA
NA,"ADRB1",NA
NA,"LGR5",NA
NA,"PIGS",NA
NA,"ZNF700",NA
NA,"VAV1",NA
NA,"FASTKD5",NA
NA,"ACTR1A",NA
NA,"NCRNA00167",NA
NA,"FAM19A5",NA
NA,"ASCC2",NA
NA,"FUBP1",NA
NA,"SSH3",NA
NA,"KCNA5",NA
NA,"MUC13",NA
NA,"SLC26A5",NA
NA,"DCUN1D3",NA
NA,"AOC2",NA
NA,"PALM",NA
NA,"DSN1",NA
NA,"SMOX",NA
NA,"RXRB",NA
NA,"LOC285370",NA
NA,"CCDC112",NA
NA,"FAM114A2",NA
NA,"C12orf29",NA
NA,"NDNF",NA
NA,"LOC340544",NA
NA,"CDK11B",NA
NA,"GPD1",NA
NA,"TYRP1",NA
NA,"MUC1",NA
NA,"CNOT3",NA
NA,"CYP7A1",NA
NA,"ARX",NA
NA,"LOC100506421",NA
NA,"C5orf53",NA
NA,"TTC16",NA
NA,"PIGC",NA
NA,"SELL",NA
NA,"SF3B2",NA
NA,"MFAP5",NA
NA,"GPC5",NA
NA,"LOC284233",NA
NA,"GPR144",NA
NA,"CENPL",NA
NA,"LOC643650",NA
NA,"FKBP10",NA
NA,"SLC26A3",NA
NA,"C7orf29",NA
NA,"RGL4",NA
NA,"TTLL2",NA
NA,"TRIM39",NA
NA,"C9orf7",NA
NA,"ADPRHL1",NA
NA,"POLN",NA
NA,"FAM5C",NA
NA,"C1S",NA
NA,"LOC147804",NA
NA,"LOC100507495",NA
NA,"ASH2L",NA
NA,"LYSMD4",NA
NA,"MMEL1",NA
NA,"GOLGA5",NA
NA,"SLFN14",NA
NA,"SLC13A4",NA
NA,"LGI4",NA
NA,"CSNK1E",NA
NA,"TRPV6",NA
NA,"SLC39A4",NA
NA,"BSCL2",NA
NA,"ILDR1",NA
NA,"C1orf180",NA
NA,"CHAT",NA
NA,"SLC22A20",NA
NA,"CES4A",NA
NA,"F2RL1",NA
NA,"APOL2",NA
NA,"EIF2B5",NA
NA,"LPP-AS2",NA
NA,"LOC92249",NA
NA,"SLC35F3",NA
NA,"LOC100506433",NA
NA,"TXNL4B",NA
NA,"FAM104A",NA
NA,"NLE1",NA
NA,"KLF16",NA
NA,"LOC348840",NA
NA,"SLC16A10",NA
NA,"SHISA2",NA
NA,"EHD4",NA
NA,"KCNJ3",NA
NA,"C5orf43",NA
NA,"LOC100506050",NA
NA,"PIAS3",NA
NA,"NEK5",NA
NA,"DDX19A",NA
NA,"HSPB7",NA
NA,"ARHGEF16",NA
NA,"GOLGA7B",NA
NA,"CBLN2",NA
NA,"UBA52",NA
NA,"CCDC110",NA
NA,"LOC729678",NA
NA,"DEFA10P",NA
NA,"IFI16",NA
NA,"RAG2",NA
NA,"SERINC3",NA
NA,"IL22RA2",NA
NA,"ATAD3A",NA
NA,"NKX2-1",NA
NA,"ACCN4",NA
NA,"TRIM16",NA
NA,"CSNK1G2",NA
NA,"ARL6IP6",NA
NA,"KIAA1586",NA
NA,"CDC14C",NA
NA,"EMX2",NA
NA,"CCDC135",NA
NA,"RGS9BP",NA
NA,"EBF4",NA
NA,"ZBP1",NA
NA,"RCAN1",NA
NA,"PNPLA4",NA
NA,"LOC574538",NA
NA,"MARS",NA
NA,"KCTD19",NA
NA,"TRAF4",NA
NA,"SLC39A11",NA
NA,"DAGLB",NA
NA,"KCNJ5",NA
NA,"TBXAS1",NA
NA,"NCRNA00032",NA
NA,"AGTR2",NA
NA,"ZBTB17",NA
NA,"NR4A1",NA
NA,"C6orf27",NA
NA,"EPC1",NA
NA,"AP1AR",NA
NA,"NOP14",NA
NA,"A2LD1",NA
NA,"DLST",NA
NA,"SIRPB2",NA
NA,"TXK",NA
NA,"MIR548X",NA
NA,"MIR548AD",NA
NA,"ZNF670-ZNF695",NA
NA,"SPINK14",NA
NA,"OLFML1",NA
NA,"LOC285819",NA
NA,"GFI1",NA
NA,"C14orf28",NA
NA,"AKAP10",NA
NA,"CYP2B7P1",NA
NA,"OSCAR",NA
NA,"PSMD2",NA
NA,"HERPUD2",NA
NA,"PPP1R12C",NA
NA,"CD55",NA
NA,"TXNRD3",NA
NA,"STK19",NA
NA,"CYP3A4",NA
NA,"FAM163A",NA
NA,"LMO2",NA
NA,"ANKS4B",NA
NA,"TMEM92",NA
NA,"PCDHB5",NA
NA,"NR2E3",NA
NA,"PBLD",NA
NA,"MAB21L1",NA
NA,"UBE2Q2P2",NA
NA,"TCF7L1",NA
NA,"KCNN2",NA
NA,"NBPF9",NA
NA,"GALNT9",NA
NA,"XKR7",NA
NA,"LOC158696",NA
NA,"GPR44",NA
NA,"LRRC59",NA
NA,"CCDC102B",NA
NA,"MED16",NA
NA,"C7orf65",NA
NA,"DVL1",NA
NA,"ADCK3",NA
NA,"CCDC81",NA
NA,"SLC29A1",NA
NA,"AGK",NA
NA,"TRIM34",NA
NA,"HIGD1C",NA
NA,"MT4",NA
NA,"PLA2G4A",NA
NA,"SKA3",NA
NA,"TFIP11",NA
NA,"BDH2",NA
NA,"PHACTR1",NA
NA,"ELK1",NA
NA,"SDF4",NA
NA,"PLEKHM1P",NA
NA,"LOC283688",NA
NA,"WRAP53",NA
NA,"PITPNB",NA
NA,"LOC100506895",NA
NA,"CCDC87",NA
NA,"SLC15A5",NA
NA,"OLFM4",NA
NA,"FAM164C",NA
NA,"STON2",NA
NA,"CD86",NA
NA,"COL25A1",NA
NA,"ADORA1",NA
NA,"NKAIN1",NA
NA,"KCNK7",NA
NA,"CD69",NA
NA,"CCL22",NA
NA,"RASD1",NA
NA,"MEP1A",NA
NA,"LOC286467",NA
NA,"SULT1C2",NA
NA,"DBNDD2",NA
NA,"FOXL2",NA
NA,"LPAR5",NA
NA,"FUT3",NA
NA,"SPAG16",NA
NA,"ABCC13",NA
NA,"NCSTN",NA
NA,"PELO",NA
NA,"NXPH1",NA
NA,"TXNIP",NA
NA,"ALDH3B1",NA
NA,"FLJ44054",NA
NA,"LITAF",NA
NA,"STON1-GTF2A1L",NA
NA,"LOC157627",NA
NA,"KRTAP22-2",NA
NA,"GMEB1",NA
NA,"COG7",NA
NA,"ANKRD56",NA
NA,"SPRYD3",NA
NA,"SLC6A16",NA
NA,"IL1A",NA
NA,"PES1",NA
NA,"PPEF1",NA
NA,"INPP5A",NA
NA,"POTEKP",NA
NA,"GMCL1L",NA
NA,"MAP4K2",NA
NA,"MTA1",NA
NA,"HKR1",NA
NA,"TRPC7",NA
NA,"CMPK1",NA
NA,"GLB1L3",NA
NA,"EXD1",NA
NA,"FAM83G",NA
NA,"LOC100506599",NA
NA,"CTSO",NA
NA,"DPH5",NA
NA,"LDLRAP1",NA
NA,"LOC100287616",NA
NA,"ZNF749",NA
NA,"ERGIC1",NA
NA,"KCNV1",NA
NA,"POU3F1",NA
NA,"CYP11B2",NA
NA,"DAPP1",NA
NA,"C4orf42",NA
NA,"PREP",NA
NA,"BRAF",NA
NA,"KLF4",NA
NA,"LOC146336",NA
NA,"GTPBP5",NA
NA,"C6orf155",NA
NA,"RNF103-VPS24",NA
NA,"PYDC2",NA
NA,"LRRC40",NA
NA,"LINGO1",NA
NA,"KCTD18",NA
NA,"FER",NA
NA,"MICA",NA
NA,"LOC100506207",NA
NA,"C9orf172",NA
NA,"KIAA0907",NA
NA,"ZNF143",NA
NA,"GDE1",NA
NA,"ZNF676",NA
NA,"VPS52",NA
NA,"C7orf52",NA
NA,"ZNF672",NA
NA,"C1orf216",NA
NA,"ZW10",NA
NA,"NDUFA11",NA
NA,"SLC35C2",NA
NA,"KCNIP2",NA
NA,"HERC2P9",NA
NA,"CRLF3",NA
NA,"ARRDC2",NA
NA,"SLC35A5",NA
NA,"IMPDH1",NA
NA,"VWA2",NA
NA,"MLH1",NA
NA,"HNRNPR",NA
NA,"MSI1",NA
NA,"LBH",NA
NA,"ZBTB49",NA
NA,"CPZ",NA
NA,"G3BP1",NA
NA,"ZNF816",NA
NA,"GTDC1",NA
NA,"APBB1",NA
NA,"TMC6",NA
NA,"CYHR1",NA
NA,"LRRC41",NA
NA,"C10orf67",NA
NA,"PDE1A",NA
NA,"DACT2",NA
NA,"ZBED6",NA
NA,"RAB35",NA
NA,"DDX24",NA
NA,"ITFG3",NA
NA,"LRRC68",NA
NA,"ENPP5",NA
NA,"VOPP1",NA
NA,"C9orf128",NA
NA,"PTGDR",NA
NA,"ARC",NA
NA,"SLC18A1",NA
NA,"MCU",NA
NA,"LRMP",NA
NA,"NEU4",NA
NA,"TAP1",NA
NA,"SIGLEC8",NA
NA,"TRIM28",NA
NA,"PDIA4",NA
NA,"DPP3",NA
NA,"ACTG1",NA
NA,"PCDP1",NA
NA,"NEUROD1",NA
NA,"PFKP",NA
NA,"ZNF564",NA
NA,"HTR3D",NA
NA,"ZNF80",NA
NA,"GUCY1A2",NA
NA,"LOC613038",NA
NA,"OTX1",NA
NA,"ASAH1",NA
NA,"MUSK",NA
NA,"PDE6C",NA
NA,"MX2",NA
NA,"PAPL",NA
NA,"TMEM39A",NA
NA,"ACSM2A",NA
NA,"C3orf19",NA
NA,"STBD1",NA
NA,"HGS",NA
NA,"FLJ33630",NA
NA,"TERF1",NA
NA,"RNF166",NA
NA,"CDCA7L",NA
NA,"MKNK1",NA
NA,"POU2F3",NA
NA,"CARM1",NA
NA,"LPPR2",NA
NA,"STAC",NA
NA,"RNF13",NA
NA,"LRRC4B",NA
NA,"LOC100131208",NA
NA,"TRIP13",NA
NA,"IL22RA1",NA
NA,"GUCY2GP",NA
NA,"LOC100505583",NA
NA,"NPY1R",NA
NA,"PMS2",NA
NA,"ZCCHC16",NA
NA,"WARS",NA
NA,"LTB4R2",NA
NA,"TERF2",NA
NA,"SLC4A1AP",NA
NA,"TSLP",NA
NA,"GPR37",NA
NA,"MAGED1",NA
NA,"EXTL2",NA
NA,"EPHX3",NA
NA,"NOSTRIN",NA
NA,"CCBP2",NA
NA,"TMCO4",NA
NA,"PLEKHB1",NA
NA,"LILRB2",NA
NA,"PLOD3",NA
NA,"C11orf68",NA
NA,"C12orf11",NA
NA,"ZNF14",NA
NA,"KCNE4",NA
NA,"RABL2B",NA
NA,"HSF2",NA
NA,"LOC643623",NA
NA,"FUNDC2",NA
NA,"DEFB4B",NA
NA,"CAP1",NA
NA,"SLC24A6",NA
NA,"DNAAF2",NA
NA,"EN1",NA
NA,"C21orf58",NA
NA,"C2",NA
NA,"PPAPDC2",NA
NA,"SLC25A6",NA
NA,"LDHAL6A",NA
NA,"C12orf12",NA
NA,"PRSS30P",NA
NA,"ZNF530",NA
NA,"RNF149",NA
NA,"TRIM27",NA
NA,"RINT1",NA
NA,"SSTR2",NA
NA,"LDLRAD3",NA
NA,"TMEM184C",NA
NA,"EDIL3",NA
NA,"GPR22",NA
NA,"PLEKHF2",NA
NA,"SURF4",NA
NA,"LOC730102",NA
NA,"GGPS1",NA
NA,"NUDT19",NA
NA,"SLC17A7",NA
NA,"TIGIT",NA
NA,"GPKOW",NA
NA,"CS",NA
NA,"AIPL1",NA
NA,"FBXO42",NA
NA,"LPO",NA
NA,"C17orf55",NA
NA,"HNRNPA0",NA
NA,"C5orf64",NA
NA,"LOC286177",NA
NA,"HMGB4",NA
NA,"LILRB3",NA
NA,"EWSR1",NA
NA,"SGSM3",NA
NA,"GTPBP2",NA
NA,"SFRP4",NA
NA,"WNT3A",NA
NA,"COMMD9",NA
NA,"ZNF420",NA
NA,"FLJ39582",NA
NA,"VSIG4",NA
NA,"PRUNE",NA
NA,"KDM4D",NA
NA,"PSPC1",NA
NA,"ZSWIM3",NA
NA,"RASD2",NA
NA,"IQCG",NA
NA,"UBXN10",NA
NA,"C1orf115",NA
NA,"FXR2",NA
NA,"CTAGE10P",NA
NA,"WBP11P1",NA
NA,"ZNF766",NA
NA,"AMIGO3",NA
NA,"RRAS2",NA
NA,"FBXO3",NA
NA,"ZBTB3",NA
NA,"ZIC2",NA
NA,"SLC36A3",NA
NA,"SLC39A7",NA
NA,"AGBL4",NA
NA,"RHBDF1",NA
NA,"IL1RAPL2",NA
NA,"BRCC3",NA
NA,"CARS",NA
NA,"AVIL",NA
NA,"CABP7",NA
NA,"HCAR1",NA
NA,"C18orf45",NA
NA,"ATG4B",NA
NA,"ARL8B",NA
NA,"TEAD3",NA
NA,"SQLE",NA
NA,"ELMOD1",NA
NA,"HTATIP2",NA
NA,"SUSD1",NA
NA,"MOBKL2C",NA
NA,"LOC145845",NA
NA,"CCDC57",NA
NA,"SYNPR",NA
NA,"SFXN1",NA
NA,"LOC100288413",NA
NA,"LOC100129520",NA
NA,"NVL",NA
NA,"FMOD",NA
NA,"FAM175B",NA
NA,"COCH",NA
NA,"ISM2",NA
NA,"PRKAR1B",NA
NA,"SCML1",NA
NA,"RCSD1",NA
NA,"WDR63",NA
NA,"STYK1",NA
NA,"CMPK2",NA
NA,"BACE2",NA
NA,"CDC5L",NA
NA,"TGM4",NA
NA,"NPY6R",NA
NA,"EEF1E1-MUTED",NA
NA,"XG",NA
NA,"LOC643542",NA
NA,"KRI1",NA
NA,"IWS1",NA
NA,"ALG2",NA
NA,"CHD1L",NA
NA,"SLC43A2",NA
NA,"FBXO46",NA
NA,"FAM178B",NA
NA,"C5orf4",NA
NA,"CTNNBIP1",NA
NA,"BCO2",NA
NA,"FASTKD1",NA
NA,"TRAPPC2",NA
NA,"VSX2",NA
NA,"KLHDC7B",NA
NA,"ADAM30",NA
NA,"KBTBD7",NA
NA,"BCKDK",NA
NA,"ICAM5",NA
NA,"ZNF324B",NA
NA,"CCDC157",NA
NA,"LOC100288198",NA
NA,"RPS24",NA
NA,"RFTN1",NA
NA,"GFPT2",NA
NA,"EMID2",NA
NA,"TPM4",NA
NA,"ZNF702P",NA
NA,"OR2H1",NA
NA,"STARD3",NA
NA,"C3orf18",NA
NA,"SPARCL1",NA
NA,"RNF220",NA
NA,"DNAJC24",NA
NA,"MAX",NA
NA,"COX10",NA
NA,"AIDA",NA
NA,"SDAD1",NA
NA,"LOC338758",NA
NA,"MAT2A",NA
NA,"GTF2IRD2P1",NA
NA,"TCP11L1",NA
NA,"LYPD1",NA
NA,"CXCR2",NA
NA,"FANCB",NA
NA,"B4GALNT1",NA
NA,"CHTF8",NA
NA,"ABCB6",NA
NA,"NCRNA00319",NA
NA,"DKFZP434I0714",NA
NA,"BRAT1",NA
NA,"DVL2",NA
NA,"LIMS2",NA
NA,"TMPRSS3",NA
NA,"DHX15",NA
NA,"SLAMF6",NA
NA,"ZNF251",NA
NA,"ESRRB",NA
NA,"CYP2A7",NA
NA,"KLK2",NA
NA,"NHLH2",NA
NA,"FCRL3",NA
NA,"FIBIN",NA
NA,"HNRNPA3P1",NA
NA,"GUCY1B2",NA
NA,"FLJ12334",NA
NA,"PPP3R1",NA
NA,"RANGAP1",NA
NA,"INSC",NA
NA,"ARFGAP2",NA
NA,"ZNF639",NA
NA,"OGFOD1",NA
NA,"EVI2A",NA
NA,"RNPEPL1",NA
NA,"KCNIP3",NA
NA,"C5orf30",NA
NA,"LOC286083",NA
NA,"GSG1",NA
NA,"GAS2L2",NA
NA,"CEACAM22P",NA
NA,"ZNF558",NA
NA,"NDRG3",NA
NA,"ARMCX2",NA
NA,"LOC100329135",NA
NA,"PSTPIP2",NA
NA,"BTN3A3",NA
NA,"EDARADD",NA
NA,"TRIM29",NA
NA,"LOC100131551",NA
NA,"TTC27",NA
NA,"MTIF2",NA
NA,"UBE2L3",NA
NA,"PLOD1",NA
NA,"INSM2",NA
NA,"UBTD2",NA
NA,"ING3",NA
NA,"CRCP",NA
NA,"ARHGEF19",NA
NA,"LOC100128292",NA
NA,"LOC145783",NA
NA,"HNF1B",NA
NA,"ZNF136",NA
NA,"CAP2",NA
NA,"ADAM15",NA
NA,"FGF23",NA
NA,"AKAP3",NA
NA,"POLR1D",NA
NA,"AQP9",NA
NA,"LRRC37B",NA
NA,"LOC100130148",NA
NA,"SPHK1",NA
NA,"ITIH3",NA
NA,"C6orf218",NA
NA,"ACSS3",NA
NA,"HADHA",NA
NA,"CAMKV",NA
NA,"SLC25A32",NA
NA,"GPSM2",NA
NA,"OVOL1",NA
NA,"PELI3",NA
NA,"FGF14",NA
NA,"C3orf74",NA
NA,"PRDM6",NA
NA,"KIAA1539",NA
NA,"ZFP36L1",NA
NA,"COG1",NA
NA,"PIK3R6",NA
NA,"RS1",NA
NA,"PAQR7",NA
NA,"DFFB",NA
NA,"MEG3",NA
NA,"ZNF434",NA
NA,"DCUN1D2",NA
NA,"ASB5",NA
NA,"ALDH1B1",NA
NA,"GPR68",NA
NA,"TMEM214",NA
NA,"ATAD1",NA
NA,"TRIM3",NA
NA,"ADAM23",NA
NA,"PRPH2",NA
NA,"C1QTNF1",NA
NA,"AHSA2",NA
NA,"KCNJ9",NA
NA,"POU2AF1",NA
NA,"SAV1",NA
NA,"MMP28",NA
NA,"LOC400958",NA
NA,"CPN2",NA
NA,"SAGE1",NA
NA,"ASB11",NA
NA,"GBA",NA
NA,"PHOX2B",NA
NA,"MOXD1",NA
NA,"LOC285878",NA
NA,"CLCNKB",NA
NA,"ZNF132",NA
NA,"GTF2E1",NA
NA,"GBP3",NA
NA,"MAGOHB",NA
NA,"PRR5",NA
NA,"BHLHE40",NA
NA,"PCDHB6",NA
NA,"FGD2",NA
NA,"ABHD11",NA
NA,"MCOLN2",NA
NA,"BCL2L2",NA
NA,"NEUROD2",NA
NA,"FKBP7",NA
NA,"C20orf108",NA
NA,"ATP6V1B2",NA
NA,"SDR16C5",NA
NA,"PIGV",NA
NA,"SLC48A1",NA
NA,"OTUD7A",NA
NA,"PDLIM3",NA
NA,"TBL2",NA
NA,"AKNAD1",NA
NA,"RBM39",NA
NA,"GGT1",NA
NA,"SCLT1",NA
NA,"HPGD",NA
NA,"ARHGAP10",NA
NA,"SH3RF2",NA
NA,"CKAP4",NA
NA,"C14orf55",NA
NA,"HOXB13",NA
NA,"COL23A1",NA
NA,"C1orf170",NA
NA,"PKD2L1",NA
NA,"MICALCL",NA
NA,"TXNDC11",NA
NA,"BFAR",NA
NA,"ARMC1",NA
NA,"SCNN1D",NA
NA,"C1orf201",NA
NA,"CHRM5",NA
NA,"TLR3",NA
NA,"ZNF227",NA
NA,"MTBP",NA
NA,"AMT",NA
NA,"GBP1",NA
NA,"DNAJA2",NA
NA,"NCKIPSD",NA
NA,"HSD17B4",NA
NA,"HSP90AA6P",NA
NA,"CPT1C",NA
NA,"SMN1",NA
NA,"PDIA3",NA
NA,"CDC6",NA
NA,"HJURP",NA
NA,"CHST2",NA
NA,"MYCT1",NA
NA,"ACSBG1",NA
NA,"PIK3C3",NA
NA,"ZNF181",NA
NA,"C2orf78",NA
NA,"CYP2B6",NA
NA,"ZNF616",NA
NA,"CCDC34",NA
NA,"CDH4",NA
NA,"NXT2",NA
NA,"BTBD18",NA
NA,"TCEB3B",NA
NA,"ZNF20",NA
NA,"GPR4",NA
NA,"MMP8",NA
NA,"TM9SF1",NA
NA,"SOX8",NA
NA,"FNDC7",NA
NA,"S1PR1",NA
NA,"SORD",NA
NA,"PLEKHH3",NA
NA,"MYD88",NA
NA,"GORASP1",NA
NA,"CARHSP1",NA
NA,"NFKBIB",NA
NA,"SEMA3B",NA
NA,"HK3",NA
NA,"WEE2",NA
NA,"CRTAC1",NA
NA,"MESDC1",NA
NA,"PLIN1",NA
NA,"COPG",NA
NA,"RYK",NA
NA,"MTA2",NA
NA,"TUBGCP4",NA
NA,"IL15",NA
NA,"DAXX",NA
NA,"UBE2A",NA
NA,"LOC389043",NA
NA,"PPM1L",NA
NA,"DENR",NA
NA,"CALHM1",NA
NA,"BANP",NA
NA,"KCTD11",NA
NA,"ELOVL4",NA
NA,"FAM82B",NA
NA,"ZNF26",NA
NA,"PTHLH",NA
NA,"LIG1",NA
NA,"RGPD1",NA
NA,"TICAM2",NA
NA,"TDRD10",NA
NA,"TWF1",NA
NA,"SLC29A4",NA
NA,"CENPBD1",NA
NA,"MALL",NA
NA,"HDAC11",NA
NA,"CCDC36",NA
NA,"BET1",NA
NA,"PRKCZ",NA
NA,"DMBX1",NA
NA,"CXXC1",NA
NA,"BOLL",NA
NA,"DHX32",NA
NA,"PIDD",NA
NA,"CHMP1B",NA
NA,"RFPL2",NA
NA,"UGT2A3",NA
NA,"ZNF140",NA
NA,"BCL2L1",NA
NA,"ZNF501",NA
NA,"FDXACB1",NA
NA,"LOC729178",NA
NA,"GCK",NA
NA,"ANKS3",NA
NA,"AES",NA
NA,"BRSK1",NA
NA,"PDGFC",NA
NA,"SFPQ",NA
NA,"SAR1A",NA
NA,"SIRT3",NA
NA,"RNF222",NA
NA,"PLEKHA4",NA
NA,"ZNF717",NA
NA,"CDH9",NA
NA,"DLGAP5",NA
NA,"IL17RE",NA
NA,"MYLIP",NA
NA,"SLC25A34",NA
NA,"BSDC1",NA
NA,"TESK2",NA
NA,"TTC22",NA
NA,"LOC100507127",NA
NA,"ZNF415",NA
NA,"LOC401431",NA
NA,"ZNF706",NA
NA,"RIBC1",NA
NA,"PROX1",NA
NA,"TBK1",NA
NA,"ZNF346",NA
NA,"ZNF777",NA
NA,"XRCC2",NA
NA,"GCLM",NA
NA,"KCNE3",NA
NA,"DMGDH",NA
NA,"CHTF18",NA
NA,"LOC100131094",NA
NA,"CAPN9",NA
NA,"IFFO1",NA
NA,"MVP",NA
NA,"DEFB116",NA
NA,"STX12",NA
NA,"C12orf48",NA
NA,"LOC440419",NA
NA,"MUTED-TXNDC5",NA
NA,"CLCN1",NA
NA,"RNF11",NA
NA,"C10orf90",NA
NA,"TINF2",NA
NA,"C16orf5",NA
NA,"TIFA",NA
NA,"LOC399715",NA
NA,"CCDC64",NA
NA,"MAD1L1",NA
NA,"PRF1",NA
NA,"TMCO3",NA
NA,"SLC37A1",NA
NA,"CASP7",NA
NA,"OS9",NA
NA,"C14orf37",NA
NA,"DTX2",NA
NA,"FRA10AC1",NA
NA,"EML2",NA
NA,"CYYR1",NA
NA,"ARHGAP36",NA
NA,"RAB6C",NA
NA,"G6PC2",NA
NA,"FAM95B1",NA
NA,"HELLS",NA
NA,"VAC14",NA
NA,"TLE2",NA
NA,"CDC20B",NA
NA,"CEP57L1",NA
NA,"PDPN",NA
NA,"SFXN3",NA
NA,"MIR100HG",NA
NA,"SRPR",NA
NA,"C15orf54",NA
NA,"MOGS",NA
NA,"BUB3",NA
NA,"C17orf107",NA
NA,"EIF2AK2",NA
NA,"PRM3",NA
NA,"DMRTA2",NA
NA,"CCDC148",NA
NA,"PRPF6",NA
NA,"COG2",NA
NA,"C10orf88",NA
NA,"PDCL",NA
NA,"CCDC30",NA
NA,"SP110",NA
NA,"LHCGR",NA
NA,"EFEMP1",NA
NA,"FIG4",NA
NA,"MICALL2",NA
NA,"SKA1",NA
NA,"GBE1",NA
NA,"ZBTB2",NA
NA,"NCRNA00293",NA
NA,"NTNG2",NA
NA,"TCTN2",NA
NA,"MSI2",NA
NA,"ACAD9",NA
NA,"LRIT2",NA
NA,"FES",NA
NA,"RSPH10B",NA
NA,"RSPH10B2",NA
NA,"KDM1A",NA
NA,"CMTM3",NA
NA,"TMEM220",NA
NA,"MARS2",NA
NA,"PIGX",NA
NA,"UIMC1",NA
NA,"HOXA1",NA
NA,"SNAPC3",NA
NA,"MAP3K8",NA
NA,"FAM89B",NA
NA,"MUDENG",NA
NA,"LOC100303728",NA
NA,"TNFSF14",NA
NA,"ANXA6",NA
NA,"TRAM1",NA
NA,"NR5A1",NA
NA,"ASMT",NA
NA,"CPT2",NA
NA,"IFLTD1",NA
NA,"DNASE1",NA
NA,"ALDH16A1",NA
NA,"TOP3B",NA
NA,"CYCSP52",NA
NA,"RBM5",NA
NA,"G6PC",NA
NA,"P4HA1",NA
NA,"IGLON5",NA
NA,"LONP1",NA
NA,"CTBS",NA
NA,"KAT2A",NA
NA,"TSPYL6",NA
NA,"MCM3",NA
NA,"PBX3",NA
NA,"PIBF1",NA
NA,"PABPN1",NA
NA,"C14orf45",NA
NA,"NUP107",NA
NA,"LOC100505776",NA
NA,"ZNF184",NA
NA,"RER1",NA
NA,"ZNF362",NA
NA,"COL13A1",NA
NA,"ANKDD1A",NA
NA,"TUFT1",NA
NA,"BICC1",NA
NA,"PGAP2",NA
NA,"CLPB",NA
NA,"MC1R",NA
NA,"YWHAB",NA
NA,"BMP6",NA
NA,"RPAP2",NA
NA,"LOC645752",NA
NA,"CDC42EP4",NA
NA,"SYCP2L",NA
NA,"RANBP9",NA
NA,"ACVR1",NA
NA,"GTSE1",NA
NA,"CLDND1",NA
NA,"APH1A",NA
NA,"BCL10",NA
NA,"PAX9",NA
NA,"LOC254128",NA
NA,"TTC31",NA
NA,"IQUB",NA
NA,"OR51E1",NA
NA,"ELP2",NA
NA,"EMR1",NA
NA,"LOC648691",NA
NA,"ALDH1L1",NA
NA,"TKTL1",NA
NA,"RAB2B",NA
NA,"YARS",NA
NA,"SLC15A1",NA
NA,"RFTN2",NA
NA,"TFR2",NA
NA,"SP2",NA
NA,"LOC284950",NA
NA,"MTO1",NA
NA,"CLCA1",NA
NA,"LOXL3",NA
NA,"P2RY1",NA
NA,"FOXA1",NA
NA,"CAPN12",NA
NA,"APCDD1L",NA
NA,"FOXD4L5",NA
NA,"ETV3",NA
NA,"SPNS1",NA
NA,"MRPL4",NA
NA,"SMAD1",NA
NA,"TEX11",NA
NA,"N4BP2L1",NA
NA,"HES7",NA
NA,"PRKCG",NA
NA,"GLP1R",NA
NA,"ZNF92",NA
NA,"ASNS",NA
NA,"ZNF599",NA
NA,"APOL1",NA
NA,"REEP5",NA
NA,"OTUD1",NA
NA,"SP7",NA
NA,"EFS",NA
NA,"AEN",NA
NA,"NXN",NA
NA,"LOC100130331",NA
NA,"PKN1",NA
NA,"SPSB1",NA
NA,"OCA2",NA
NA,"WNT2",NA
NA,"GYS2",NA
NA,"SHMT2",NA
NA,"F7",NA
NA,"TNFRSF11A",NA
NA,"ZNF180",NA
NA,"CNGA1",NA
NA,"CCHCR1",NA
NA,"MZF1",NA
NA,"PLGLB1",NA
NA,"NT5DC1",NA
NA,"FAM149B1",NA
NA,"HAL",NA
NA,"NCRNA00188",NA
NA,"SERINC1",NA
NA,"UBE2Z",NA
NA,"KLHL26",NA
NA,"LOC285084",NA
NA,"UBE2V1",NA
NA,"FLJ41649",NA
NA,"UNC5CL",NA
NA,"DYNC1I1",NA
NA,"EPS8L2",NA
NA,"CYP1A2",NA
NA,"LOC100505989",NA
NA,"GALNT5",NA
NA,"SCRN3",NA
NA,"KBTBD13",NA
NA,"C2CD4C",NA
NA,"THBS3",NA
NA,"KLF17",NA
NA,"ALG10",NA
NA,"DGKA",NA
NA,"COLEC12",NA
NA,"SLC25A42",NA
NA,"HSD11B1L",NA
NA,"ZNF71",NA
NA,"GPR128",NA
NA,"ERRFI1",NA
NA,"C17orf81",NA
NA,"PAK4",NA
NA,"CYTH4",NA
NA,"INTS4",NA
NA,"PLGLB2",NA
NA,"ITGB2",NA
NA,"FAM154B",NA
NA,"GNRH1",NA
NA,"UBAP1",NA
NA,"LOC81691",NA
NA,"SPOP",NA
NA,"WDR1",NA
NA,"GJA1",NA
NA,"DNAJB5",NA
NA,"RNF187",NA
NA,"ZNF574",NA
NA,"STRADB",NA
NA,"MSH2",NA
NA,"KLRC4-KLRK1",NA
NA,"BDAG1",NA
NA,"LRFN1",NA
NA,"TRMT2A",NA
NA,"SPARC",NA
NA,"LOC729603",NA
NA,"FRMD1",NA
NA,"SLC25A40",NA
NA,"SMEK3P",NA
NA,"ZDHHC18",NA
NA,"THAP3",NA
NA,"SYT16",NA
NA,"CCDC76",NA
NA,"TRIM46",NA
NA,"MS4A7",NA
NA,"IFT88",NA
NA,"LOC100506385",NA
NA,"RCC1",NA
NA,"ZRANB2",NA
NA,"PGP",NA
NA,"FUT6",NA
NA,"TRIM71",NA
NA,"ESRG",NA
NA,"C5orf20",NA
NA,"EGR1",NA
NA,"HABP2",NA
NA,"GLB1L2",NA
NA,"ZNF30",NA
NA,"ADH6",NA
NA,"GAGE1",NA
NA,"LSP1",NA
NA,"FADS2",NA
NA,"C12orf34",NA
NA,"CASP14",NA
NA,"PAIP1",NA
NA,"ULBP1",NA
NA,"SPDYE6",NA
NA,"GAD2",NA
NA,"ABCD4",NA
NA,"SLC2A4",NA
NA,"ZNF781",NA
NA,"CSNK1A1",NA
NA,"FUBP3",NA
NA,"POU4F2",NA
NA,"CDC23",NA
NA,"LEMD2",NA
NA,"RSPO1",NA
NA,"PSAP",NA
NA,"KLC1",NA
NA,"EXOG",NA
NA,"ENPP3",NA
NA,"C10orf92",NA
NA,"HOMER3",NA
NA,"TBCCD1",NA
NA,"LRFN2",NA
NA,"TTF1",NA
NA,"ST7",NA
NA,"LFNG",NA
NA,"CLU",NA
NA,"LEPROTL1",NA
NA,"MRPL43",NA
NA,"AGAP11",NA
NA,"EEF2",NA
NA,"LOC155060",NA
NA,"RSPO2",NA
NA,"GABRE",NA
NA,"ZMPSTE24",NA
NA,"LOC283038",NA
NA,"FAM43A",NA
NA,"RAB23",NA
NA,"C1orf94",NA
NA,"FSCB",NA
NA,"GABRA5",NA
NA,"BBS5",NA
NA,"DCUN1D1",NA
NA,"CD5",NA
NA,"MSLNL",NA
NA,"ERCC2",NA
NA,"NLRP13",NA
NA,"AGMAT",NA
NA,"CDC42",NA
NA,"CEP57",NA
NA,"BMP2",NA
NA,"FBXL2",NA
NA,"TAF6",NA
NA,"GSR",NA
NA,"KCNJ15",NA
NA,"GABRA2",NA
NA,"LOC100507584",NA
NA,"FAIM3",NA
NA,"ANKRD33",NA
NA,"TMC2",NA
NA,"MOG",NA
NA,"LOC219731",NA
NA,"CRELD1",NA
NA,"GNB1",NA
NA,"FDX1",NA
NA,"SMAD6",NA
NA,"CYP4F3",NA
NA,"SH3BP5",NA
NA,"MSH5",NA
NA,"GABRR1",NA
NA,"PKLR",NA
NA,"OLFML2B",NA
NA,"KBTBD4",NA
NA,"LOC339240",NA
NA,"GPR115",NA
NA,"C16orf46",NA
NA,"SELP",NA
NA,"SIGLEC11",NA
NA,"PHACTR3",NA
NA,"MXD3",NA
NA,"ZNF630",NA
NA,"WDR24",NA
NA,"GDPD5",NA
NA,"TRAF3IP2",NA
NA,"ZSCAN23",NA
NA,"BCAR3",NA
NA,"GOLGA6A",NA
NA,"ANKRD13B",NA
NA,"CEACAM19",NA
NA,"LOC100335030",NA
NA,"LOC100128191",NA
NA,"PLAT",NA
NA,"RCBTB2",NA
NA,"GOLGA6B",NA
NA,"IGFBP3",NA
NA,"C14orf93",NA
NA,"FAM83B",NA
NA,"SLC35F2",NA
NA,"RTN4RL1",NA
NA,"STK16",NA
NA,"FAM83C",NA
NA,"FLJ41278",NA
NA,"SNX6",NA
NA,"TMPRSS9",NA
NA,"PCDHB18",NA
NA,"LPAR1",NA
NA,"PGBD5",NA
NA,"PPP1R13L",NA
NA,"KCNS2",NA
NA,"FCAR",NA
NA,"SCFD2",NA
NA,"ARSI",NA
NA,"ACRC",NA
NA,"GOLPH3L",NA
NA,"MRPL22",NA
NA,"LRRC1",NA
NA,"ITIH2",NA
NA,"MEIS1",NA
NA,"SUSD2",NA
NA,"IQCA1",NA
NA,"SERP1",NA
NA,"HMMR",NA
NA,"POM121L2",NA
NA,"XKR9",NA
NA,"KRTAP19-8",NA
NA,"USP49",NA
NA,"LOC100272228",NA
NA,"SPRN",NA
NA,"MYCBPAP",NA
NA,"KCNC3",NA
NA,"CHPF",NA
NA,"ALAD",NA
NA,"PADI3",NA
NA,"C1orf101",NA
NA,"RRM1",NA
NA,"SERPINB13",NA
NA,"FAM71E2",NA
NA,"PCDHB3",NA
NA,"DDX10",NA
NA,"CDH19",NA
NA,"ACSS2",NA
NA,"SAMHD1",NA
NA,"TMPRSS6",NA
NA,"ACPL2",NA
NA,"LHFPL3",NA
NA,"ENTPD4",NA
NA,"LOC729444",NA
NA,"SPDYE3",NA
NA,"NEIL2",NA
NA,"SH3BP5L",NA
NA,"L3MBTL2",NA
NA,"HIGD1A",NA
NA,"TMEM63B",NA
NA,"FCRL1",NA
NA,"FOXI2",NA
NA,"TGFB3",NA
NA,"TMUB2",NA
NA,"PRAME",NA
NA,"HTR1F",NA
NA,"AQP7P1",NA
NA,"CDC42SE1",NA
NA,"PYGO2",NA
NA,"NAALAD2",NA
NA,"SENP2",NA
NA,"TMC1",NA
NA,"FAM189B",NA
NA,"ATP5J",NA
NA,"TMEM232",NA
NA,"LOC440896",NA
NA,"ZNF503",NA
NA,"TMEM25",NA
NA,"PIWIL4",NA
NA,"RUFY1",NA
NA,"CCL3L1",NA
NA,"CTPS",NA
NA,"TUBGCP2",NA
NA,"TBR1",NA
NA,"PPP2R4",NA
NA,"LOC100130557",NA
NA,"MED26",NA
NA,"INSIG1",NA
NA,"IMMT",NA
NA,"ST13",NA
NA,"MSH4",NA
NA,"PTPMT1",NA
NA,"NUSAP1",NA
NA,"CSRNP1",NA
NA,"LRCH4",NA
NA,"SLC27A4",NA
NA,"BBC3",NA
NA,"HOXA10",NA
NA,"PBXIP1",NA
NA,"FZD8",NA
NA,"PRKRIR",NA
NA,"ZNF598",NA
NA,"ZNF235",NA
NA,"PRAMEF20",NA
NA,"LTK",NA
NA,"LOC100131096",NA
NA,"ZNF461",NA
NA,"CD1E",NA
NA,"BCAM",NA
NA,"LOC285593",NA
NA,"SMOC2",NA
NA,"CUL1",NA
NA,"MAGED4",NA
NA,"ZNF750",NA
NA,"DBC1",NA
NA,"MAN1C1",NA
NA,"FOXL1",NA
NA,"RASL10B",NA
NA,"FRMD7",NA
NA,"HIC1",NA
NA,"RINL",NA
NA,"PIK3CB",NA
NA,"AFG3L2",NA
NA,"ZNF337",NA
NA,"IFT57",NA
NA,"SLC41A3",NA
NA,"RAET1E",NA
NA,"MAPK8IP1",NA
NA,"SCEL",NA
NA,"CATSPER2",NA
NA,"RNF146",NA
NA,"CLCA4",NA
NA,"RAX",NA
NA,"SNX25",NA
NA,"LOC285577",NA
NA,"NR2F1",NA
NA,"JAZF1",NA
NA,"LOC100507043",NA
NA,"SLC1A5",NA
NA,"CGREF1",NA
NA,"ENY2",NA
NA,"SPRYD7",NA
NA,"PTPLAD1",NA
NA,"PRC1",NA
NA,"TMPRSS11BNL",NA
NA,"THBS4",NA
NA,"TCIRG1",NA
NA,"C12orf36",NA
NA,"ZNF514",NA
NA,"NCOA5",NA
NA,"HBII-52-46",NA
NA,"PRDM13",NA
NA,"HS3ST4",NA
NA,"INHBB",NA
NA,"USP16",NA
NA,"RORC",NA
NA,"ESF1",NA
NA,"GPER",NA
NA,"LOC100499484",NA
NA,"MPO",NA
NA,"GLRB",NA
NA,"DERL1",NA
NA,"TSPAN2",NA
NA,"LOC143188",NA
NA,"ARL1",NA
NA,"SERTM1",NA
NA,"SETD6",NA
NA,"ZNF860",NA
NA,"PBX2",NA
NA,"ELP3",NA
NA,"DR1",NA
NA,"SYVN1",NA
NA,"FUT2",NA
NA,"U2AF2",NA
NA,"GNAZ",NA
NA,"FAM13AOS",NA
NA,"NONO",NA
NA,"GATA3",NA
NA,"VPS11",NA
NA,"CCDC114",NA
NA,"SUSD4",NA
NA,"IL2RA",NA
NA,"CCDC41",NA
NA,"ANKLE1",NA
NA,"MREG",NA
NA,"TEKT4P2",NA
NA,"STAG3L1",NA
NA,"TIRAP",NA
NA,"APPL2",NA
NA,"MBOAT7",NA
NA,"PDYN",NA
NA,"TMEM154",NA
NA,"WASF1",NA
NA,"PNISR",NA
NA,"UBE2Q1",NA
NA,"C10orf25",NA
NA,"BTLA",NA
NA,"TIPRL",NA
NA,"ARFIP1",NA
NA,"STK32B",NA
NA,"RSBN1L",NA
NA,"TPO",NA
NA,"SYTL3",NA
NA,"RNF112",NA
NA,"EFNB3",NA
NA,"ZNF425",NA
NA,"SOX7",NA
NA,"IFNAR2",NA
NA,"CNKSR3",NA
NA,"WDR89",NA
NA,"LOC283875",NA
NA,"CDH18",NA
NA,"PPP3CB",NA
NA,"SPINT1",NA
NA,"LOC284215",NA
NA,"GCA",NA
NA,"SLC45A2",NA
NA,"FAM46D",NA
NA,"PTPN5",NA
NA,"SNHG7",NA
NA,"DKK3",NA
NA,"SHCBP1",NA
NA,"LMBRD2",NA
NA,"CACNB3",NA
NA,"LIMD2",NA
NA,"DUX4L5",NA
NA,"PION",NA
NA,"MTFR1",NA
NA,"SLC25A22",NA
NA,"CHP",NA
NA,"CHST8",NA
NA,"PLCD4",NA
NA,"NICN1",NA
NA,"BRD9",NA
NA,"APLN",NA
NA,"MAB21L3",NA
NA,"RASGEF1A",NA
NA,"CBFB",NA
NA,"ZNF649",NA
NA,"HEPACAM2",NA
NA,"OR7D2",NA
NA,"WNT16",NA
NA,"PGM2",NA
NA,"DDR2",NA
NA,"TLX1",NA
NA,"PHTF1",NA
NA,"LOC399940",NA
NA,"ATP6V1C2",NA
NA,"NELL1",NA
NA,"SFSWAP",NA
NA,"ZNF324",NA
NA,"INA",NA
NA,"HNF1A",NA
NA,"POC1B",NA
NA,"MAN2C1",NA
NA,"C17orf96",NA
NA,"CPNE1",NA
NA,"FAM120B",NA
NA,"VSIG1",NA
NA,"FCAMR",NA
NA,"SPIRE2",NA
NA,"LRRC20",NA
NA,"PARN",NA
NA,"KHSRP",NA
NA,"DUSP7",NA
NA,"DNM1",NA
NA,"ITGA8",NA
NA,"SNX33",NA
NA,"ZFPM1",NA
NA,"ICOSLG",NA
NA,"TKT",NA
NA,"FLJ43663",NA
NA,"KIFC2",NA
NA,"EML3",NA
NA,"ZNF23",NA
NA,"TDG",NA
NA,"GSN",NA
NA,"PASD1",NA
NA,"MARVELD1",NA
NA,"SMPD1",NA
NA,"RPS6KA4",NA
NA,"GUCY1B3",NA
NA,"C8orf77",NA
NA,"ATG5",NA
NA,"VTA1",NA
NA,"SRRT",NA
NA,"C8orf73",NA
NA,"TRMT61A",NA
NA,"TMED7",NA
NA,"EFHC2",NA
NA,"TPMT",NA
NA,"ICAM1",NA
NA,"PWP2",NA
NA,"WBSCR17",NA
NA,"TRAFD1",NA
NA,"LOC730811",NA
NA,"MESTIT1",NA
NA,"FAM40A",NA
NA,"FBXL13",NA
NA,"LOC100505738",NA
NA,"RAD54L",NA
NA,"LRP10",NA
NA,"NAA60",NA
NA,"SEPT10",NA
NA,"DSCR3",NA
NA,"UBA5",NA
NA,"SLC30A9",NA
NA,"TREM1",NA
NA,"SMAP2",NA
NA,"CRY1",NA
NA,"IL27RA",NA
NA,"FLRT1",NA
NA,"MMP19",NA
NA,"GRIN3B",NA
NA,"ZNF500",NA
NA,"SYDE1",NA
NA,"DARC",NA
NA,"BCDIN3D",NA
NA,"CHST5",NA
NA,"TBC1D16",NA
NA,"YTHDF1",NA
NA,"ZNF410",NA
NA,"BIN1",NA
NA,"SDPR",NA
NA,"HSPA12B",NA
NA,"FYN",NA
NA,"NEK6",NA
NA,"SLC4A9",NA
NA,"TLE1",NA
NA,"DDX23",NA
NA,"LOC389333",NA
NA,"TNIP1",NA
NA,"NR2E1",NA
NA,"SEPHS1",NA
NA,"COX11",NA
NA,"PLA2G6",NA
NA,"AIMP1",NA
NA,"HSPA4L",NA
NA,"KLC4",NA
NA,"IMPG1",NA
NA,"GOLM1",NA
NA,"DDX4",NA
NA,"ATHL1",NA
NA,"FGFR1OP2",NA
NA,"CYP24A1",NA
NA,"PPP2R5D",NA
NA,"MPZL2",NA
NA,"PLEKHG7",NA
NA,"CDKAL1",NA
NA,"GALNT3",NA
NA,"STK39",NA
NA,"TAF5",NA
NA,"LRRC49",NA
NA,"MAP3K7",NA
NA,"MYO1G",NA
NA,"PAK3",NA
NA,"PRKCQ",NA
NA,"FAM66C",NA
NA,"C14orf49",NA
NA,"RAF1",NA
NA,"LGI3",NA
NA,"PABPC4",NA
NA,"SLC5A9",NA
NA,"CWC22",NA
NA,"DNER",NA
NA,"ITIH4",NA
NA,"INTU",NA
NA,"SLC25A13",NA
NA,"GTPBP3",NA
NA,"SOX30",NA
NA,"CWF19L2",NA
NA,"RAB40C",NA
NA,"PCDHB10",NA
NA,"ZNF785",NA
NA,"ZNF267",NA
NA,"SLC47A1",NA
NA,"SMG8",NA
NA,"MBOAT1",NA
NA,"TRIM38",NA
NA,"NUB1",NA
NA,"CBX6",NA
NA,"F11",NA
NA,"SET",NA
NA,"ZNF75D",NA
NA,"ZDHHC7",NA
NA,"CKAP2L",NA
NA,"ZNF786",NA
NA,"ERV3-1",NA
NA,"SIAE",NA
NA,"ADRA2B",NA
NA,"ZC3H3",NA
NA,"STAC2",NA
NA,"STK11",NA
NA,"GRID2",NA
NA,"GOLT1B",NA
NA,"CCNJL",NA
NA,"SPTLC1",NA
NA,"GNB5",NA
NA,"VPS35",NA
NA,"CLDN16",NA
NA,"PSME3",NA
NA,"CALCOCO2",NA
NA,"MAP1S",NA
NA,"USP11",NA
NA,"KRTAP19-6",NA
NA,"CX3CL1",NA
NA,"CNTD1",NA
NA,"SLC13A5",NA
NA,"SLC22A5",NA
NA,"PCDHB11",NA
NA,"SLC5A8",NA
NA,"CLUAP1",NA
NA,"NMUR1",NA
NA,"HAS2",NA
NA,"RASAL3",NA
NA,"ZNF572",NA
NA,"TANK",NA
NA,"NIPAL4",NA
NA,"TTK",NA
NA,"CERKL",NA
NA,"CLCN2",NA
NA,"CD6",NA
NA,"TARSL2",NA
NA,"NASP",NA
NA,"DNAJC11",NA
NA,"CASC1",NA
NA,"SLC6A13",NA
NA,"ETAA1",NA
NA,"KCNIP4",NA
NA,"POLR3G",NA
NA,"CYP51A1",NA
NA,"CD22",NA
NA,"PTPN12",NA
NA,"CNGA2",NA
NA,"DTX1",NA
NA,"SYT10",NA
NA,"TBC1D10B",NA
NA,"ZNF263",NA
NA,"MAN2B1",NA
NA,"EZH2",NA
NA,"NKX3-1",NA
NA,"RBM18",NA
NA,"C1orf93",NA
NA,"NCRNA00321",NA
NA,"GRAMD2",NA
NA,"TNFSF10",NA
NA,"SLC12A9",NA
NA,"SCIN",NA
NA,"FAM22A",NA
NA,"ST14",NA
NA,"FZD10",NA
NA,"LOC100507064",NA
NA,"TMC3",NA
NA,"GJA5",NA
NA,"PCBP2",NA
NA,"FAM48A",NA
NA,"BTBD1",NA
NA,"GINS1",NA
NA,"ITIH1",NA
NA,"VCAM1",NA
NA,"FAM35B",NA
NA,"INTS5",NA
NA,"CD3EAP",NA
NA,"KLHL2",NA
NA,"SNX10",NA
NA,"TRIM49L1",NA
NA,"ZFP1",NA
NA,"TCAM1P",NA
NA,"ZNF682",NA
NA,"SETD3",NA
NA,"STRN4",NA
NA,"HIATL1",NA
NA,"RABGAP1L",NA
NA,"FAM35B2",NA
NA,"ZNF665",NA
NA,"CBS",NA
NA,"COL10A1",NA
NA,"RAB5B",NA
NA,"SNHG10",NA
NA,"LOC285740",NA
NA,"LOC493754",NA
NA,"TYW1B",NA
NA,"DUSP10",NA
NA,"ARHGAP9",NA
NA,"DET1",NA
NA,"GORASP2",NA
NA,"UBA7",NA
NA,"SCARNA10",NA
NA,"SCARNA7",NA
NA,"LOC100131825",NA
NA,"RASIP1",NA
NA,"FAM169B",NA
NA,"SNN",NA
NA,"WDPCP",NA
NA,"OTUD6B",NA
NA,"LOC220980",NA
NA,"USH1C",NA
NA,"TTLL10",NA
NA,"TRIM68",NA
NA,"TRPC4AP",NA
NA,"ACHE",NA
NA,"NPAS4",NA
NA,"ERO1L",NA
NA,"FAM82A1",NA
NA,"MANBA",NA
NA,"SLAMF8",NA
NA,"CCDC147",NA
NA,"KRT77",NA
NA,"TCHP",NA
NA,"SLC37A3",NA
NA,"MINPP1",NA
NA,"SAFB2",NA
NA,"SVOP",NA
NA,"C13orf30",NA
NA,"SCG3",NA
NA,"ARHGEF1",NA
NA,"ENO1",NA
NA,"TCL6",NA
NA,"SMARCAL1",NA
NA,"GABRP",NA
NA,"DLL1",NA
NA,"PSMD1",NA
NA,"NCRNA00309",NA
NA,"RETSAT",NA
NA,"DBN1",NA
NA,"TRIM22",NA
NA,"ZNF341",NA
NA,"PPAP2B",NA
NA,"ERVFRD-1",NA
NA,"AACS",NA
NA,"DMWD",NA
NA,"PKI55",NA
NA,"SLC17A5",NA
NA,"NCRNA00294",NA
NA,"SLC9A7P1",NA
NA,"ITGA2B",NA
NA,"TP53",NA
NA,"QRICH1",NA
NA,"TBC1D2",NA
NA,"SGPP1",NA
NA,"TMPRSS2",NA
NA,"NEK11",NA
NA,"TMEM144",NA
NA,"MON1B",NA
NA,"ZNF808",NA
NA,"VPS24",NA
NA,"PTPN1",NA
NA,"MAP7D1",NA
NA,"TELO2",NA
NA,"LOC100128682",NA
NA,"WDR5",NA
NA,"ZNF782",NA
NA,"FAM47C",NA
NA,"CACYBP",NA
NA,"FANCF",NA
NA,"PARVG",NA
NA,"NKAIN2",NA
NA,"SORBS3",NA
NA,"OGN",NA
NA,"FLJ34747",NA
NA,"ZWILCH",NA
NA,"ASPHD2",NA
NA,"TREX1",NA
NA,"FAM25C",NA
NA,"FAM25G",NA
NA,"FAM25B",NA
NA,"AJAP1",NA
NA,"MARCH10",NA
NA,"TADA3",NA
NA,"PRKG2",NA
NA,"RPS23",NA
NA,"MIOS",NA
NA,"GNAI1",NA
NA,"RNF139",NA
NA,"ZNF839",NA
NA,"CEBPZ",NA
NA,"RARB",NA
NA,"CYorf15B",NA
NA,"ENKUR",NA
NA,"NFATC2",NA
NA,"COPB2",NA
NA,"XPNPEP2",NA
NA,"LIN9",NA
NA,"DAZAP2",NA
NA,"LOC285696",NA
NA,"FLJ32063",NA
NA,"RCAN2",NA
NA,"TYW1",NA
NA,"CCDC146",NA
NA,"IRF5",NA
NA,"MCAM",NA
NA,"AKT1",NA
NA,"TMEM105",NA
NA,"ZNF300",NA
NA,"GAL3ST3",NA
NA,"HNRNPC",NA
NA,"CCDC97",NA
NA,"KLK3",NA
NA,"JAKMIP2",NA
NA,"WWOX",NA
NA,"ATXN10",NA
NA,"CPNE5",NA
NA,"C10orf32",NA
NA,"ZNF506",NA
NA,"LOC442028",NA
NA,"ADAM29",NA
NA,"SMAP1",NA
NA,"GFRA2",NA
NA,"JUN",NA
NA,"PTBP1",NA
NA,"DNAJC14",NA
NA,"AARS",NA
NA,"C17orf28",NA
NA,"FGFRL1",NA
NA,"CLDN10",NA
NA,"LOC100507433",NA
NA,"ZNF596",NA
NA,"ATP1B2",NA
NA,"LRRC66",NA
NA,"SQSTM1",NA
NA,"DCAF4L2",NA
NA,"EFNB1",NA
NA,"KLHL12",NA
NA,"MOBKL2A",NA
NA,"LANCL3",NA
NA,"EZR",NA
NA,"ZFAND3",NA
NA,"PGM5",NA
NA,"NAA40",NA
NA,"CHAF1A",NA
NA,"SIX5",NA
NA,"ZNF836",NA
NA,"DIRC2",NA
NA,"FAM156A",NA
NA,"C10orf47",NA
NA,"LOC100505876",NA
NA,"NDST4",NA
NA,"PSMC2",NA
NA,"C2CD2L",NA
NA,"TMEM43",NA
NA,"CENPC1",NA
NA,"LRIF1",NA
NA,"DARS2",NA
NA,"ARHGAP1",NA
NA,"FAM18A",NA
NA,"PHYHIP",NA
NA,"UBAC2",NA
NA,"PDHX",NA
NA,"LOC126536",NA
NA,"CCDC8",NA
NA,"EPN1",NA
NA,"LOC730091",NA
NA,"ATP6V0A4",NA
NA,"SLC9A3R2",NA
NA,"LAMP3",NA
NA,"RGL2",NA
NA,"GEMIN8",NA
NA,"LILRB1",NA
NA,"LOC100293516",NA
NA,"ARFGAP1",NA
NA,"AKAP4",NA
NA,"C19orf44",NA
NA,"ARSK",NA
NA,"MRS2",NA
NA,"C1orf112",NA
NA,"MGC2752",NA
NA,"KLRAQ1",NA
NA,"KIF2A",NA
NA,"DEFB4A",NA
NA,"PGM1",NA
NA,"DUXA",NA
NA,"FAM164A",NA
NA,"KIAA0146",NA
NA,"CHEK1",NA
NA,"FOXN4",NA
NA,"THSD1",NA
NA,"GPATCH1",NA
NA,"CCDC66",NA
NA,"KCNA3",NA
NA,"TMBIM6",NA
NA,"TRAPPC6B",NA
NA,"EPHA1",NA
NA,"KLF5",NA
NA,"BOD1P",NA
NA,"INTS8",NA
NA,"GPR82",NA
NA,"CTNNA3",NA
NA,"MS4A14",NA
NA,"KRR1",NA
NA,"SLC40A1",NA
NA,"MAFK",NA
NA,"ESCO2",NA
NA,"GALK2",NA
NA,"COLQ",NA
NA,"C8orf41",NA
NA,"ANKRD35",NA
NA,"WDR65",NA
NA,"LOC388152",NA
NA,"GRM2",NA
NA,"SLC9B2",NA
NA,"ARHGAP4",NA
NA,"LOC100131635",NA
NA,"LY9",NA
NA,"EEF1D",NA
NA,"LRRN2",NA
NA,"PPP2R5E",NA
NA,"EXT1",NA
NA,"BBS1",NA
NA,"ABHD15",NA
NA,"AARSD1",NA
NA,"NSUN2",NA
NA,"PPP1R8",NA
NA,"CDKN2C",NA
NA,"POLL",NA
NA,"HELB",NA
NA,"PKN3",NA
NA,"NIT1",NA
NA,"ALG6",NA
NA,"UAP1L1",NA
NA,"POSTN",NA
NA,"MED15",NA
NA,"ITGB5",NA
NA,"ATP2C2",NA
NA,"INPP5K",NA
NA,"BCL2L13",NA
NA,"LOC100379224",NA
NA,"MAFB",NA
NA,"IL17RC",NA
NA,"RPS6KA1",NA
NA,"ZNF589",NA
NA,"TMEM196",NA
NA,"MOSPD2",NA
NA,"MAP2K7",NA
NA,"NT5C1B",NA
NA,"TEX261",NA
NA,"LOC63930",NA
NA,"C10orf28",NA
NA,"CMTM6",NA
NA,"HSDL2",NA
NA,"RARG",NA
NA,"HNRPLL",NA
NA,"USP10",NA
NA,"TBXA2R",NA
NA,"C12orf23",NA
NA,"MB21D2",NA
NA,"ACBD7",NA
NA,"SLC20A1",NA
NA,"ZNF502",NA
NA,"HSPA4",NA
NA,"LOC728743",NA
NA,"VPS4B",NA
NA,"C8orf37",NA
NA,"MARVELD3",NA
NA,"MTRR",NA
NA,"SLC45A4",NA
NA,"LOC100289211",NA
NA,"TTLL12",NA
NA,"PLRG1",NA
NA,"HTATSF1",NA
NA,"RPP21",NA
NA,"INPP5E",NA
NA,"CHURC1",NA
NA,"STARD7",NA
NA,"TP53RK",NA
NA,"DRD1",NA
NA,"TTC13",NA
NA,"PAR5",NA
NA,"ACOT11",NA
NA,"TBX2",NA
NA,"ZNF187",NA
NA,"COMMD3-BMI1",NA
NA,"CHORDC1",NA
NA,"KLK10",NA
NA,"HINT3",NA
NA,"LOC100132526",NA
NA,"MST4",NA
NA,"NEXN",NA
NA,"FEZ1",NA
NA,"KCTD21",NA
NA,"PSMD5",NA
NA,"SOAT1",NA
NA,"SLC45A3",NA
NA,"HINFP",NA
NA,"FAM109A",NA
NA,"PGAM5",NA
NA,"DNAJB6",NA
NA,"TSPY4",NA
NA,"ITPKC",NA
NA,"LSM5",NA
NA,"C9orf82",NA
NA,"CD46",NA
NA,"FLJ46300",NA
NA,"C17orf72",NA
NA,"ISX",NA
NA,"CHRM2",NA
NA,"TOMM20",NA
NA,"PANK3",NA
NA,"MRI1",NA
NA,"ELF3",NA
NA,"FAHD1",NA
NA,"ADCYAP1",NA
NA,"CYB561",NA
NA,"JAKMIP1",NA
NA,"FGFR4",NA
NA,"TFE3",NA
NA,"CAPN1",NA
NA,"NARS2",NA
NA,"RAB15",NA
NA,"BMPER",NA
NA,"ZNF189",NA
NA,"C1orf52",NA
NA,"WT1",NA
NA,"PPP3R2",NA
NA,"MUC15",NA
NA,"ANKMY1",NA
NA,"DAZL",NA
NA,"TMEM213",NA
NA,"METTL7A",NA
NA,"SLC28A1",NA
NA,"LZTFL1",NA
NA,"LOC731424",NA
NA,"GFM2",NA
NA,"DCAF12L1",NA
NA,"TSPAN5",NA
NA,"KCTD9",NA
NA,"NEK2",NA
NA,"NUBPL",NA
NA,"CCDC69",NA
NA,"CD276",NA
NA,"EIF3CL",NA
NA,"OVCH1",NA
NA,"C1RL",NA
NA,"CCT5",NA
NA,"KIAA0895L",NA
NA,"PMP22",NA
NA,"MAPK7",NA
NA,"SLC19A1",NA
NA,"EN2",NA
NA,"NUAK2",NA
NA,"MAT1A",NA
NA,"FAM35A",NA
NA,"ARMC2",NA
NA,"MEX3B",NA
NA,"DLX4",NA
NA,"DIRAS1",NA
NA,"PPEF2",NA
NA,"BHLHE22",NA
NA,"NAIF1",NA
NA,"LOC100507404",NA
NA,"IL3RA",NA
NA,"LOC729737",NA
NA,"CLCA3P",NA
NA,"LOC348120",NA
NA,"SERPINE1",NA
NA,"P2RX2",NA
NA,"TLR2",NA
NA,"CHMP7",NA
NA,"RPPH1",NA
NA,"ADORA3",NA
NA,"ARHGDIA",NA
NA,"HCN2",NA
NA,"PRR3",NA
NA,"PPP2R5A",NA
NA,"C1QTNF8",NA
NA,"C18orf34",NA
NA,"TSN",NA
NA,"CDH26",NA
NA,"HEATR2",NA
NA,"GATA4",NA
NA,"EPB49",NA
NA,"TRPV3",NA
NA,"CNTN1",NA
NA,"TRIM65",NA
NA,"RNF128",NA
NA,"TRUB1",NA
NA,"ZNF397",NA
NA,"GUSBP11",NA
NA,"GCET2",NA
NA,"ZDHHC22",NA
NA,"IFIH1",NA
NA,"XRN2",NA
NA,"AMPH",NA
NA,"CENPP",NA
NA,"GRHL3",NA
NA,"CCDC47",NA
NA,"ENDOV",NA
NA,"ANKRD30BP2",NA
NA,"TGIF1",NA
NA,"CTDSP1",NA
NA,"FAM86EP",NA
NA,"PCDHB12",NA
NA,"C9orf170",NA
NA,"LOC727896",NA
NA,"F2RL2",NA
NA,"NPR2",NA
NA,"HRASLS5",NA
NA,"DLL4",NA
NA,"ZNF329",NA
NA,"XRCC5",NA
NA,"APOL4",NA
NA,"SEC22A",NA
NA,"CXCR3",NA
NA,"PAR4",NA
NA,"IFITM4P",NA
NA,"TTTY3B",NA
NA,"C16orf96",NA
NA,"CAGE1",NA
NA,"ZNF540",NA
NA,"SLC36A2",NA
NA,"TPM1",NA
NA,"ZNF226",NA
NA,"ZNF512",NA
NA,"LOC286367",NA
NA,"PTGER4",NA
NA,"VRTN",NA
NA,"TTC7B",NA
NA,"NGFR",NA
NA,"LOC100507173",NA
NA,"NOC3L",NA
NA,"TMOD1",NA
NA,"ZBTB37",NA
NA,"SMARCD1",NA
NA,"UBQLN2",NA
NA,"POLD3",NA
NA,"B4GALNT3",NA
NA,"MCM2",NA
NA,"KLF10",NA
NA,"RIT1",NA
NA,"MPPE1",NA
NA,"MIR941-3",NA
NA,"MIR941-4",NA
NA,"MTHFD1",NA
NA,"ACBD4",NA
NA,"POLD1",NA
NA,"HMGB1",NA
NA,"MTM1",NA
NA,"MRPL42",NA
NA,"ADRBK1",NA
NA,"DHX35",NA
NA,"PDGFB",NA
NA,"CDH10",NA
NA,"LEP",NA
NA,"LMNA",NA
NA,"FBXW10",NA
NA,"SS18",NA
NA,"POTEE",NA
NA,"ADAM18",NA
NA,"FLJ41484",NA
NA,"ASB2",NA
NA,"LHX1",NA
NA,"CACNG4",NA
NA,"MAP3K10",NA
NA,"POLDIP3",NA
NA,"NGEF",NA
NA,"FIBCD1",NA
NA,"RBM15",NA
NA,"ORC1",NA
NA,"TIGD7",NA
NA,"SLC2A2",NA
NA,"FAM198A",NA
NA,"MLLT3",NA
NA,"ALKBH5",NA
NA,"BBS12",NA
NA,"HSPE1",NA
NA,"LOC338862",NA
NA,"PIGG",NA
NA,"AIFM2",NA
NA,"GOLGA6D",NA
NA,"JOSD1",NA
NA,"PRAMEF6",NA
NA,"SEMA7A",NA
NA,"ZNF705A",NA
NA,"HAPLN4",NA
NA,"B4GALNT4",NA
NA,"ADPRH",NA
NA,"C4orf3",NA
NA,"CLDN2",NA
NA,"P2RX5-TAX1BP3",NA
NA,"E2F6",NA
NA,"GCNT4",NA
NA,"BEND7",NA
NA,"SERPINB7",NA
NA,"RALYL",NA
NA,"AMZ2P1",NA
NA,"ALOXE3",NA
NA,"ARL5A",NA
NA,"CDK1",NA
NA,"GULP1",NA
NA,"BCCIP",NA
NA,"CDH16",NA
NA,"ABCF1",NA
NA,"LOC157273",NA
NA,"C1orf168",NA
NA,"CPNE8",NA
NA,"FGF13",NA
NA,"SLC7A7",NA
NA,"LOC148145",NA
NA,"C2CD4A",NA
NA,"AQP1",NA
NA,"WDR13",NA
NA,"TRIM53P",NA
NA,"STX2",NA
NA,"PLCD3",NA
NA,"DENND2A",NA
NA,"MLXIPL",NA
NA,"EFCAB4B",NA
NA,"CTCFL",NA
NA,"PABPC5",NA
NA,"KIF18A",NA
NA,"TDRD3",NA
NA,"FCRL4",NA
NA,"FLJ38109",NA
NA,"SLC34A1",NA
NA,"SNX16",NA
NA,"LOC613037",NA
NA,"CLDN1",NA
NA,"FOXC1",NA
NA,"FAM76A",NA
NA,"FAM60A",NA
NA,"GFM1",NA
NA,"TBC1D22B",NA
NA,"RBPMS",NA
NA,"C17orf61-PLSCR3",NA
NA,"CHRNA3",NA
NA,"SLC25A23",NA
NA,"STON1",NA
NA,"SECISBP2",NA
NA,"FAM3A",NA
NA,"SKA2",NA
NA,"RASGRP4",NA
NA,"AKAP7",NA
NA,"TRIM4",NA
NA,"KLHL20",NA
NA,"IKBKE",NA
NA,"EHD1",NA
NA,"KIF20A",NA
NA,"DIO3OS",NA
NA,"EIF2S3",NA
NA,"KLRD1",NA
NA,"LOC653075",NA
NA,"NCRNA00086",NA
NA,"USP5",NA
NA,"ZNRF2",NA
NA,"OLFM3",NA
NA,"IRAK2",NA
NA,"ANKRD43",NA
NA,"PLP1",NA
NA,"DCAF8L1",NA
NA,"SYCP1",NA
NA,"ARHGAP17",NA
NA,"PNPO",NA
NA,"MARCH7",NA
NA,"WTAP",NA
NA,"FAM81A",NA
NA,"FAM107A",NA
NA,"C8orf46",NA
NA,"SARDH",NA
NA,"LOC400940",NA
NA,"FOXE1",NA
NA,"RNF135",NA
NA,"PPP1R2",NA
NA,"FAM108B1",NA
NA,"FAM133A",NA
NA,"GPR88",NA
NA,"SCYL3",NA
NA,"GLUD1",NA
NA,"PAK1",NA
NA,"BCAS1",NA
NA,"PFN2",NA
NA,"TRIM6-TRIM34",NA
NA,"PIRT",NA
NA,"LNX1",NA
NA,"FKBP9",NA
NA,"PPP1R3D",NA
NA,"CYP21A2",NA
NA,"SLC37A4",NA
NA,"PUS7",NA
NA,"C7orf25",NA
NA,"PCSK7",NA
NA,"LOC100505495",NA
NA,"RBMXL3",NA
NA,"AGBL1",NA
NA,"RPS27",NA
NA,"SCARNA9L",NA
NA,"ELAVL4",NA
NA,"ZNF219",NA
NA,"HOXA3",NA
NA,"PTBP2",NA
NA,"PLA2G4F",NA
NA,"LOC400657",NA
NA,"CD97",NA
NA,"SEC14L4",NA
NA,"FAM177A1",NA
NA,"ZSWIM7",NA
NA,"ELOVL5",NA
NA,"TPBG",NA
NA,"ARMCX5",NA
NA,"NFYB",NA
NA,"NOL10",NA
NA,"AP2A1",NA
NA,"NLRP9",NA
NA,"SAFB",NA
NA,"TJAP1",NA
NA,"SNX14",NA
NA,"PFKFB4",NA
NA,"DOK3",NA
NA,"SLC2A5",NA
NA,"LOC642846",NA
NA,"NUFIP1",NA
NA,"SLC26A11",NA
NA,"BUB1",NA
NA,"PSKH1",NA
NA,"PLCD1",NA
NA,"FLJ45974",NA
NA,"FLJ43879",NA
NA,"C20orf12",NA
NA,"HLA-DOA",NA
NA,"GABPB1",NA
NA,"SALL4",NA
NA,"COL28A1",NA
NA,"SDC2",NA
NA,"DIS3L2",NA
NA,"NUDT12",NA
NA,"PEX6",NA
NA,"EIF2C2",NA
NA,"RAB39B",NA
NA,"BRSK2",NA
NA,"ALDH1A3",NA
NA,"CDH7",NA
NA,"CCDC152",NA
NA,"WDR67",NA
NA,"WDR43",NA
NA,"PIWIL3",NA
NA,"LMNB1",NA
NA,"THSD1P1",NA
NA,"LOC283914",NA
NA,"CREG2",NA
NA,"SELT",NA
NA,"PCDHB13",NA
NA,"ARHGAP18",NA
NA,"SND1",NA
NA,"MED17",NA
NA,"CYTH1",NA
NA,"SCNN1G",NA
NA,"UROC1",NA
NA,"SNCA",NA
NA,"CLVS1",NA
NA,"TBX15",NA
NA,"RASSF3",NA
NA,"GATA6",NA
NA,"FAM70A",NA
NA,"GYG2",NA
NA,"SYNC",NA
NA,"SEC61A2",NA
NA,"ZNF677",NA
NA,"RFX6",NA
NA,"MAGEC3",NA
NA,"ACE2",NA
NA,"SLC3A2",NA
NA,"SLC26A6",NA
NA,"CHSY3",NA
NA,"HSPA9",NA
NA,"BTNL9",NA
NA,"FGF16",NA
NA,"TNFSF4",NA
NA,"KCNQ1",NA
NA,"HERC5",NA
NA,"CAV2",NA
NA,"PNMA6D",NA
NA,"UBE2G2",NA
NA,"ZBBX",NA
NA,"GP5",NA
NA,"RMI1",NA
NA,"PRKCH",NA
NA,"TUBB1",NA
NA,"FAM110A",NA
NA,"CRMP1",NA
NA,"SH2D4A",NA
NA,"PVRL4",NA
NA,"IFIT2",NA
NA,"METAP2",NA
NA,"UBE2I",NA
NA,"ZNF488",NA
NA,"ZFYVE27",NA
NA,"LOC100507032",NA
NA,"BNIP3L",NA
NA,"RANBP3",NA
NA,"PTPRA",NA
NA,"MFN1",NA
NA,"CDKL5",NA
NA,"UBQLN4",NA
NA,"GMIP",NA
NA,"CBR4",NA
NA,"ANKRD20A1",NA
NA,"ADAM33",NA
NA,"SEMA3F",NA
NA,"CHRD",NA
NA,"DDX20",NA
NA,"PODN",NA
NA,"GTF2H1",NA
NA,"EIF1AD",NA
NA,"C15orf40",NA
NA,"KNG1",NA
NA,"HMGCS1",NA
NA,"NDUFA3",NA
NA,"LAX1",NA
NA,"LOC100506779",NA
NA,"LOC255167",NA
NA,"DNAJA4",NA
NA,"PACSIN2",NA
NA,"SUB1",NA
NA,"ANKRD20A4",NA
NA,"CHUK",NA
NA,"ZNF85",NA
NA,"ZNF544",NA
NA,"LOC348761",NA
NA,"ME1",NA
NA,"FLJ44511",NA
NA,"NFE2L2",NA
NA,"EEF1A1",NA
NA,"CLEC5A",NA
NA,"ELN",NA
NA,"RAB6A",NA
NA,"TRPV4",NA
NA,"TMED7-TICAM2",NA
NA,"PTPN20B",NA
NA,"RSAD2",NA
NA,"HMBOX1",NA
NA,"TRIM17",NA
NA,"VIT",NA
NA,"CNTN6",NA
NA,"PARP10",NA
NA,"PMS1",NA
NA,"MTMR11",NA
NA,"GRIK5",NA
NA,"FAM118A",NA
NA,"LIMK1",NA
NA,"LOC100287846",NA
NA,"NOX5",NA
NA,"IL18R1",NA
NA,"BPESC1",NA
NA,"LOC100506776",NA
NA,"ATP2A1",NA
NA,"CMAHP",NA
NA,"RBMX",NA
NA,"LOC284798",NA
NA,"MGC34034",NA
NA,"LOC100124692",NA
NA,"TSGA14",NA
NA,"VWCE",NA
NA,"BCL6B",NA
NA,"ZNF257",NA
NA,"RHPN2",NA
NA,"HTR4",NA
NA,"AGBL3",NA
NA,"GRB2",NA
NA,"SESN2",NA
NA,"ESPN",NA
NA,"PNPLA8",NA
NA,"ZNF281",NA
NA,"SCARNA9",NA
NA,"RPLP0P2",NA
NA,"TPP1",NA
NA,"CD300E",NA
NA,"NLRP7",NA
NA,"NR4A2",NA
NA,"RNF185",NA
NA,"C4orf46",NA
NA,"TNFRSF10D",NA
NA,"BAAT",NA
NA,"LOC100190940",NA
NA,"TRIM56",NA
NA,"CYB5RL",NA
NA,"EIF3B",NA
NA,"RDH10",NA
NA,"IARS2",NA
NA,"CYP11B1",NA
NA,"NLK",NA
NA,"ACO1",NA
NA,"RNF219",NA
NA,"MMP14",NA
NA,"CDR2L",NA
NA,"SLC44A2",NA
NA,"ATP1A3",NA
NA,"FAM179A",NA
NA,"AKAP8",NA
NA,"SPHK2",NA
NA,"HIST1H4K",NA
NA,"ZFP91-CNTF",NA
NA,"LOC100505967",NA
NA,"TMEM209",NA
NA,"SCAMP5",NA
NA,"UBE2Q2",NA
NA,"CCDC62",NA
NA,"ARF3",NA
NA,"NLRC4",NA
NA,"HEATR4",NA
NA,"SLC41A2",NA
NA,"USP44",NA
NA,"ADAM17",NA
NA,"RNF31",NA
NA,"SLC27A1",NA
NA,"GTF2IRD2",NA
NA,"DRAM1",NA
NA,"SLC16A7",NA
NA,"CSE1L",NA
NA,"ACAD11",NA
NA,"CD101",NA
NA,"PPFIBP2",NA
NA,"FBXL16",NA
NA,"ATP4A",NA
NA,"SEMA4C",NA
NA,"FAM26E",NA
NA,"HEPACAM",NA
NA,"FTSJ3",NA
NA,"SP140",NA
NA,"DHX16",NA
NA,"ARMCX3",NA
NA,"CDH24",NA
NA,"MGAT4B",NA
NA,"ZNF625-ZNF20",NA
NA,"ANGPTL1",NA
NA,"BANK1",NA
NA,"MMP25",NA
NA,"GIN1",NA
NA,"OXCT1",NA
NA,"NHLRC3",NA
NA,"HHIP",NA
NA,"FUT10",NA
NA,"NTNG1",NA
NA,"RNF2",NA
NA,"FBXL3",NA
NA,"IRF1",NA
NA,"SLU7",NA
NA,"FAM196B",NA
NA,"PDSS2",NA
NA,"ANP32E",NA
NA,"CDC7",NA
NA,"SLC22A17",NA
NA,"FLJ42289",NA
NA,"C15orf17",NA
NA,"AIFM1",NA
NA,"B3GALT2",NA
NA,"CDKN1C",NA
NA,"HM13",NA
NA,"AASDH",NA
NA,"FAM171B",NA
NA,"RNF19B",NA
NA,"NUMBL",NA
NA,"LOC653486",NA
NA,"HIST1H4J",NA
NA,"FAM5B",NA
NA,"YTHDF2",NA
NA,"FKBP9L",NA
NA,"SCRT1",NA
NA,"ZNF169",NA
NA,"HMGB3",NA
NA,"LOC100505832",NA
NA,"ARMC4",NA
NA,"NDUFS1",NA
NA,"RNF24",NA
NA,"IPP",NA
NA,"C1orf213",NA
NA,"XYLT2",NA
NA,"ACBD3",NA
NA,"FAM111B",NA
NA,"C11orf82",NA
NA,"TTLL6",NA
NA,"USH1G",NA
NA,"LSG1",NA
NA,"ZNF497",NA
NA,"HIST1H4B",NA
NA,"HTR2A",NA
NA,"SLC5A5",NA
NA,"SLC4A11",NA
NA,"PGBD1",NA
NA,"CYBASC3",NA
NA,"PLEKHG6",NA
NA,"PDK2",NA
NA,"PEX5L",NA
NA,"STK38",NA
NA,"PMP2",NA
NA,"TOR2A",NA
NA,"MAP3K11",NA
NA,"MED29",NA
NA,"LOC100506472",NA
NA,"PLA2G4D",NA
NA,"MAK16",NA
NA,"PLD5",NA
NA,"MBL2",NA
NA,"RACGAP1",NA
NA,"PVRL2",NA
NA,"PROS1",NA
NA,"DLD",NA
NA,"RPTN",NA
NA,"FERMT2",NA
NA,"CXCR4",NA
NA,"WDR27",NA
NA,"L3MBTL4",NA
NA,"AGBL5",NA
NA,"BAP1",NA
NA,"ANGPTL2",NA
NA,"JRKL",NA
NA,"TMEM231",NA
NA,"UCKL1-AS1",NA
NA,"GTF2IRD2B",NA
NA,"LOC100131138",NA
NA,"CCL24",NA
NA,"PAFAH2",NA
NA,"IPO4",NA
NA,"MYBPC2",NA
NA,"FAM134B",NA
NA,"SPAM1",NA
NA,"FAM73B",NA
NA,"LONRF1",NA
NA,"HNRNPF",NA
NA,"ZFP161",NA
NA,"THAP6",NA
NA,"AGBL2",NA
NA,"PAICS",NA
NA,"HELQ",NA
NA,"C7orf51",NA
NA,"FLJ43826",NA
NA,"SCRT2",NA
NA,"ZNF853",NA
NA,"LOC157381",NA
NA,"STK11IP",NA
NA,"C2orf72",NA
NA,"DLGAP3",NA
NA,"FLJ45983",NA
NA,"RNLS",NA
NA,"NACA",NA
NA,"WHAMMP3",NA
NA,"TMEM217",NA
NA,"SUV39H2",NA
NA,"PDE1B",NA
NA,"EHD2",NA
NA,"TMEM86A",NA
NA,"CATSPERB",NA
NA,"CHRNA7",NA
NA,"RAVER1",NA
NA,"IL1RL1",NA
NA,"KCNB2",NA
NA,"C8orf44-SGK3",NA
NA,"AMFR",NA
NA,"FCHO1",NA
NA,"SART1",NA
NA,"BBS10",NA
NA,"GLT25D1",NA
NA,"KIF9",NA
NA,"S1PR2",NA
NA,"CAPN6",NA
NA,"ARL5B",NA
NA,"TMEM182",NA
NA,"LOC100129027",NA
NA,"BCAS3",NA
NA,"SMAD7",NA
NA,"TMEM123",NA
NA,"MYO1A",NA
NA,"GHDC",NA
NA,"RRM2",NA
NA,"NEFL",NA
NA,"ATF7IP2",NA
NA,"RAD51AP2",NA
NA,"FAM161B",NA
NA,"MTHFSD",NA
NA,"LOC284749",NA
NA,"C3orf62",NA
NA,"IMPA1",NA
NA,"GLE1",NA
NA,"SLC17A4",NA
NA,"GRHL1",NA
NA,"LOC149837",NA
NA,"C3orf20",NA
NA,"NDFIP1",NA
NA,"FAM25A",NA
NA,"ZNF213",NA
NA,"CEACAM5",NA
NA,"ZNF266",NA
NA,"FPGT-TNNI3K",NA
NA,"ADAM8",NA
NA,"MPHOSPH9",NA
NA,"PLD2",NA
NA,"RAB37",NA
NA,"PI4K2B",NA
NA,"TOB2P1",NA
NA,"RBM26",NA
NA,"TUSC5",NA
NA,"AZI1",NA
NA,"SRSF3",NA
NA,"STMN1",NA
NA,"RPAIN",NA
NA,"SRSF12",NA
NA,"GBA2",NA
NA,"RORB",NA
NA,"PPP1R3F",NA
NA,"PODNL1",NA
NA,"SLC12A8",NA
NA,"TEX10",NA
NA,"SYAP1",NA
NA,"KIRREL",NA
NA,"DCAF6",NA
NA,"ALDH18A1",NA
NA,"PNN",NA
NA,"OPRL1",NA
NA,"CXorf22",NA
NA,"ERN2",NA
NA,"NXF4",NA
NA,"LRRC8E",NA
NA,"DHX36",NA
NA,"LOC100216545",NA
NA,"C7orf31",NA
NA,"SNAR-A14",NA
NA,"GIMAP5",NA
NA,"TCHHL1",NA
NA,"REPS1",NA
NA,"SRRM3",NA
NA,"ZNF778",NA
NA,"C22orf13",NA
NA,"ELOVL6",NA
NA,"GYS1",NA
NA,"USP29",NA
NA,"TEC",NA
NA,"CCDC158",NA
NA,"ERMAP",NA
NA,"BMPR1A",NA
NA,"CD300LG",NA
NA,"GUCY2D",NA
NA,"C5orf22",NA
NA,"LRRC19",NA
NA,"ELTD1",NA
NA,"MAMDC2",NA
NA,"C11orf63",NA
NA,"NTN4",NA
NA,"CCDC125",NA
NA,"VGLL2",NA
NA,"UHRF2",NA
NA,"RELL2",NA
NA,"HECTD3",NA
NA,"FAM186B",NA
NA,"SNX22",NA
NA,"MERTK",NA
NA,"CHN1",NA
NA,"ANKRD34A",NA
NA,"DHRS9",NA
NA,"NCRNA00175",NA
NA,"ZPLD1",NA
NA,"KGFLP1",NA
NA,"CLEC12B",NA
NA,"ATP5I",NA
NA,"NFKB2",NA
NA,"CC2D1A",NA
NA,"SLC9A9",NA
NA,"LRP11",NA
NA,"ZBTB7B",NA
NA,"PPP6R1",NA
NA,"SCARF2",NA
NA,"HOXB3",NA
NA,"ST6GALNAC3",NA
NA,"NCRNA00202",NA
NA,"CYP4F11",NA
NA,"ACTR8",NA
NA,"FBXO44",NA
NA,"AXDND1",NA
NA,"PYGM",NA
NA,"NPIPL3",NA
NA,"PRDM7",NA
NA,"ZNF334",NA
NA,"LDHA",NA
NA,"MARK3",NA
NA,"CHRNA5",NA
NA,"XAF1",NA
NA,"VLDLR",NA
NA,"FAM101B",NA
NA,"GRAMD3",NA
NA,"CCNL2",NA
NA,"ZNF195",NA
NA,"GEMC1",NA
NA,"SESN1",NA
NA,"MICAL1",NA
NA,"LGR6",NA
NA,"OPALIN",NA
NA,"C11orf45",NA
NA,"FKRP",NA
NA,"IL17REL",NA
NA,"PCDHB4",NA
NA,"YIPF5",NA
NA,"MAGEA9B",NA
NA,"PAQR6",NA
NA,"LRIT3",NA
NA,"PDHA1",NA
NA,"ZNF343",NA
NA,"DNAJC19",NA
NA,"APBA2",NA
NA,"KIF19",NA
NA,"B3GNT7",NA
NA,"NEFM",NA
NA,"SEC61A1",NA
NA,"NPY2R",NA
NA,"EIF2C3",NA
NA,"TOX3",NA
NA,"CLDN18",NA
NA,"LOC401324",NA
NA,"TTLL7",NA
NA,"EPC2",NA
NA,"ATP13A5",NA
NA,"GLRA3",NA
NA,"SLC25A44",NA
NA,"ZMYM5",NA
NA,"SEZ6L2",NA
NA,"CEACAM1",NA
NA,"TMEM194B",NA
NA,"SNCAIP",NA
NA,"TNFRSF21",NA
NA,"OFD1",NA
NA,"ANPEP",NA
NA,"PITPNA",NA
NA,"TRIB1",NA
NA,"HIST1H4L",NA
NA,"C1orf144",NA
NA,"SLC19A2",NA
NA,"POMT1",NA
NA,"SLC6A9",NA
NA,"RELT",NA
NA,"NUMB",NA
NA,"KAT7",NA
NA,"SCHIP1",NA
NA,"CCDC25",NA
NA,"GPR132",NA
NA,"PTRF",NA
NA,"NDRG1",NA
NA,"MPL",NA
NA,"OSBPL7",NA
NA,"AIRE",NA
NA,"B3GALNT1",NA
NA,"DKK2",NA
NA,"MAMDC4",NA
NA,"ZBTB42",NA
NA,"LOC255480",NA
NA,"CDH11",NA
NA,"ANAPC16",NA
NA,"CAPN3",NA
NA,"PHAX",NA
NA,"WDR59",NA
NA,"CACNA2D3",NA
NA,"NELF",NA
NA,"TMPRSS4",NA
NA,"OGG1",NA
NA,"SPINK4",NA
NA,"CDK18",NA
NA,"TP53I11",NA
NA,"GADL1",NA
NA,"PAX5",NA
NA,"MS4A2",NA
NA,"LOXL4",NA
NA,"UTP15",NA
NA,"FAM160A2",NA
NA,"TMEM8A",NA
NA,"YIF1B",NA
NA,"LOC100507391",NA
NA,"STK31",NA
NA,"TPX2",NA
NA,"MMGT1",NA
NA,"PRIMA1",NA
NA,"SLC20A2",NA
NA,"FAM122A",NA
NA,"ERLIN1",NA
NA,"LOC440104",NA
NA,"TRAF7",NA
NA,"ADAT1",NA
NA,"ANKRD20A8P",NA
NA,"CDH22",NA
NA,"ZNF648",NA
NA,"RAP1GAP",NA
NA,"KCNC2",NA
NA,"ATXN7L3",NA
NA,"O3FAR1",NA
NA,"HSPH1",NA
NA,"AXIN1",NA
NA,"C11orf94",NA
NA,"CHFR",NA
NA,"TIMP2",NA
NA,"MC2R",NA
NA,"CDC42SE2",NA
NA,"PRKAR2B",NA
NA,"ASZ1",NA
NA,"ZNF215",NA
NA,"SDC1",NA
NA,"TPRG1",NA
NA,"UBIAD1",NA
NA,"LOC646471",NA
NA,"C14orf48",NA
NA,"LOC90784",NA
NA,"CX3CR1",NA
NA,"MUC21",NA
NA,"TOLLIP",NA
NA,"ADAMTS8",NA
NA,"PTPN18",NA
NA,"ABCD1",NA
NA,"MMS19",NA
NA,"CLRN1",NA
NA,"IGF2BP2",NA
NA,"RADIL",NA
NA,"KIF23",NA
NA,"TGFBRAP1",NA
NA,"MCCC2",NA
NA,"BAIAP2L1",NA
NA,"PELP1",NA
NA,"CCDC150",NA
NA,"THAP5",NA
NA,"BCORP1",NA
NA,"UCP3",NA
NA,"SLC25A30",NA
NA,"LOC285045",NA
NA,"JAM3",NA
NA,"PRKD1",NA
NA,"HIST1H4D",NA
NA,"HIST1H4G",NA
NA,"SLC2A1",NA
NA,"FLJ37201",NA
NA,"AP3M2",NA
NA,"NET1",NA
NA,"ETS2",NA
NA,"TDRKH",NA
NA,"DCAF12",NA
NA,"VPS26B",NA
NA,"LOC338817",NA
NA,"CNOT7",NA
NA,"GPR34",NA
NA,"VSIG10L",NA
NA,"NLRP4",NA
NA,"XYLB",NA
NA,"RPP14",NA
NA,"RNF4",NA
NA,"TNFRSF1B",NA
NA,"EFTUD1",NA
NA,"METTL4",NA
NA,"PHF13",NA
NA,"LOC100126784",NA
NA,"WTH3DI",NA
NA,"GRIK1",NA
NA,"ZNF182",NA
NA,"NBPF14",NA
NA,"SIGLEC10",NA
NA,"ZNF543",NA
NA,"CASS4",NA
NA,"C9orf131",NA
NA,"CYB5R3",NA
NA,"ATP5EP2",NA
NA,"HIST1H4F",NA
NA,"RPAP3",NA
NA,"NHSL2",NA
NA,"HKDC1",NA
NA,"MX1",NA
NA,"WDR48",NA
NA,"PTPN22",NA
NA,"TMEM169",NA
NA,"SRBD1",NA
NA,"FLJ31485",NA
NA,"ZRANB3",NA
NA,"GPR110",NA
NA,"IL20RA",NA
NA,"TTC18",NA
NA,"C17orf62",NA
NA,"ZNF705D",NA
NA,"KLHL30",NA
NA,"GPC1",NA
NA,"KLHL25",NA
NA,"HN1L",NA
NA,"ETF1",NA
NA,"MAPKAP1",NA
NA,"GUCY2F",NA
NA,"AP3B2",NA
NA,"TGS1",NA
NA,"CD274",NA
NA,"DNASE1L1",NA
NA,"LOC646324",NA
NA,"BDH1",NA
NA,"PRDM9",NA
NA,"CRHR2",NA
NA,"ATXN7L3B",NA
NA,"TTC39B",NA
NA,"SLC16A4",NA
NA,"AIF1L",NA
NA,"UBR7",NA
NA,"ST3GAL5",NA
NA,"CCR6",NA
NA,"L3MBTL1",NA
NA,"TXNDC15",NA
NA,"FOXI1",NA
NA,"SLAIN1",NA
NA,"VIPAR",NA
NA,"ACTC1",NA
NA,"NSUN7",NA
NA,"KIFC3",NA
NA,"SACM1L",NA
NA,"FIGNL1",NA
NA,"CSTF3",NA
NA,"ZNF418",NA
NA,"PIK3CA",NA
NA,"UTP23",NA
NA,"DGAT1",NA
NA,"PDK4",NA
NA,"HIST1H4I",NA
NA,"LOC100505576",NA
NA,"PLAC2",NA
NA,"HNRNPA2B1",NA
NA,"CXorf49",NA
NA,"ANO2",NA
NA,"ANKRD20A5P",NA
NA,"LRP3",NA
NA,"ZFP36L2",NA
NA,"CDC25A",NA
NA,"PPAT",NA
NA,"PAXIP1",NA
NA,"NUP93",NA
NA,"KCTD2",NA
NA,"SLC26A8",NA
NA,"ZNF554",NA
NA,"SKP2",NA
NA,"CATSPERG",NA
NA,"TBCK",NA
NA,"TAX1BP1",NA
NA,"WLS",NA
NA,"MEFV",NA
NA,"LOC100294362",NA
NA,"KIRREL2",NA
NA,"CHDH",NA
NA,"ZNF367",NA
NA,"ATP1A1OS",NA
NA,"PCSK9",NA
NA,"ZNF551",NA
NA,"GLIS2",NA
NA,"GDF6",NA
NA,"FAM21A",NA
NA,"RHPN1",NA
NA,"MAGEE1",NA
NA,"COMMD2",NA
NA,"PPP2R2B",NA
NA,"FZR1",NA
NA,"AOX2P",NA
NA,"TSIX",NA
NA,"NAPG",NA
NA,"SLC27A6",NA
NA,"LOC442421",NA
NA,"TMEM132A",NA
NA,"NFXL1",NA
NA,"LOC100506497",NA
NA,"CAPN2",NA
NA,"ANKRD26P3",NA
NA,"ALDOA",NA
NA,"LRRC4",NA
NA,"NRBP2",NA
NA,"CDCA2",NA
NA,"LOC286184",NA
NA,"GPC4",NA
NA,"IFITM10",NA
NA,"NETO2",NA
NA,"NFE2L3",NA
NA,"KBTBD2",NA
NA,"LMX1A",NA
NA,"RHBDF2",NA
NA,"E2F8",NA
NA,"SLA",NA
NA,"HCN3",NA
NA,"EXOC6",NA
NA,"SYT12",NA
NA,"ZC3H18",NA
NA,"ZSCAN12P1",NA
NA,"HIST1H4A",NA
NA,"CPXM2",NA
NA,"NEK4",NA
NA,"EXOC1",NA
NA,"GARNL3",NA
NA,"SLC25A24",NA
NA,"MAPRE2",NA
NA,"SSR3",NA
NA,"CCR5",NA
NA,"LOC286190",NA
NA,"RAPGEFL1",NA
NA,"TOP1",NA
NA,"ZNF282",NA
NA,"GTF2IRD1",NA
NA,"LOC283432",NA
NA,"PCDHB7",NA
NA,"FLJ46361",NA
NA,"CSGALNACT2",NA
NA,"PLEKHO2",NA
NA,"NEFH",NA
NA,"FAM160B2",NA
NA,"KCNU1",NA
NA,"GLYR1",NA
NA,"TGIF2",NA
NA,"MAPK8IP2",NA
NA,"PKNOX2",NA
NA,"LOC400950",NA
NA,"NAGA",NA
NA,"PPM1K",NA
NA,"NCLN",NA
NA,"RBM6",NA
NA,"UNC5A",NA
NA,"BUB1B",NA
NA,"SLC9A5",NA
NA,"ACSL5",NA
NA,"LOC100131089",NA
NA,"WNT5B",NA
NA,"ANKRD18A",NA
NA,"ADO",NA
NA,"ZNF384",NA
NA,"POLR2B",NA
NA,"C6orf222",NA
NA,"LRRN3",NA
NA,"UBA1",NA
NA,"RFX5",NA
NA,"CDK20",NA
NA,"GPBP1L1",NA
NA,"C14orf23",NA
NA,"SLC6A7",NA
NA,"SMO",NA
NA,"PHYHIPL",NA
NA,"LRFN5",NA
NA,"C2orf69",NA
NA,"SP8",NA
NA,"PLSCR4",NA
NA,"SLC1A1",NA
NA,"BEST3",NA
NA,"RRN3",NA
NA,"HIST1H4H",NA
NA,"SPAG11A",NA
NA,"ZNF25",NA
NA,"TDP1",NA
NA,"ZFP112",NA
NA,"MCM7",NA
NA,"FKBP4",NA
NA,"DHX40",NA
NA,"MAP2K4",NA
NA,"LOC100130522",NA
NA,"PCA3",NA
NA,"C3P1",NA
NA,"PNKD",NA
NA,"PAQR3",NA
NA,"BIRC2",NA
NA,"NEAT1",NA
NA,"NPRL3",NA
NA,"CEBPG",NA
NA,"MCM6",NA
NA,"SLC6A8",NA
NA,"ACAP3",NA
NA,"TMTC4",NA
NA,"C9orf68",NA
NA,"RAD21",NA
NA,"FBXO31",NA
NA,"RBBP8",NA
NA,"LPL",NA
NA,"PDZD4",NA
NA,"RGSL1",NA
NA,"ENOX1",NA
NA,"CPT1B",NA
NA,"YWHAZ",NA
NA,"LRSAM1",NA
NA,"OLFM1",NA
NA,"RBMY1F",NA
NA,"OGDHL",NA
NA,"HOMEZ",NA
NA,"GIT1",NA
NA,"GEMIN4",NA
NA,"MORC1",NA
NA,"ASB14",NA
NA,"FRMD8",NA
NA,"USP30",NA
NA,"MLPH",NA
NA,"ELFN1",NA
NA,"SGMS1",NA
NA,"PPTC7",NA
NA,"DDN",NA
NA,"CYB5D1",NA
NA,"ELF2",NA
NA,"CFL2",NA
NA,"CDC25B",NA
NA,"CTNNA1",NA
NA,"RSU1",NA
NA,"CREBL2",NA
NA,"CD2BP2",NA
NA,"C6orf223",NA
NA,"YWHAG",NA
NA,"TDRD7",NA
NA,"FGD3",NA
NA,"DDX5",NA
NA,"IMPACT",NA
NA,"KCNQ2",NA
NA,"GPX8",NA
NA,"TAGAP",NA
NA,"WDR60",NA
NA,"GPR114",NA
NA,"ZNF90",NA
NA,"LOC400680",NA
NA,"IRX2",NA
NA,"CLDN12",NA
NA,"PNMA3",NA
NA,"C22orf45",NA
NA,"NSMAF",NA
NA,"NBPF3",NA
NA,"NFYC",NA
NA,"TWSG1",NA
NA,"DDX18",NA
NA,"MASTL",NA
NA,"WFIKKN2",NA
NA,"TCEB3C",NA
NA,"TTC19",NA
NA,"TREML2",NA
NA,"KCNB1",NA
NA,"C9orf100",NA
NA,"CORO7",NA
NA,"ZNF333",NA
NA,"SYN3",NA
NA,"XKR6",NA
NA,"ANKRD20A9P",NA
NA,"OPTN",NA
NA,"VAT1L",NA
NA,"ATG9A",NA
NA,"PRRT3",NA
NA,"FAM75C2",NA
NA,"ARL11",NA
NA,"ELMO2",NA
NA,"BDNF-AS1",NA
NA,"CSNK1D",NA
NA,"C20orf132",NA
NA,"HOTTIP",NA
NA,"DEFB123",NA
NA,"HIST1H4E",NA
NA,"MS4A1",NA
NA,"PELI1",NA
NA,"LSM14A",NA
NA,"SLC19A3",NA
NA,"MYADM",NA
NA,"DDX31",NA
NA,"BMP8B",NA
NA,"ZNF788",NA
NA,"RRBP1",NA
NA,"THNSL1",NA
NA,"SGK494",NA
NA,"MXD4",NA
NA,"OPN5",NA
NA,"ACTN1",NA
NA,"LOC285456",NA
NA,"C10orf128",NA
NA,"MT1B",NA
NA,"SYS1-DBNDD2",NA
NA,"SPINT4",NA
NA,"LOC150776",NA
NA,"ABCG1",NA
NA,"ZDHHC23",NA
NA,"LOC339505",NA
NA,"SPOCK3",NA
NA,"FOSB",NA
NA,"SYPL2",NA
NA,"ABCD3",NA
NA,"SLC10A2",NA
NA,"NIPA2",NA
NA,"ZCCHC18",NA
NA,"PIWIL1",NA
NA,"PRPF40B",NA
NA,"LCP1",NA
NA,"FBXO18",NA
NA,"PIPSL",NA
NA,"BHLHE41",NA
NA,"CABLES2",NA
NA,"SEPT14",NA
NA,"FAM75C1",NA
NA,"NMNAT1",NA
NA,"CD1D",NA
NA,"SYT3",NA
NA,"KCNK5",NA
NA,"IL10RA",NA
NA,"RBM4",NA
NA,"OTOA",NA
NA,"POLRMT",NA
NA,"RAB10",NA
NA,"MTHFD1L",NA
NA,"PARP12",NA
NA,"LOC100526771",NA
NA,"RPS28",NA
NA,"FAM107B",NA
NA,"PLIN3",NA
NA,"ZNF175",NA
NA,"TBC1D22A",NA
NA,"SCMH1",NA
NA,"SPATS2",NA
NA,"SEPT2",NA
NA,"SLC13A1",NA
NA,"COPB1",NA
NA,"ANAPC7",NA
NA,"C17orf85",NA
NA,"CACNA2D1",NA
NA,"DCLRE1B",NA
NA,"SPAG5",NA
NA,"ACSL1",NA
NA,"GLDC",NA
NA,"FBXL19",NA
NA,"MIDN",NA
NA,"POGLUT1",NA
NA,"LRRFIP2",NA
NA,"CDH17",NA
NA,"SCYL2",NA
NA,"BICD1",NA
NA,"C15orf55",NA
NA,"PGRMC2",NA
NA,"CIZ1",NA
NA,"APOBR",NA
NA,"PPPDE2",NA
NA,"C4orf19",NA
NA,"ARMCX5-GPRASP2",NA
NA,"NPPC",NA
NA,"LOC100506810",NA
NA,"MBOAT2",NA
NA,"RNF182",NA
NA,"SP6",NA
NA,"PUS10",NA
NA,"C21orf34",NA
NA,"ANKRD32",NA
NA,"ZC3H7A",NA
NA,"C8orf84",NA
NA,"ZNF385B",NA
NA,"CLIC6",NA
NA,"LOC253039",NA
NA,"FLJ36000",NA
NA,"LIPE",NA
NA,"GCLC",NA
NA,"KLHL32",NA
NA,"RECQL4",NA
NA,"LOXL2",NA
NA,"RAB9B",NA
NA,"TOR1AIP1",NA
NA,"WDFY2",NA
NA,"NANP",NA
NA,"LOC643406",NA
NA,"TYSND1",NA
NA,"RABGEF1",NA
NA,"FAM134C",NA
NA,"CAPN14",NA
NA,"CHID1",NA
NA,"LOC100130705",NA
NA,"PLS3",NA
NA,"PRSS23",NA
NA,"NRIP3",NA
NA,"CORO1C",NA
NA,"CKAP2",NA
NA,"TNFAIP1",NA
NA,"LOC401022",NA
NA,"ARHGAP25",NA
NA,"PHOSPHO1",NA
NA,"FLJ35390",NA
NA,"RAB2A",NA
NA,"C12orf4",NA
NA,"FLVCR2",NA
NA,"TBC1D25",NA
NA,"DDX52",NA
NA,"CD99L2",NA
NA,"F2R",NA
NA,"LOC100132247",NA
NA,"C17orf80",NA
NA,"USO1",NA
NA,"C9orf146",NA
NA,"MSL1",NA
NA,"TSGA10",NA
NA,"RGS7BP",NA
NA,"POMGNT1",NA
NA,"NLRP14",NA
NA,"IFT81",NA
NA,"RAB36",NA
NA,"POU4F1",NA
NA,"ANKRD5",NA
NA,"C9orf139",NA
NA,"GOLGA6L1",NA
NA,"ANUBL1",NA
NA,"ORC2",NA
NA,"GUCY2C",NA
NA,"CDKN2B-AS1",NA
NA,"LOC731275",NA
NA,"ZNF3",NA
NA,"PSG1",NA
NA,"FGB",NA
NA,"TULP3",NA
NA,"FLT3",NA
NA,"FZD2",NA
NA,"ROBO4",NA
NA,"HMHB1",NA
NA,"GLI1",NA
NA,"SEC23A",NA
NA,"DIS3L",NA
NA,"LRRN1",NA
NA,"TNFRSF8",NA
NA,"PIP5K1A",NA
NA,"MATN1",NA
NA,"C16orf53",NA
NA,"HSPC159",NA
NA,"PIP4K2A",NA
NA,"RUNDC1",NA
NA,"EMILIN3",NA
NA,"SH2D5",NA
NA,"FAM184B",NA
NA,"RP2",NA
NA,"ELF1",NA
NA,"ATG16L1",NA
NA,"SCARA3",NA
NA,"DNM1P46",NA
NA,"GPR55",NA
NA,"EGFEM1P",NA
NA,"MKRN1",NA
NA,"MXI1",NA
NA,"GALNT1",NA
NA,"CTDP1",NA
NA,"C9orf140",NA
NA,"XPC",NA
NA,"BCL7A",NA
NA,"MMP2",NA
NA,"FSTL1",NA
NA,"C1orf189",NA
NA,"KIF17",NA
NA,"RNF10",NA
NA,"KCNH5",NA
NA,"SLC6A10P",NA
NA,"ITGAE",NA
NA,"PHOSPHO2-KLHL23",NA
NA,"PADI1",NA
NA,"SHPK",NA
NA,"PARD6G",NA
NA,"ZNF729",NA
NA,"DDX26B",NA
NA,"PDZD8",NA
NA,"FHOD1",NA
NA,"ISY1",NA
NA,"C6",NA
NA,"CCAR1",NA
NA,"FBF1",NA
NA,"SPTLC3",NA
NA,"GINS4",NA
NA,"RBM10",NA
NA,"STK40",NA
NA,"GPR137",NA
NA,"CCDC39",NA
NA,"EIF5AL1",NA
NA,"SERINC2",NA
NA,"TRIM62",NA
NA,"FAM83A",NA
NA,"RIN3",NA
NA,"CLIP3",NA
NA,"BZW1",NA
NA,"SLC11A1",NA
NA,"CDC40",NA
NA,"VNN1",NA
NA,"LOC100289019",NA
NA,"KCNH3",NA
NA,"ATP13A1",NA
NA,"APLF",NA
NA,"GATA2",NA
NA,"ACSF3",NA
NA,"CNGA3",NA
NA,"TBC1D23",NA
NA,"NUP43",NA
NA,"NRF1",NA
NA,"RAD51B",NA
NA,"ZNF431",NA
NA,"RNF138",NA
NA,"IL31RA",NA
NA,"AMD1",NA
NA,"VCP",NA
NA,"FEM1A",NA
NA,"ABCB10",NA
NA,"SEPT4",NA
NA,"ZNF628",NA
NA,"PAPSS2",NA
NA,"CCDC132",NA
NA,"C9orf86",NA
NA,"POGK",NA
NA,"TSPAN3",NA
NA,"ZNF460",NA
NA,"SCUBE1",NA
NA,"ATAD3C",NA
NA,"SEMA4A",NA
NA,"SMURF2",NA
NA,"IL4R",NA
NA,"GPM6A",NA
NA,"F13A1",NA
NA,"CA13",NA
NA,"LOC644145",NA
NA,"WDR3",NA
NA,"NFATC2IP",NA
NA,"FZD7",NA
NA,"TAB1",NA
NA,"ADAM28",NA
NA,"IGSF11",NA
NA,"C4orf10",NA
NA,"CDK5R1",NA
NA,"RBBP9",NA
NA,"RALGDS",NA
NA,"GNG2",NA
NA,"KCNE1",NA
NA,"RIPK1",NA
NA,"IKBIP",NA
NA,"NCDN",NA
NA,"SLC18A2",NA
NA,"FOXM1",NA
NA,"FAM155A",NA
NA,"C3orf52",NA
NA,"LRRCC1",NA
NA,"SRP72",NA
NA,"KDM1B",NA
NA,"IRAK1",NA
NA,"SRPK2",NA
NA,"TIE1",NA
NA,"SLC39A6",NA
NA,"C2orf55",NA
NA,"LOC100286793",NA
NA,"NAPB",NA
NA,"GTF3C4",NA
NA,"SELE",NA
NA,"CASD1",NA
NA,"ELAC2",NA
NA,"CUL4A",NA
NA,"C16orf62",NA
NA,"ZNF74",NA
NA,"RIPK4",NA
NA,"WFS1",NA
NA,"LOC401320",NA
NA,"PTER",NA
NA,"RPRD1B",NA
NA,"EIF2A",NA
NA,"BAG1",NA
NA,"STAM",NA
NA,"TMEM108",NA
NA,"RAB33B",NA
NA,"HERC6",NA
NA,"TCF19",NA
NA,"RNFT2",NA
NA,"OTUB2",NA
NA,"TMEM184B",NA
NA,"TBC1D13",NA
NA,"ARL3",NA
NA,"KIF5A",NA
NA,"TUBGCP3",NA
NA,"NLRP5",NA
NA,"TLR9",NA
NA,"C8orf80",NA
NA,"EGR2",NA
NA,"ZNF841",NA
NA,"GRM4",NA
NA,"LCE4A",NA
NA,"KCNA2",NA
NA,"APLP2",NA
NA,"SPINK5",NA
NA,"MTRF1L",NA
NA,"SPOCD1",NA
NA,"ADRA2A",NA
NA,"SLC24A3",NA
NA,"ELOVL7",NA
NA,"LOC100130238",NA
NA,"TRIM59",NA
NA,"C5orf13",NA
NA,"MUT",NA
NA,"TUSC3",NA
NA,"STC1",NA
NA,"HMG20A",NA
NA,"DPP4",NA
NA,"NSFL1C",NA
NA,"RABL3",NA
NA,"MICAL2",NA
NA,"CCDC15",NA
NA,"LMO3",NA
NA,"SMEK1",NA
NA,"MED24",NA
NA,"URGCP",NA
NA,"C10orf2",NA
NA,"APTX",NA
NA,"LIG3",NA
NA,"CARD10",NA
NA,"LOC100506548",NA
NA,"SASS6",NA
NA,"LUZP6",NA
NA,"IRS4",NA
NA,"SCP2",NA
NA,"GPR137C",NA
NA,"CERS3",NA
NA,"NLRP2",NA
NA,"TSC22D2",NA
NA,"C1orf27",NA
NA,"FRMPD2P1",NA
NA,"DDX12",NA
NA,"ITGAD",NA
NA,"FUK",NA
NA,"ANXA8L1",NA
NA,"ZNF792",NA
NA,"C1orf129",NA
NA,"PTPRN",NA
NA,"LOC286002",NA
NA,"ECT2",NA
NA,"TWISTNB",NA
NA,"HIST1H4C",NA
NA,"VPS18",NA
NA,"MXRA7",NA
NA,"C2orf44",NA
NA,"DZIP1L",NA
NA,"DISC2",NA
NA,"DGKK",NA
NA,"LLGL2",NA
NA,"SIDT2",NA
NA,"ANKRD13A",NA
NA,"LOC162632",NA
NA,"ZNF45",NA
NA,"DIRC3",NA
NA,"KCNK2",NA
NA,"SMTN",NA
NA,"CNBP",NA
NA,"ABCB9",NA
NA,"USPL1",NA
NA,"HHIPL1",NA
NA,"DBF4",NA
NA,"PLAGL1",NA
NA,"MKX",NA
NA,"SLCO1C1",NA
NA,"GPHB5",NA
NA,"RPS21",NA
NA,"WNT4",NA
NA,"GTF3C2",NA
NA,"EHD3",NA
NA,"CPSF7",NA
NA,"GLIPR1",NA
NA,"C1QTNF5",NA
NA,"DSG4",NA
NA,"GAA",NA
NA,"C6orf174",NA
NA,"TRPM5",NA
NA,"EXT2",NA
NA,"NCAPG2",NA
NA,"REEP1",NA
NA,"TTI1",NA
NA,"KCNH4",NA
NA,"CASP8",NA
NA,"C2orf18",NA
NA,"LOC100289495",NA
NA,"PMPCB",NA
NA,"XKR4",NA
NA,"FAM90A7",NA
NA,"HSFX1",NA
NA,"LEPRE1",NA
NA,"CXorf40A",NA
NA,"HP1BP3",NA
NA,"PTPRH",NA
NA,"WNT7B",NA
NA,"B3GAT1",NA
NA,"SLC17A6",NA
NA,"C11orf49",NA
NA,"RBM43",NA
NA,"CHN2",NA
NA,"ADAM10",NA
NA,"DHFR",NA
NA,"DPY19L2P1",NA
NA,"KCTD3",NA
NA,"NCKAP1L",NA
NA,"KIAA1919",NA
NA,"HEATR6",NA
NA,"PTPN4",NA
NA,"LIF",NA
NA,"PTENP1",NA
NA,"CADM3",NA
NA,"SRRM1",NA
NA,"CAMK2G",NA
NA,"EPN3",NA
NA,"AZI2",NA
NA,"EXO1",NA
NA,"LEPREL1",NA
NA,"ABCG4",NA
NA,"PFKM",NA
NA,"SERPINB8",NA
NA,"TMPRSS15",NA
NA,"SLC6A3",NA
NA,"MARCH5",NA
NA,"RNF20",NA
NA,"CEP85",NA
NA,"ALG1",NA
NA,"XPOT",NA
NA,"RPGRIP1",NA
NA,"GNPNAT1",NA
NA,"C14orf135",NA
NA,"PIK3R2",NA
NA,"LILRA6",NA
NA,"PTP4A2",NA
NA,"NOLC1",NA
NA,"C7orf63",NA
NA,"NLRP8",NA
NA,"EMILIN1",NA
NA,"CXorf57",NA
NA,"ALDH1A2",NA
NA,"PTPN9",NA
NA,"SEMA6B",NA
NA,"GHSR",NA
NA,"KIAA1598",NA
NA,"STK17A",NA
NA,"TMEM57",NA
NA,"ACTR2",NA
NA,"SLC2A3",NA
NA,"ENPP6",NA
NA,"NLRX1",NA
NA,"CTCF",NA
NA,"NADKD1",NA
NA,"RAP2C",NA
NA,"SLIRP",NA
NA,"MT1A",NA
NA,"MT1G",NA
NA,"RAB27A",NA
NA,"BEAN1",NA
NA,"ANKRD34B",NA
NA,"SLC10A3",NA
NA,"SWT1",NA
NA,"RNF6",NA
NA,"SOX9",NA
NA,"VIPR2",NA
NA,"POF1B",NA
NA,"FLJ42875",NA
NA,"FGF7",NA
NA,"LPCAT1",NA
NA,"CAV1",NA
NA,"C12orf74",NA
NA,"ACTN4",NA
NA,"PABPC1P2",NA
NA,"FMNL1",NA
NA,"ITGA9",NA
NA,"FAM78A",NA
NA,"ABCF2",NA
NA,"ENPP2",NA
NA,"ABI1",NA
NA,"CTTN",NA
NA,"PLDN",NA
NA,"ZIC3",NA
NA,"PSMA5",NA
NA,"ARF6",NA
NA,"PHOCN",NA
NA,"C7orf60",NA
NA,"SHOC2",NA
NA,"HAUS2",NA
NA,"GCFC1-AS1",NA
NA,"GIMAP8",NA
NA,"IGHMBP2",NA
NA,"EHMT2",NA
NA,"MT1H",NA
NA,"FLJ12825",NA
NA,"ADRA1A",NA
NA,"FAM76B",NA
NA,"HSDL1",NA
NA,"FAM171A1",NA
NA,"CPEB1",NA
NA,"PTPN2",NA
NA,"PDCD4",NA
NA,"TMEM168",NA
NA,"EPHA2",NA
NA,"VARS2",NA
NA,"STXBP1",NA
NA,"HHAT",NA
NA,"RBM17",NA
NA,"SLC16A6",NA
NA,"ZNF2",NA
NA,"PCMTD2",NA
NA,"SGK1",NA
NA,"CYP8B1",NA
NA,"KIF6",NA
NA,"HIST2H4A",NA
NA,"HIST2H4B",NA
NA,"ANP32D",NA
NA,"FABP9",NA
NA,"FBXL19-AS1",NA
NA,"HS6ST1",NA
NA,"GATAD1",NA
NA,"PNMA5",NA
NA,"SYT9",NA
NA,"ZNF526",NA
NA,"SLC6A12",NA
NA,"R3HDM2",NA
NA,"TYRO3",NA
NA,"SERAC1",NA
NA,"RNF207",NA
NA,"NEUROD4",NA
NA,"LENG8",NA
NA,"ZDHHC14",NA
NA,"TSPEAR",NA
NA,"DENND2C",NA
NA,"CSRP2BP",NA
NA,"CBX7",NA
NA,"MYBPC1",NA
NA,"ADIPOR2",NA
NA,"TNFAIP8L1",NA
NA,"CBLB",NA
NA,"SKAP2",NA
NA,"MSN",NA
NA,"LBR",NA
NA,"PRKAR1A",NA
NA,"TROVE2",NA
NA,"CARNS1",NA
NA,"SPPL2B",NA
NA,"KIAA1407",NA
NA,"OXNAD1",NA
NA,"AP3B1",NA
NA,"TM9SF4",NA
NA,"FAM110C",NA
NA,"LIX1",NA
NA,"PARP1",NA
NA,"KIAA0226L",NA
NA,"HSPA5",NA
NA,"EDA2R",NA
NA,"KCTD10",NA
NA,"LMOD1",NA
NA,"CA12",NA
NA,"C17orf70",NA
NA,"BCL6",NA
NA,"CDK16",NA
NA,"SLC38A4",NA
NA,"CHPF2",NA
NA,"ZNF167",NA
NA,"UGT2B15",NA
NA,"CSF1R",NA
NA,"NCAPH2",NA
NA,"PWWP2B",NA
NA,"CALCR",NA
NA,"CTNNA2",NA
NA,"SRP19",NA
NA,"SLC17A8",NA
NA,"ZNF528",NA
NA,"COL9A1",NA
NA,"EFHA2",NA
NA,"DDX11",NA
NA,"DDX42",NA
NA,"LOC339290",NA
NA,"GJB3",NA
NA,"C11orf58",NA
NA,"CASC4",NA
NA,"C16orf72",NA
NA,"ERCC1",NA
NA,"MEI1",NA
NA,"FBXL5",NA
NA,"UBE2D4",NA
NA,"KCNK3",NA
NA,"ACPP",NA
NA,"ESRP1",NA
NA,"ANKRD22",NA
NA,"SLC25A12",NA
NA,"CCDC85A",NA
NA,"NLGN3",NA
NA,"CAB39L",NA
NA,"PRND",NA
NA,"PLK4",NA
NA,"HDAC8",NA
NA,"PITRM1",NA
NA,"ATP12A",NA
NA,"CDC42EP3",NA
NA,"FAM45B",NA
NA,"LOC389033",NA
NA,"RPL39",NA
NA,"CCDC117",NA
NA,"SLC16A9",NA
NA,"NDST2",NA
NA,"HSPA13",NA
NA,"ZNF254",NA
NA,"CORO2B",NA
NA,"ERN1",NA
NA,"NPAS2",NA
NA,"PSMF1",NA
NA,"LOC144438",NA
NA,"CLSTN3",NA
NA,"SIM1",NA
NA,"OPLAH",NA
NA,"L1TD1",NA
NA,"ZNF48",NA
NA,"POM121L1P",NA
NA,"QTRTD1",NA
NA,"C1orf130",NA
NA,"RAB31",NA
NA,"FOSL2",NA
NA,"TTC23",NA
NA,"PDXDC1",NA
NA,"HIRA",NA
NA,"RAP1GDS1",NA
NA,"TNP1",NA
NA,"OSTN",NA
NA,"TM4SF19-TCTEX1D2",NA
NA,"LY6G6D",NA
NA,"PDE12",NA
NA,"JPH3",NA
NA,"SIAH3",NA
NA,"THTPA",NA
NA,"NDE1",NA
NA,"NRG2",NA
NA,"CEP112",NA
NA,"TPRA1",NA
NA,"OSBPL5",NA
NA,"ACCN2",NA
NA,"C17orf102",NA
NA,"APP",NA
NA,"C7",NA
NA,"IL13RA1",NA
NA,"BBS9",NA
NA,"PPP2R2A",NA
NA,"LRIG2",NA
NA,"CCDC73",NA
NA,"AP1S3",NA
NA,"TERT",NA
NA,"SEC16B",NA
NA,"ZNF708",NA
NA,"ZDHHC2",NA
NA,"EMILIN2",NA
NA,"UBXN4",NA
NA,"VWA5B2",NA
NA,"SEMA6C",NA
NA,"SHC1",NA
NA,"C1orf55",NA
NA,"PMFBP1",NA
NA,"KRBA1",NA
NA,"FAM129B",NA
NA,"EXTL1",NA
NA,"ANKRD24",NA
NA,"ARCN1",NA
NA,"EVI5L",NA
NA,"FAM13C",NA
NA,"ESRP2",NA
NA,"LDLRAD2",NA
NA,"IPO13",NA
NA,"YME1L1",NA
NA,"BEST1",NA
NA,"MAP3K12",NA
NA,"ARL4C",NA
NA,"SRSF6",NA
NA,"DMPK",NA
NA,"LOC100128946",NA
NA,"LOC154822",NA
NA,"MIB2",NA
NA,"ZNF430",NA
NA,"GAD1",NA
NA,"LOC344595",NA
NA,"MT1X",NA
NA,"LIN28A",NA
NA,"CLCA2",NA
NA,"SPAG1",NA
NA,"FOXO4",NA
NA,"MAGT1",NA
NA,"NAT10",NA
NA,"C15orf44",NA
NA,"OBFC2A",NA
NA,"EIF4B",NA
NA,"CLDN5",NA
NA,"ZNF695",NA
NA,"ZBTB8B",NA
NA,"CABP4",NA
NA,"BRAP",NA
NA,"SLC25A15",NA
NA,"ELL",NA
NA,"ZNF70",NA
NA,"ARVCF",NA
NA,"MAK",NA
NA,"FAM155B",NA
NA,"MAGED4B",NA
NA,"ZNF326",NA
NA,"FARP2",NA
NA,"RNF39",NA
NA,"NSF",NA
NA,"SPANXC",NA
NA,"MOV10",NA
NA,"RCBTB1",NA
NA,"RIOK3",NA
NA,"ZNF658",NA
NA,"NPL",NA
NA,"SPG7",NA
NA,"AOC3",NA
NA,"FLRT3",NA
NA,"MGAT1",NA
NA,"ZFP62",NA
NA,"GORAB",NA
NA,"STAU1",NA
NA,"EPHB6",NA
NA,"WDR78",NA
NA,"IL12RB2",NA
NA,"LOC100131564",NA
NA,"TP53TG3",NA
NA,"BMP7",NA
NA,"EMCN",NA
NA,"STIM1",NA
NA,"HAP1",NA
NA,"ZNF468",NA
NA,"TIAL1",NA
NA,"RELL1",NA
NA,"DUSP27",NA
NA,"NLRP11",NA
NA,"CIAO1",NA
NA,"PPP4R1",NA
NA,"THBD",NA
NA,"IFIT5",NA
NA,"RG9MTD2",NA
NA,"TMED10P1",NA
NA,"UBE2W",NA
NA,"PXN",NA
NA,"IL2RB",NA
NA,"THAP9",NA
NA,"SYTL4",NA
NA,"CTAGE5",NA
NA,"WEE1",NA
NA,"DPY19L2",NA
NA,"PRKAG2",NA
NA,"CDHR5",NA
NA,"CLCN3",NA
NA,"ATP6V0E2",NA
NA,"PPP1R9B",NA
NA,"GBP5",NA
NA,"TMEM87A",NA
NA,"PLOD2",NA
NA,"COX7C",NA
NA,"CELF6",NA
NA,"GJD3",NA
NA,"SEC24D",NA
NA,"CMBL",NA
NA,"ATPBD4",NA
NA,"C1QTNF3",NA
NA,"AADACL3",NA
NA,"TYW3",NA
NA,"PALB2",NA
NA,"ZNF202",NA
NA,"ARIH2",NA
NA,"NRD1",NA
NA,"LRRC8D",NA
NA,"HLA-DPB1",NA
NA,"MT1JP",NA
NA,"C9orf153",NA
NA,"FAM19A2",NA
NA,"CTSB",NA
NA,"LOC100133920",NA
NA,"RASGRF2",NA
NA,"TMEM47",NA
NA,"FMO5",NA
NA,"ACBD5",NA
NA,"LRRC4C",NA
NA,"ZNF569",NA
NA,"USP2",NA
NA,"USP43",NA
NA,"GPD1L",NA
NA,"ZNF449",NA
NA,"ALKBH8",NA
NA,"ARFIP2",NA
NA,"TRPC1",NA
NA,"GPRASP2",NA
NA,"MAOA",NA
NA,"SOX13",NA
NA,"RAB7L1",NA
NA,"EDC3",NA
NA,"ARRDC4",NA
NA,"TNS4",NA
NA,"NT5E",NA
NA,"C6orf126",NA
NA,"AEBP1",NA
NA,"CHRNA2",NA
NA,"EPS8",NA
NA,"HSP90AA1",NA
NA,"MYOZ3",NA
NA,"PARK2",NA
NA,"SLC25A25",NA
NA,"SMARCA1",NA
NA,"DPH3",NA
NA,"TBX18",NA
NA,"MORC4",NA
NA,"METTL13",NA
NA,"GPM6B",NA
NA,"THUMPD3",NA
NA,"RECQL",NA
NA,"TMEM229B",NA
NA,"OSBPL2",NA
NA,"ELOVL2",NA
NA,"SH2D3C",NA
NA,"PRRX1",NA
NA,"GABRG2",NA
NA,"C9orf167",NA
NA,"NCOA4",NA
NA,"ZNF317",NA
NA,"ITGB1",NA
NA,"INVS",NA
NA,"C11orf10",NA
NA,"PRM1",NA
NA,"C14orf159",NA
NA,"LEKR1",NA
NA,"HDAC6",NA
NA,"TRPM4",NA
NA,"MTTP",NA
NA,"NUDCD1",NA
NA,"LOC100507034",NA
NA,"DDA1",NA
NA,"C3orf72",NA
NA,"LOC401134",NA
NA,"LY6K",NA
NA,"PTPRVP",NA
NA,"C10orf76",NA
NA,"PIWIL2",NA
NA,"GPR153",NA
NA,"SRD5A3",NA
NA,"ADAM9",NA
NA,"ATP1A4",NA
NA,"ALDH4A1",NA
NA,"MFSD4",NA
NA,"RNF141",NA
NA,"CHERP",NA
NA,"ZNF542",NA
NA,"ZFP28",NA
NA,"MAP4K3",NA
NA,"KLHL7",NA
NA,"TRMT2B",NA
NA,"C17orf49",NA
NA,"KRTDAP",NA
NA,"WWP1",NA
NA,"ATP13A2",NA
NA,"TBCEL",NA
NA,"ZNF345",NA
NA,"GOLGA6L6",NA
NA,"SMC3",NA
NA,"PDZRN4",NA
NA,"TRIM26",NA
NA,"ADCY8",NA
NA,"HNF4G",NA
NA,"KIAA1826",NA
NA,"KCNQ4",NA
NA,"ACAD10",NA
NA,"SUPT5H",NA
NA,"ZNF615",NA
NA,"GRAMD1C",NA
NA,"EPM2A",NA
NA,"POU3F2",NA
NA,"ENG",NA
NA,"PPPDE1",NA
NA,"KCNJ13",NA
NA,"RFX3",NA
NA,"NEMF",NA
NA,"ROR2",NA
NA,"ETV5",NA
NA,"RUNDC3B",NA
NA,"HHLA1",NA
NA,"KRTAP12-3",NA
NA,"C14orf102",NA
NA,"FAM167A",NA
NA,"DCLRE1C",NA
NA,"TCEANC2",NA
NA,"ADAL",NA
NA,"KCTD1",NA
NA,"SYT4",NA
NA,"ANO4",NA
NA,"DHX30",NA
NA,"RFX2",NA
NA,"SLC9A10",NA
NA,"CARD6",NA
NA,"FNBP4",NA
NA,"TMX1",NA
NA,"LMOD3",NA
NA,"INPP4B",NA
NA,"CCDC33",NA
NA,"TOP3A",NA
NA,"STOX1",NA
NA,"USP4",NA
NA,"NFKB1",NA
NA,"CTSS",NA
NA,"CDADC1",NA
NA,"MIR548AA1",NA
NA,"QRFP",NA
NA,"FTSJD2",NA
NA,"ANGEL1",NA
NA,"HSF5",NA
NA,"GRPEL2",NA
NA,"PLEKHM2",NA
NA,"HTR7",NA
NA,"NEDD1",NA
NA,"LASP1",NA
NA,"LOC386758",NA
NA,"C14orf167",NA
NA,"TTLL11",NA
NA,"CRLS1",NA
NA,"ZBTB6",NA
NA,"GDAP1",NA
NA,"DIRAS2",NA
NA,"TRAF5",NA
NA,"TAPBP",NA
NA,"SOX1",NA
NA,"QRSL1",NA
NA,"SEPHS1P",NA
NA,"PATL1",NA
NA,"PDE3A",NA
NA,"MAN1A1",NA
NA,"HEYL",NA
NA,"CSTF2T",NA
NA,"TTC4",NA
NA,"HIST4H4",NA
NA,"DEFB126",NA
NA,"PKM2",NA
NA,"PLS1",NA
NA,"PYGB",NA
NA,"SPIN4",NA
NA,"PYROXD1",NA
NA,"NUP62",NA
NA,"TM4SF18",NA
NA,"CDYL",NA
NA,"ADAMTSL2",NA
NA,"EHHADH",NA
NA,"LEF1",NA
NA,"VWA5A",NA
NA,"CDH5",NA
NA,"IGSF9",NA
NA,"ZNF549",NA
NA,"C21orf62",NA
NA,"TMLHE",NA
NA,"GSTM3",NA
NA,"SPPL3",NA
NA,"GMFB",NA
NA,"NKRF",NA
NA,"DUSP3",NA
NA,"TP53INP2",NA
NA,"ATPAF1",NA
NA,"RAD23B",NA
NA,"NCRNA00282",NA
NA,"B3GNT5",NA
NA,"NEK7",NA
NA,"TOX",NA
NA,"LRIG3",NA
NA,"C3orf64",NA
NA,"FAM114A1",NA
NA,"CALCOCO1",NA
NA,"RUFY4",NA
NA,"TBKBP1",NA
NA,"FBXO11",NA
NA,"SLC9A4",NA
NA,"SFXN5",NA
NA,"INCENP",NA
NA,"ZNF230",NA
NA,"TBC1D8",NA
NA,"AGAP3",NA
NA,"FBLIM1",NA
NA,"LPPR5",NA
NA,"GAS6",NA
NA,"NTSR1",NA
NA,"PAK6",NA
NA,"FLCN",NA
NA,"MKNK2",NA
NA,"FLII",NA
NA,"TSPYL4",NA
NA,"GCC1",NA
NA,"LIPG",NA
NA,"MARCH3",NA
NA,"LOC100129387",NA
NA,"EIF3C",NA
NA,"TFPI",NA
NA,"ANO8",NA
NA,"GLRA2",NA
NA,"COL20A1",NA
NA,"KIAA0196",NA
NA,"MBD6",NA
NA,"FZD6",NA
NA,"FLJ43860",NA
NA,"AFAP1L2",NA
NA,"DDX21",NA
NA,"SERPINB9",NA
NA,"KLHL1",NA
NA,"TMED10",NA
NA,"EFTUD2",NA
NA,"RPL37A",NA
NA,"KCNH6",NA
NA,"USP14",NA
NA,"MEX3C",NA
NA,"FAM184A",NA
NA,"PIGA",NA
NA,"EDNRA",NA
NA,"RNF44",NA
NA,"SKIV2L",NA
NA,"LRP12",NA
NA,"SCARA5",NA
NA,"RASSF5",NA
NA,"COL21A1",NA
NA,"NUP133",NA
NA,"IGF2BP3",NA
NA,"TTYH2",NA
NA,"MYO1F",NA
NA,"C6orf120",NA
NA,"BCKDHB",NA
NA,"KIAA1614",NA
NA,"RND2",NA
NA,"IRF2BPL",NA
NA,"GALC",NA
NA,"CR2",NA
NA,"PDZRN3",NA
NA,"TRIM24",NA
NA,"ARHGAP12",NA
NA,"AVPR1A",NA
NA,"PAX8",NA
NA,"SAP130",NA
NA,"TSNAX-DISC1",NA
NA,"ARRDC3",NA
NA,"ADCY4",NA
NA,"PHF21B",NA
NA,"PCYT2",NA
NA,"YSK4",NA
NA,"PDXDC2P",NA
NA,"THPO",NA
NA,"GRK6",NA
NA,"RGS22",NA
NA,"LOC219347",NA
NA,"EIF2S1",NA
NA,"UBQLN1",NA
NA,"ZNF711",NA
NA,"WNK4",NA
NA,"TRAF3IP1",NA
NA,"NDUFB1",NA
NA,"MT2A",NA
NA,"NUDT3",NA
NA,"PHC2",NA
NA,"ZMYM1",NA
NA,"WIZ",NA
NA,"SYMPK",NA
NA,"LOC730668",NA
NA,"MLC1",NA
NA,"NPR1",NA
NA,"ZCCHC8",NA
NA,"TNFAIP2",NA
NA,"FURIN",NA
NA,"ANKRD40",NA
NA,"SNRNP48",NA
NA,"LOC100133311",NA
NA,"FBXO43",NA
NA,"GRM8",NA
NA,"PSD",NA
NA,"CASC3",NA
NA,"KIAA1543",NA
NA,"CLK1",NA
NA,"ABCB4",NA
NA,"MATN2",NA
NA,"ENOX2",NA
NA,"LOC100507605",NA
NA,"ZBTB7C",NA
NA,"ZNF827",NA
NA,"DNAJC10",NA
NA,"C20orf191",NA
NA,"HNMT",NA
NA,"CCDC14",NA
NA,"TSEN2",NA
NA,"TOPORS",NA
NA,"INSRR",NA
NA,"NDUFC2",NA
NA,"ABCA17P",NA
NA,"STAG3",NA
NA,"MMRN2",NA
NA,"PDGFD",NA
NA,"SEH1L",NA
NA,"DSE",NA
NA,"PRDM4",NA
NA,"AQP2",NA
NA,"WIPF3",NA
NA,"RPS6KC1",NA
NA,"PI4K2A",NA
NA,"RASA3",NA
NA,"ZNF585A",NA
NA,"VPS54",NA
NA,"SLC37A2",NA
NA,"KCNA4",NA
NA,"DHX8",NA
NA,"ZNF440",NA
NA,"PFKL",NA
NA,"SKIV2L2",NA
NA,"SLITRK6",NA
NA,"NOS2",NA
NA,"KPNB1",NA
NA,"CIRBP",NA
NA,"FLJ46257",NA
NA,"SLC26A1",NA
NA,"TCERG1",NA
NA,"THEMIS",NA
NA,"KIAA1967",NA
NA,"PCMTD1",NA
NA,"GREM2",NA
NA,"LARS2",NA
NA,"IVNS1ABP",NA
NA,"WDR5B",NA
NA,"SNX9",NA
NA,"HOXD8",NA
NA,"NFKBIZ",NA
NA,"COPS2",NA
NA,"ZNF813",NA
NA,"MYBPC3",NA
NA,"LARGE",NA
NA,"CD8A",NA
NA,"SRC",NA
NA,"KIAA0776",NA
NA,"FAM111A",NA
NA,"APH1B",NA
NA,"CD34",NA
NA,"CCDC144C",NA
NA,"GPLD1",NA
NA,"SCARNA2",NA
NA,"FABP12",NA
NA,"PTPRR",NA
NA,"COL6A1",NA
NA,"EIF4ENIF1",NA
NA,"LOC254559",NA
NA,"CILP2",NA
NA,"LOC728377",NA
NA,"PRAMEF14",NA
NA,"RTL1",NA
NA,"L3MBTL3",NA
NA,"FRMPD2",NA
NA,"C17orf63",NA
NA,"AFAP1L1",NA
NA,"B4GALT1",NA
NA,"BDKRB2",NA
NA,"GDNF",NA
NA,"ERI2",NA
NA,"EPHA6",NA
NA,"TMCC2",NA
NA,"GCH1",NA
NA,"GPT2",NA
NA,"PPIL6",NA
NA,"PKIA",NA
NA,"B3GALTL",NA
NA,"SLC44A5",NA
NA,"MUM1",NA
NA,"GUF1",NA
NA,"SNORD81",NA
NA,"SCARNA17",NA
NA,"COX17",NA
NA,"C7orf66",NA
NA,"PLEKHA1",NA
NA,"CLCN7",NA
NA,"GMEB2",NA
NA,"KIAA1161",NA
NA,"LLGL1",NA
NA,"OSBPL10",NA
NA,"UBE2G1",NA
NA,"ZNF177",NA
NA,"EDAR",NA
NA,"TM2D2",NA
NA,"PRR5L",NA
NA,"STRN3",NA
NA,"KIAA1370",NA
NA,"SEMA4B",NA
NA,"EPHB3",NA
NA,"CROT",NA
NA,"S1PR3",NA
NA,"ERMN",NA
NA,"HOMER1",NA
NA,"ERCC6L",NA
NA,"GPRIN1",NA
NA,"ZNF761",NA
NA,"SRL",NA
NA,"PLCG2",NA
NA,"NRG3",NA
NA,"TUBGCP5",NA
NA,"SLCO2A1",NA
NA,"LOC100507557",NA
NA,"NCRNA00307",NA
NA,"ZSCAN20",NA
NA,"CCDC149",NA
NA,"LOC100506990",NA
NA,"FAM75A6",NA
NA,"AVPR2",NA
NA,"TARDBP",NA
NA,"LUC7L3",NA
NA,"ADAMTS10",NA
NA,"SKP1",NA
NA,"MCF2",NA
NA,"C8orf83",NA
NA,"TLR8",NA
NA,"KIAA0090",NA
NA,"MMAB",NA
NA,"ZNF800",NA
NA,"NOMO1",NA
NA,"RNF123",NA
NA,"LOC148696",NA
NA,"SH2D4B",NA
NA,"PC",NA
NA,"C1QTNF6",NA
NA,"ZNF319",NA
NA,"ZNF606",NA
NA,"PCDHB9",NA
NA,"LYN",NA
NA,"MAPK6",NA
NA,"SFI1",NA
NA,"FAM75A3",NA
NA,"ITGA5",NA
NA,"KCNJ16",NA
NA,"SLITRK3",NA
NA,"ATP6V0A1",NA
NA,"AXIN2",NA
NA,"TRIM35",NA
NA,"EMBP1",NA
NA,"DAK",NA
NA,"TYK2",NA
NA,"MAN2B2",NA
NA,"C1orf151",NA
NA,"BMS1P5",NA
NA,"CCNYL1",NA
NA,"MCMBP",NA
NA,"BMS1P1",NA
NA,"TSPAN18",NA
NA,"C17orf39",NA
NA,"CACNB1",NA
NA,"RAD54B",NA
NA,"KBTBD3",NA
NA,"MYO1H",NA
NA,"LOC100507351",NA
NA,"RPE",NA
NA,"SMC1B",NA
NA,"CD163",NA
NA,"GRM7",NA
NA,"ARHGEF15",NA
NA,"MORC3",NA
NA,"WDR44",NA
NA,"MT1L",NA
NA,"HAMP",NA
NA,"MTF2",NA
NA,"DAAM1",NA
NA,"SLC2A10",NA
NA,"C7orf42",NA
NA,"SLC22A12",NA
NA,"ARID3B",NA
NA,"DNAJB2",NA
NA,"SCAP",NA
NA,"GIMAP1",NA
NA,"PRKG1",NA
NA,"RNASEL",NA
NA,"GOLGA2",NA
NA,"PARG",NA
NA,"ARHGAP44",NA
NA,"KCNJ14",NA
NA,"UGT8",NA
NA,"HNRPDL",NA
NA,"PAPD4",NA
NA,"ASAP3",NA
NA,"ZNF624",NA
NA,"DSC1",NA
NA,"POU2F2",NA
NA,"HMGXB4",NA
NA,"LCE3C",NA
NA,"SCGBL",NA
NA,"C19orf79",NA
NA,"CSN1S2BP",NA
NA,"HIST1H2BH",NA
NA,"PRAMEF19",NA
NA,"MESDC2",NA
NA,"AP1B1",NA
NA,"HMHA1",NA
NA,"ZNF492",NA
NA,"GNG7",NA
NA,"FUT1",NA
NA,"SH3TC1",NA
NA,"LOC645323",NA
NA,"PIP5K1P1",NA
NA,"ELMOD3",NA
NA,"TFAP2A",NA
NA,"CXorf38",NA
NA,"ADM2",NA
NA,"KIAA1524",NA
NA,"ATP13A4",NA
NA,"LOC100130899",NA
NA,"DNA2",NA
NA,"C14orf101",NA
NA,"DPP9",NA
NA,"MCM8",NA
NA,"ZNF740",NA
NA,"RGMA",NA
NA,"GPR173",NA
NA,"CALM1",NA
NA,"WHAMM",NA
NA,"GRIN2C",NA
NA,"HERC2P3",NA
NA,"KLHL14",NA
NA,"WDR6",NA
NA,"TRIM45",NA
NA,"MPHOSPH8",NA
NA,"DCUN1D4",NA
NA,"GRM3",NA
NA,"HPCAL4",NA
NA,"IGFALS",NA
NA,"SUPT7L",NA
NA,"UBAP2",NA
NA,"HES2",NA
NA,"CCNY",NA
NA,"LOC728558",NA
NA,"CNTROB",NA
NA,"SNAP29",NA
NA,"PAPOLB",NA
NA,"ZYG11A",NA
NA,"GDF11",NA
NA,"DKFZP434L187",NA
NA,"LYSMD3",NA
NA,"SYN1",NA
NA,"FGD1",NA
NA,"SEMA4F",NA
NA,"FAM65C",NA
NA,"SCGB1D1",NA
NA,"CDH3",NA
NA,"ACCN1",NA
NA,"RPRD1A",NA
NA,"BOC",NA
NA,"STX7",NA
NA,"TLR5",NA
NA,"CLIP4",NA
NA,"C2orf68",NA
NA,"HDAC7",NA
NA,"VARS",NA
NA,"ELF4",NA
NA,"PIGR",NA
NA,"LOC643201",NA
NA,"FGL2",NA
NA,"JDP2",NA
NA,"RBM44",NA
NA,"ZER1",NA
NA,"RAB3D",NA
NA,"OTUD5",NA
NA,"CCNF",NA
NA,"RBP3",NA
NA,"NXF1",NA
NA,"ZNF287",NA
NA,"LAMTOR3",NA
NA,"SGCB",NA
NA,"ZNF204P",NA
NA,"ATP1A1",NA
NA,"SLC30A4",NA
NA,"SLC39A3",NA
NA,"CENPO",NA
NA,"S100A7A",NA
NA,"GPR123",NA
NA,"KLLN",NA
NA,"DPP8",NA
NA,"DHCR24",NA
NA,"SCNN1A",NA
NA,"GPR83",NA
NA,"PROM1",NA
NA,"MBLAC2",NA
NA,"CD83",NA
NA,"POT1",NA
NA,"GPHN",NA
NA,"STRADA",NA
NA,"YPEL1",NA
NA,"TRA2B",NA
NA,"DHFRL1",NA
NA,"LCE1D",NA
NA,"STAT5A",NA
NA,"MOV10L1",NA
NA,"CYB5B",NA
NA,"HNRNPUL1",NA
NA,"FLJ30838",NA
NA,"FTO",NA
NA,"WDR82",NA
NA,"CTR9",NA
NA,"CCND1",NA
NA,"RBM25",NA
NA,"LOC643529",NA
NA,"NOVA1",NA
NA,"NOMO3",NA
NA,"CCDC18",NA
NA,"CDCA4",NA
NA,"SREBF2",NA
NA,"SPATA18",NA
NA,"SSTR1",NA
NA,"ARHGEF33",NA
NA,"SCD5",NA
NA,"MARCKS",NA
NA,"DOC2GP",NA
NA,"HIST1H2BF",NA
NA,"SPANXN4",NA
NA,"HAUS5",NA
NA,"KLF11",NA
NA,"CSDE1",NA
NA,"PIGQ",NA
NA,"PPP1R3A",NA
NA,"SLC46A3",NA
NA,"ELAVL2",NA
NA,"PPP4R4",NA
NA,"LZTR1",NA
NA,"C9orf144B",NA
NA,"FHL1",NA
NA,"GALNT7",NA
NA,"LOC100129931",NA
NA,"LOC100506585",NA
NA,"CADM1",NA
NA,"MAGEL2",NA
NA,"GPR156",NA
NA,"RNF145",NA
NA,"GRAMD4",NA
NA,"DCTN4",NA
NA,"MAP3K6",NA
NA,"PERP",NA
NA,"MIR1973",NA
NA,"NPEPL1",NA
NA,"HIST1H2BB",NA
NA,"USP35",NA
NA,"SPATA2",NA
NA,"UBE2D3",NA
NA,"FCHSD1",NA
NA,"EMB",NA
NA,"TMEM65",NA
NA,"LIPA",NA
NA,"LOC283547",NA
NA,"SCAF1",NA
NA,"LYPD6",NA
NA,"ABCE1",NA
NA,"PRPF38B",NA
NA,"SIRT1",NA
NA,"KDELC2",NA
NA,"ADD1",NA
NA,"HPS1",NA
NA,"MCTP1",NA
NA,"IFRD1",NA
NA,"MUM1L1",NA
NA,"WDR76",NA
NA,"CYBB",NA
NA,"SLC33A1",NA
NA,"TRIM41",NA
NA,"ZNF845",NA
NA,"ZZZ3",NA
NA,"TADA2B",NA
NA,"FKBP15",NA
NA,"NEURL",NA
NA,"SCGB1D4",NA
NA,"NBPF1",NA
NA,"IGSF22",NA
NA,"DDB1",NA
NA,"GIPC3",NA
NA,"ABLIM3",NA
NA,"SRF",NA
NA,"RC3H2",NA
NA,"PITX2",NA
NA,"PLG",NA
NA,"CTAGE1",NA
NA,"DKFZP686I15217",NA
NA,"TAF8",NA
NA,"CRISPLD1",NA
NA,"NPEPPS",NA
NA,"ESYT1",NA
NA,"CCDC68",NA
NA,"DDX11L2",NA
NA,"MAGEC1",NA
NA,"MSH6",NA
NA,"KIAA0087",NA
NA,"CSF1",NA
NA,"SEPN1",NA
NA,"NUPL1",NA
NA,"PHGR1",NA
NA,"GAST",NA
NA,"CNNM2",NA
NA,"POTEF",NA
NA,"GLS",NA
NA,"PIGM",NA
NA,"ULK4",NA
NA,"ADAMTS4",NA
NA,"DYNC1LI2",NA
NA,"MBTPS1",NA
NA,"SMYD4",NA
NA,"ACLY",NA
NA,"UBOX5",NA
NA,"MMP24",NA
NA,"SERPINA1",NA
NA,"ZSWIM4",NA
NA,"OSBP2",NA
NA,"DSPP",NA
NA,"EXOC4",NA
NA,"TNFRSF10B",NA
NA,"LONP2",NA
NA,"ZSCAN30",NA
NA,"ATP9B",NA
NA,"DFNB31",NA
NA,"IRAK4",NA
NA,"RPA1",NA
NA,"PSIP1",NA
NA,"BRDT",NA
NA,"CNGB3",NA
NA,"CCDC142",NA
NA,"CDH12",NA
NA,"TM7SF3",NA
NA,"DLAT",NA
NA,"TRIM44",NA
NA,"SRSF8",NA
NA,"CBLL1",NA
NA,"TECPR1",NA
NA,"C9orf93",NA
NA,"UBE2J1",NA
NA,"EPHB4",NA
NA,"LOC100505702",NA
NA,"AZIN1",NA
NA,"EIF4G2",NA
NA,"SPNS2",NA
NA,"CARD11",NA
NA,"RGAG4",NA
NA,"ROR1",NA
NA,"RAB11FIP5",NA
NA,"TMEM41B",NA
NA,"RFFL",NA
NA,"PTK7",NA
NA,"LOC646627",NA
NA,"LOC100507443",NA
NA,"HIST1H2BE",NA
NA,"GATC",NA
NA,"UBL3",NA
NA,"ZNF498",NA
NA,"QSOX1",NA
NA,"TSPAN9",NA
NA,"THRA",NA
NA,"WDR64",NA
NA,"LPIN3",NA
NA,"CDHR2",NA
NA,"KIRREL3",NA
NA,"KIAA1737",NA
NA,"RALBP1",NA
NA,"ACSL3",NA
NA,"TGM2",NA
NA,"LANCL2",NA
NA,"EBF3",NA
NA,"STEAP3",NA
NA,"OLA1",NA
NA,"PLCL2",NA
NA,"PADI2",NA
NA,"C1orf198",NA
NA,"P2RY6",NA
NA,"SLC7A8",NA
NA,"CAPN7",NA
NA,"PRDM8",NA
NA,"C9orf91",NA
NA,"TOMM70A",NA
NA,"RAVER2",NA
NA,"ITK",NA
NA,"FZD1",NA
NA,"SCGB1D2",NA
NA,"SPINK8",NA
NA,"RPS10",NA
NA,"RARA",NA
NA,"USP1",NA
NA,"SART3",NA
NA,"CDH2",NA
NA,"CFH",NA
NA,"LRTM2",NA
NA,"CYBRD1",NA
NA,"PDDC1",NA
NA,"LOC100616668",NA
NA,"SLC13A3",NA
NA,"DHX34",NA
NA,"ZHX2",NA
NA,"RAB14",NA
NA,"RAP2A",NA
NA,"ATL1",NA
NA,"RFX1",NA
NA,"OXTR",NA
NA,"RFX4",NA
NA,"CELF4",NA
NA,"LOC339685",NA
NA,"PEX1",NA
NA,"TMEM132E",NA
NA,"UNC13D",NA
NA,"GTF2H2B",NA
NA,"HIST2H2AC",NA
NA,"S100A7",NA
NA,"HIST1H2BA",NA
NA,"HIST1H2BI",NA
NA,"RBAK-LOC389458",NA
NA,"LOC100506085",NA
NA,"ITPRIP",NA
NA,"SYT6",NA
NA,"TAOK3",NA
NA,"FAM110B",NA
NA,"NPLOC4",NA
NA,"LOC100505676",NA
NA,"PDE6B",NA
NA,"SLC16A2",NA
NA,"UHRF1",NA
NA,"JPH1",NA
NA,"MRPL35",NA
NA,"ANKRD30A",NA
NA,"PITPNM1",NA
NA,"UNC45A",NA
NA,"COX6A2",NA
NA,"MT1M",NA
NA,"DEFB127",NA
NA,"SPINK1",NA
NA,"HIST1H2BC",NA
NA,"KCNA7",NA
NA,"LOC100507156",NA
NA,"SLC34A2",NA
NA,"LOC100506710",NA
NA,"MUC16",NA
NA,"TGFA",NA
NA,"SCAF4",NA
NA,"PANX2",NA
NA,"HNRNPK",NA
NA,"TXNRD1",NA
NA,"CES3",NA
NA,"ADAM11",NA
NA,"ADCY3",NA
NA,"ACER3",NA
NA,"RASA1",NA
NA,"CAPN5",NA
NA,"MAP7D2",NA
NA,"RBMS1",NA
NA,"TRPC3",NA
NA,"GDPD1",NA
NA,"C18orf19",NA
NA,"LOC100130348",NA
NA,"MT1F",NA
NA,"LOC100505841",NA
NA,"HIST1H2AH",NA
NA,"HIST1H2AJ",NA
NA,"ZFP90",NA
NA,"GNA12",NA
NA,"MST1P9",NA
NA,"CCNJ",NA
NA,"KIAA0528",NA
NA,"EFNB2",NA
NA,"SIAH1",NA
NA,"PDE8B",NA
NA,"FLI1",NA
NA,"FAM200B",NA
NA,"UST",NA
NA,"VTI1A",NA
NA,"ITGA7",NA
NA,"HK1",NA
NA,"POLR3B",NA
NA,"PLEKHG3",NA
NA,"BBS7",NA
NA,"TAB2",NA
NA,"BMP1",NA
NA,"TXLNG",NA
NA,"HTR7P1",NA
NA,"LRP5L",NA
NA,"ECM2",NA
NA,"IPPK",NA
NA,"ACOT13",NA
NA,"CARD17",NA
NA,"C22orf41",NA
NA,"SPANXE",NA
NA,"C10orf26",NA
NA,"CRNKL1",NA
NA,"UBP1",NA
NA,"RECK",NA
NA,"DAZ1",NA
NA,"RRP12",NA
NA,"LOC100507362",NA
NA,"WDR66",NA
NA,"TBCD",NA
NA,"ANKAR",NA
NA,"SLC16A14",NA
NA,"AGTPBP1",NA
NA,"SUN2",NA
NA,"C1orf106",NA
NA,"DTL",NA
NA,"JPH4",NA
NA,"FYTTD1",NA
NA,"ZNF10",NA
NA,"XPO6",NA
NA,"RHOT1",NA
NA,"SLC9A11",NA
NA,"MPP2",NA
NA,"SLMAP",NA
NA,"RNY5",NA
NA,"LOC100286938",NA
NA,"NUDT21",NA
NA,"GCFC1",NA
NA,"CEP97",NA
NA,"ELMOD2",NA
NA,"CLINT1",NA
NA,"SV2A",NA
NA,"FAM196A",NA
NA,"ZSCAN2",NA
NA,"USP51",NA
NA,"PDZD7",NA
NA,"TMC8",NA
NA,"FBXO30",NA
NA,"GNG12",NA
NA,"ZNF146",NA
NA,"PLEKHB2",NA
NA,"IFT122",NA
NA,"HPSE2",NA
NA,"ARHGEF2",NA
NA,"METTL15",NA
NA,"FADS1",NA
NA,"ATN1",NA
NA,"AMZ1",NA
NA,"VPS36",NA
NA,"THUMPD1",NA
NA,"ZNF273",NA
NA,"RPL38",NA
NA,"SRSF11",NA
NA,"LOC100190938",NA
NA,"NTM",NA
NA,"FBXO21",NA
NA,"WASL",NA
NA,"KLHL9",NA
NA,"ING1",NA
NA,"ZNF160",NA
NA,"ZNF304",NA
NA,"C6orf106",NA
NA,"LHX6",NA
NA,"EXOC2",NA
NA,"C3orf15",NA
NA,"ABCG2",NA
NA,"SLC25A4",NA
NA,"SRSF2",NA
NA,"TSTD2",NA
NA,"THRAP3",NA
NA,"OSBPL9",NA
NA,"FLJ90757",NA
NA,"SMYD1",NA
NA,"FGFR3",NA
NA,"NCRNA00174",NA
NA,"ZKSCAN5",NA
NA,"SF3B1",NA
NA,"APOL3",NA
NA,"C20orf11",NA
NA,"EPB41L3",NA
NA,"FLJ39653",NA
NA,"TNFAIP3",NA
NA,"C7orf74",NA
NA,"TMPRSS13",NA
NA,"LIG4",NA
NA,"C15orf39",NA
NA,"ANKRD27",NA
NA,"ZNF335",NA
NA,"ESYT3",NA
NA,"NKX2-5",NA
NA,"EIF1AX",NA
NA,"PKP2",NA
NA,"KIF4B",NA
NA,"RBM3",NA
NA,"ECE2",NA
NA,"MMP15",NA
NA,"DHX38",NA
NA,"C9orf72",NA
NA,"UBAP2L",NA
NA,"TMEM63A",NA
NA,"CLIC4",NA
NA,"LOC729862",NA
NA,"CCL27",NA
NA,"ENSA",NA
NA,"INPP5B",NA
NA,"NSUN4",NA
NA,"CERK",NA
NA,"CEP128",NA
NA,"RAB11FIP3",NA
NA,"SLC14A2",NA
NA,"HPS3",NA
NA,"TRDN",NA
NA,"FAM131B",NA
NA,"SLCO2B1",NA
NA,"GPANK1",NA
NA,"ZBTB7A",NA
NA,"ABI3BP",NA
NA,"TMCO1",NA
NA,"C16orf52",NA
NA,"NUP155",NA
NA,"LOC100294145",NA
NA,"ENO1-AS1",NA
NA,"STH",NA
NA,"IQCF6",NA
NA,"HIST1H2BG",NA
NA,"MORC2",NA
NA,"HIP1R",NA
NA,"TMEM30B",NA
NA,"RLTPR",NA
NA,"SMEK2",NA
NA,"RASSF6",NA
NA,"FAM102A",NA
NA,"RCC2",NA
NA,"LRRC32",NA
NA,"CRIPAK",NA
NA,"NADK",NA
NA,"GALNT2",NA
NA,"COL8A2",NA
NA,"PICALM",NA
NA,"C15orf41",NA
NA,"DNM1P41",NA
NA,"ST3GAL2",NA
NA,"C9orf79",NA
NA,"DKFZp761E198",NA
NA,"SLITRK5",NA
NA,"CANT1",NA
NA,"ZNF441",NA
NA,"ANKLE2",NA
NA,"RYBP",NA
NA,"MARCH4",NA
NA,"DHX29",NA
NA,"RAD17",NA
NA,"IKBKB",NA
NA,"NRAS",NA
NA,"CTDSPL",NA
NA,"CSNK1G3",NA
NA,"RNGTT",NA
NA,"TBC1D20",NA
NA,"C19orf29",NA
NA,"ZNF783",NA
NA,"HIST1H2BM",NA
NA,"SERF1B",NA
NA,"TMEM8B",NA
NA,"MAP3K14",NA
NA,"PECAM1",NA
NA,"INTS3",NA
NA,"CNOT2",NA
NA,"LOC646743",NA
NA,"DCLK2",NA
NA,"UBE2R2",NA
NA,"VWA5B1",NA
NA,"C6orf25",NA
NA,"CYTH3",NA
NA,"ZFP91",NA
NA,"ZNF667",NA
NA,"ADAMTSL4",NA
NA,"CPSF1",NA
NA,"KPNA3",NA
NA,"SIPA1",NA
NA,"FBXO22",NA
NA,"DCLRE1A",NA
NA,"ACVRL1",NA
NA,"CILP",NA
NA,"NAB1",NA
NA,"ACSS1",NA
NA,"BAG4",NA
NA,"RBM14-RBM4",NA
NA,"KRTAP12-4",NA
NA,"SUZ12",NA
NA,"OSTM1",NA
NA,"ECT2L",NA
NA,"CRX",NA
NA,"TSPYL5",NA
NA,"PACS1",NA
NA,"CSRNP2",NA
NA,"SFRP1",NA
NA,"ARHGEF10L",NA
NA,"IGDCC3",NA
NA,"ZNF100",NA
NA,"DUSP8",NA
NA,"NELL2",NA
NA,"RPS6KA5",NA
NA,"CD96",NA
NA,"TTC21A",NA
NA,"CASP2",NA
NA,"SIRPB1",NA
NA,"CDH13",NA
NA,"HIST2H2AB",NA
NA,"FBXO22OS",NA
NA,"C3orf78",NA
NA,"DEFA5",NA
NA,"IGF2AS",NA
NA,"FCHSD2",NA
NA,"GOLGA2B",NA
NA,"NAA30",NA
NA,"KSR1",NA
NA,"SULF2",NA
NA,"KIF4A",NA
NA,"PIGO",NA
NA,"GPBAR1",NA
NA,"SREK1",NA
NA,"TCF21",NA
NA,"ZFPM2",NA
NA,"NOD2",NA
NA,"DDAH1",NA
NA,"PUS7L",NA
NA,"SAMD4B",NA
NA,"C5orf44",NA
NA,"MKL1",NA
NA,"RUSC1",NA
NA,"RDX",NA
NA,"ENGASE",NA
NA,"NCALD",NA
NA,"NCAPH",NA
NA,"SLC6A1",NA
NA,"SERF1A",NA
NA,"MICALL1",NA
NA,"HIST1H2BN",NA
NA,"TPD52",NA
NA,"CMIP",NA
NA,"EAF1",NA
NA,"NOD1",NA
NA,"PTGS2",NA
NA,"KLHL21",NA
NA,"WDR19",NA
NA,"TDRD1",NA
NA,"PARP11",NA
NA,"ZNF710",NA
NA,"JUP",NA
NA,"NACC1",NA
NA,"KDM4A",NA
NA,"PAPOLA",NA
NA,"ESCO1",NA
NA,"AR",NA
NA,"TMEM192",NA
NA,"TONSL",NA
NA,"SCGB1A1",NA
NA,"C21orf71",NA
NA,"SPINK9",NA
NA,"C1orf140",NA
NA,"HERC4",NA
NA,"SLC5A6",NA
NA,"SRPK1",NA
NA,"MLLT1",NA
NA,"USP12",NA
NA,"FTSJD1",NA
NA,"AGGF1",NA
NA,"IPW",NA
NA,"RIN2",NA
NA,"PSD2",NA
NA,"IRF6",NA
NA,"BMP2K",NA
NA,"OSGIN2",NA
NA,"EML1",NA
NA,"POLK",NA
NA,"CDKN2B",NA
NA,"ZNF687",NA
NA,"ZNF664",NA
NA,"CA10",NA
NA,"PPP1R10",NA
NA,"CCNB3",NA
NA,"RIIAD1",NA
NA,"PLA2G2C",NA
NA,"RLN3",NA
NA,"TERC",NA
NA,"S100G",NA
NA,"LOC347376",NA
NA,"GNN",NA
NA,"EGR3",NA
NA,"TTC17",NA
NA,"FMR1",NA
NA,"FLAD1",NA
NA,"CYP19A1",NA
NA,"GAK",NA
NA,"AK5",NA
NA,"KLC2",NA
NA,"SCAND2",NA
NA,"FAF2",NA
NA,"AGAP1",NA
NA,"OXSR1",NA
NA,"TRMT1L",NA
NA,"BLM",NA
NA,"DGCR8",NA
NA,"ACTN2",NA
NA,"EIF2AK1",NA
NA,"GALNT6",NA
NA,"BIVM",NA
NA,"PPP1R3E",NA
NA,"HIST3H2BB",NA
NA,"NCRNA00111",NA
NA,"SFTA2",NA
NA,"MPEG1",NA
NA,"FLJ22184",NA
NA,"PEX13",NA
NA,"LOC440905",NA
NA,"PASK",NA
NA,"KCNH7",NA
NA,"MBTPS2",NA
NA,"TOX4",NA
NA,"QSOX2",NA
NA,"MCL1",NA
NA,"COX18",NA
NA,"SLC6A4",NA
NA,"BAHD1",NA
NA,"CACNG2",NA
NA,"KRTAP15-1",NA
NA,"HIST1H2BL",NA
NA,"GPR65",NA
NA,"SLC25A27",NA
NA,"SEC24C",NA
NA,"CYP26B1",NA
NA,"TIPARP",NA
NA,"TCF7L2",NA
NA,"SYT7",NA
NA,"LIMA1",NA
NA,"DHX37",NA
NA,"SLC44A1",NA
NA,"PIK3R5",NA
NA,"SEL1L3",NA
NA,"CDS1",NA
NA,"ROBO3",NA
NA,"STX6",NA
NA,"FGF9",NA
NA,"STAT6",NA
NA,"SCML4",NA
NA,"SPIN1",NA
NA,"ASMTL",NA
NA,"PPY",NA
NA,"COX7B",NA
NA,"FBRSL1",NA
NA,"HNF4A",NA
NA,"LOC100286844",NA
NA,"BHLHB9",NA
NA,"FIGN",NA
NA,"MFSD8",NA
NA,"NOMO2",NA
NA,"GAN",NA
NA,"SLC7A5",NA
NA,"RNF14",NA
NA,"TATDN3",NA
NA,"STX1B",NA
NA,"ZNF561",NA
NA,"KCNS1",NA
NA,"HGF",NA
NA,"LAMB3",NA
NA,"POLG",NA
NA,"LOC100130581",NA
NA,"MOCS1",NA
NA,"RHOQ",NA
NA,"SS18L1",NA
NA,"TMEM30A",NA
NA,"ZFYVE1",NA
NA,"G3BP2",NA
NA,"RANBP17",NA
NA,"KIF7",NA
NA,"RGS4",NA
NA,"SLTM",NA
NA,"CBFA2T3",NA
NA,"RBL1",NA
NA,"SMG5",NA
NA,"TRIB2",NA
NA,"GPR125",NA
NA,"LACC1",NA
NA,"CARD14",NA
NA,"C4orf41",NA
NA,"C10orf12",NA
NA,"SHC4",NA
NA,"ITPRIPL1",NA
NA,"DCAF16",NA
NA,"SCARF1",NA
NA,"ZNF548",NA
NA,"LOC221442",NA
NA,"KIAA1107",NA
NA,"CHSY1",NA
NA,"RNF43",NA
NA,"ZDHHC5",NA
NA,"KIAA1274",NA
NA,"FAM18B2",NA
NA,"MRAS",NA
NA,"TNPO3",NA
NA,"GTF2I",NA
NA,"SLC6A14",NA
NA,"KIFAP3",NA
NA,"PNPT1",NA
NA,"RNF19A",NA
NA,"ESR2",NA
NA,"HACE1",NA
NA,"NDRG4",NA
NA,"CAMKK1",NA
NA,"SIRPA",NA
NA,"CTSL2",NA
NA,"ATG12",NA
NA,"GK",NA
NA,"SLC25A21",NA
NA,"VHL",NA
NA,"CHRDL1",NA
NA,"FBXL7",NA
NA,"ANGPT1",NA
NA,"ATG9B",NA
NA,"UQCRB",NA
NA,"HIST2H3D",NA
NA,"DSCR9",NA
NA,"C5orf48",NA
NA,"RPL35",NA
NA,"SLC9A1",NA
NA,"LRRC16B",NA
NA,"SLC4A3",NA
NA,"PRSS12",NA
NA,"HS6ST2",NA
NA,"CD163L1",NA
NA,"GANC",NA
NA,"ANO7",NA
NA,"MRPS25",NA
NA,"FAM160A1",NA
NA,"HMGCR",NA
NA,"TOB2",NA
NA,"FBXO10",NA
NA,"REXO1",NA
NA,"PDK1",NA
NA,"WDR47",NA
NA,"VWA3A",NA
NA,"KLHL8",NA
NA,"STEAP4",NA
NA,"MAGEA2",NA
NA,"PKP4",NA
NA,"RD3",NA
NA,"HIF1A",NA
NA,"CCR2",NA
NA,"APOC1",NA
NA,"PTH2",NA
NA,"LOC100129148",NA
NA,"RPH3A",NA
NA,"NAMPT",NA
NA,"TEF",NA
NA,"PGBD2",NA
NA,"COG3",NA
NA,"C17orf75",NA
NA,"ZNF765",NA
NA,"VPS37A",NA
NA,"PZP",NA
NA,"CRISPLD2",NA
NA,"TAPT1",NA
NA,"TRAPPC9",NA
NA,"RGMB",NA
NA,"C10orf81",NA
NA,"FANCC",NA
NA,"ATP6V1A",NA
NA,"ATL2",NA
NA,"ROMO1",NA
NA,"NCRNA00157",NA
NA,"HIST1H3C",NA
NA,"ANKRD30B",NA
NA,"PDIK1L",NA
NA,"TBC1D3",NA
NA,"DAB2",NA
NA,"FAM20A",NA
NA,"GPI",NA
NA,"TMEM167A",NA
NA,"PHF2P1",NA
NA,"KIAA1486",NA
NA,"CAB39",NA
NA,"ZNF804B",NA
NA,"MARCH6",NA
NA,"SEC31B",NA
NA,"ZNF546",NA
NA,"LRRC37BP1",NA
NA,"C3orf58",NA
NA,"CCDC72",NA
NA,"HIST1H2AD",NA
NA,"HIST1H2AK",NA
NA,"USP15",NA
NA,"SGK3",NA
NA,"SPCS3",NA
NA,"MAGIX",NA
NA,"DNM1L",NA
NA,"DKFZp686D0853",NA
NA,"ZIC5",NA
NA,"WDFY1",NA
NA,"ARFRP1",NA
NA,"C5orf56",NA
NA,"LOC284837",NA
NA,"BRD1",NA
NA,"MSH3",NA
NA,"WDR37",NA
NA,"TRPC6",NA
NA,"MIR1469",NA
NA,"MIR4736",NA
NA,"MIR4531",NA
NA,"NCKAP1",NA
NA,"VGLL4",NA
NA,"AQPEP",NA
NA,"S100PBP",NA
NA,"IPO11",NA
NA,"HMGA2",NA
NA,"WDR91",NA
NA,"MAP3K15",NA
NA,"PROX2",NA
NA,"ZFP30",NA
NA,"FAM134A",NA
NA,"NBN",NA
NA,"ME2",NA
NA,"DNMT3B",NA
NA,"USP28",NA
NA,"BNC1",NA
NA,"ARHGEF3",NA
NA,"MAPK14",NA
NA,"ERI1",NA
NA,"STAT2",NA
NA,"NOL4",NA
NA,"HIST1H3E",NA
NA,"DEFB1",NA
NA,"GRID2IP",NA
NA,"LOC100133161",NA
NA,"MANEA",NA
NA,"ADD3",NA
NA,"PARD6B",NA
NA,"MAP4K5",NA
NA,"TAF4",NA
NA,"DGKQ",NA
NA,"PIGK",NA
NA,"SLC16A12",NA
NA,"HIST2H2BF",NA
NA,"FAM21C",NA
NA,"LOC401233",NA
NA,"HLA-L",NA
NA,"TMEM151B",NA
NA,"FILIP1",NA
NA,"ASB6",NA
NA,"A2M",NA
NA,"LTB4R",NA
NA,"ZNF541",NA
NA,"LOC91149",NA
NA,"GOPC",NA
NA,"CAMK2B",NA
NA,"ADPGK",NA
NA,"ITGAX",NA
NA,"C2orf82",NA
NA,"CSF3R",NA
NA,"R3HDM1",NA
NA,"C2orf88",NA
NA,"IARS",NA
NA,"SEC24B",NA
NA,"SGK223",NA
NA,"LMNB2",NA
NA,"CCRL1",NA
NA,"EREG",NA
NA,"PCDHB19P",NA
NA,"ATP8B5P",NA
NA,"FBXW11",NA
NA,"PDE1C",NA
NA,"MEN1",NA
NA,"EZH1",NA
NA,"OSBPL11",NA
NA,"ADIPOQ",NA
NA,"NANOS1",NA
NA,"WSCD2",NA
NA,"VEZF1",NA
NA,"ZNF607",NA
NA,"SNAPC4",NA
NA,"ZNRF1",NA
NA,"SOX12",NA
NA,"P2RX7",NA
NA,"DMRT2",NA
NA,"S100A12",NA
NA,"IFI27L2",NA
NA,"SCGB3A1",NA
NA,"CALML4",NA
NA,"EIF2AK3",NA
NA,"GALNTL2",NA
NA,"NCRNA00265",NA
NA,"STAT1",NA
NA,"KIF27",NA
NA,"C9orf102",NA
NA,"CIITA",NA
NA,"NLGN2",NA
NA,"HYOU1",NA
NA,"SMCR7",NA
NA,"PPP6C",NA
NA,"FAM116A",NA
NA,"LOC401321",NA
NA,"RNASE8",NA
NA,"ANGEL2",NA
NA,"ZSCAN22",NA
NA,"TIA1",NA
NA,"POLR3H",NA
NA,"BRD8",NA
NA,"SLFN5",NA
NA,"ADAMTS1",NA
NA,"NCAPG",NA
NA,"SH3BGRL2",NA
NA,"PHF19",NA
NA,"SPRED2",NA
NA,"CP",NA
NA,"DHX9",NA
NA,"PLCB2",NA
NA,"DDR1",NA
NA,"ATF7IP",NA
NA,"RPAP1",NA
NA,"FBLN2",NA
NA,"CARKD",NA
NA,"LOC641364",NA
NA,"ZBTB5",NA
NA,"PURG",NA
NA,"HIST1H3F",NA
NA,"STOX2",NA
NA,"KIAA1530",NA
NA,"FAM63A",NA
NA,"TMEM19",NA
NA,"RHBDL3",NA
NA,"ZNF234",NA
NA,"IVD",NA
NA,"LOC100128675",NA
NA,"ANKRD57",NA
NA,"RNF150",NA
NA,"C10orf137",NA
NA,"TMOD3",NA
NA,"NSUN5",NA
NA,"MSRB3",NA
NA,"MFN2",NA
NA,"SUPT16H",NA
NA,"SOCS5",NA
NA,"EPHB1",NA
NA,"SDC4P",NA
NA,"HIST1H3G",NA
NA,"HIST1H2BO",NA
NA,"DEFA6",NA
NA,"GFAP",NA
NA,"PPP3CA",NA
NA,"LOC285954",NA
NA,"KIAA0753",NA
NA,"MCM10",NA
NA,"PFKFB3",NA
NA,"ABCB8",NA
NA,"TTC30A",NA
NA,"ZBTB20",NA
NA,"SGIP1",NA
NA,"SLC14A1",NA
NA,"LOC100288432",NA
NA,"SPANXF1",NA
NA,"ZNF614",NA
NA,"LOC729723",NA
NA,"C17orf104",NA
NA,"YES1",NA
NA,"PPP2R2C",NA
NA,"HAPLN1",NA
NA,"FOXD2",NA
NA,"ESPNL",NA
NA,"EIF5B",NA
NA,"CAND2",NA
NA,"TXLNB",NA
NA,"PTK2",NA
NA,"BCAN",NA
NA,"ARSJ",NA
NA,"ENPP4",NA
NA,"ZNF280C",NA
NA,"ATXN2",NA
NA,"TMC7",NA
NA,"CYP27C1",NA
NA,"INTS7",NA
NA,"PTCH2",NA
NA,"BTG1",NA
NA,"KBTBD8",NA
NA,"PEX2",NA
NA,"PSAPL1",NA
NA,"TIGD6",NA
NA,"EEPD1",NA
NA,"HIST1H3A",NA
NA,"HIST1H2AI",NA
NA,"SNHG6",NA
NA,"ST5",NA
NA,"TPP2",NA
NA,"ITPK1-AS1",NA
NA,"ZNF804A",NA
NA,"UGDH",NA
NA,"PRRC1",NA
NA,"ZNF696",NA
NA,"NKPD1",NA
NA,"RAD54L2",NA
NA,"SCUBE2",NA
NA,"SEMA5B",NA
NA,"SEMA3G",NA
NA,"EPB41L4A",NA
NA,"NR2C1",NA
NA,"PER1",NA
NA,"INPPL1",NA
NA,"MYO1E",NA
NA,"FAM49A",NA
NA,"ABCB1",NA
NA,"PPFIA3",NA
NA,"MCFD2",NA
NA,"SIK1",NA
NA,"PEX26",NA
NA,"LOC221710",NA
NA,"CSPP1",NA
NA,"APOA2",NA
NA,"PSPN",NA
NA,"BAGE4",NA
NA,"HIST1H2AL",NA
NA,"ABHD11-AS1",NA
NA,"CEP120",NA
NA,"CSF2RA",NA
NA,"AMPD2",NA
NA,"SLC16A1",NA
NA,"ENDOD1",NA
NA,"KIAA1751",NA
NA,"FIGNL2",NA
NA,"CYP4V2",NA
NA,"NOL8",NA
NA,"SOX5",NA
NA,"DFFA",NA
NA,"MBNL2",NA
NA,"TGFBR2",NA
NA,"FBXW7",NA
NA,"ZFR",NA
NA,"FAM189A1",NA
NA,"GRIPAP1",NA
NA,"KIAA1467",NA
NA,"EDC4",NA
NA,"MGAT5B",NA
NA,"H2AFV",NA
NA,"MIR320D1",NA
NA,"SNORD49B",NA
NA,"MIR320D2",NA
NA,"ZNF417",NA
NA,"GTF3C3",NA
NA,"LOC100131067",NA
NA,"PM20D2",NA
NA,"DDX51",NA
NA,"CDAN1",NA
NA,"FLJ45079",NA
NA,"WIPF1",NA
NA,"RASAL1",NA
NA,"LANCL1",NA
NA,"CDKL2",NA
NA,"TRAF1",NA
NA,"SYDE2",NA
NA,"KGFLP2",NA
NA,"WDR11",NA
NA,"FAM65A",NA
NA,"RCHY1",NA
NA,"RAPGEF4",NA
NA,"FAM53C",NA
NA,"HUS1",NA
NA,"SPECC1",NA
NA,"ZNF28",NA
NA,"SLC22A15",NA
NA,"B3GALNT2",NA
NA,"SENP1",NA
NA,"ADNP",NA
NA,"FAM172A",NA
NA,"HIST1H3B",NA
NA,"NDFIP2",NA
NA,"FANCI",NA
NA,"MIRLET7BHG",NA
NA,"DNM2",NA
NA,"SNX21",NA
NA,"EYA1",NA
NA,"TBX5",NA
NA,"NR1I2",NA
NA,"MCART1",NA
NA,"DGKH",NA
NA,"FAM193A",NA
NA,"KCND1",NA
NA,"SUDS3",NA
NA,"KLHL18",NA
NA,"SNX8",NA
NA,"AXL",NA
NA,"B4GALT5",NA
NA,"VWA3B",NA
NA,"NPNT",NA
NA,"CRIP1",NA
NA,"HIST1H3H",NA
NA,"XAGE5",NA
NA,"GNAI3",NA
NA,"PNMAL2",NA
NA,"CCDC80",NA
NA,"UBXN7",NA
NA,"KCNMB4",NA
NA,"SSPN",NA
NA,"ST6GAL1",NA
NA,"PCDHA7",NA
NA,"C17orf101",NA
NA,"TTLL5",NA
NA,"PI4KB",NA
NA,"HIPK3",NA
NA,"TXNDC16",NA
NA,"TMEM110",NA
NA,"TLE4",NA
NA,"ARHGAP42",NA
NA,"TDRD9",NA
NA,"TMX3",NA
NA,"LOC100507205",NA
NA,"IL36A",NA
NA,"PF4",NA
NA,"SOLH",NA
NA,"MAPK4",NA
NA,"MGLL",NA
NA,"ZNF41",NA
NA,"IQCH",NA
NA,"FAIM2",NA
NA,"ATG14",NA
NA,"VMA21",NA
NA,"GRINL1A",NA
NA,"DTHD1",NA
NA,"BAG6",NA
NA,"ZNF480",NA
NA,"GZF1",NA
NA,"PAQR8",NA
NA,"GLCCI1",NA
NA,"TEK",NA
NA,"TAF4B",NA
NA,"ZNF347",NA
NA,"KCNT1",NA
NA,"CCDC136",NA
NA,"DDX58",NA
NA,"DCDC5",NA
NA,"TMEM104",NA
NA,"DKFZp686O1327",NA
NA,"SPINT3",NA
NA,"C6orf127",NA
NA,"FAM8A1",NA
NA,"NAA16",NA
NA,"MCF2L2",NA
NA,"VASH2",NA
NA,"LRIG1",NA
NA,"DEF8",NA
NA,"RB1",NA
NA,"HTR2C",NA
NA,"TRIM23",NA
NA,"DGKI",NA
NA,"ANLN",NA
NA,"ZNF611",NA
NA,"ABCB11",NA
NA,"CYP2U1",NA
NA,"LATS1",NA
NA,"RNF212",NA
NA,"NMS",NA
NA,"PAGE2",NA
NA,"USP33",NA
NA,"MST1R",NA
NA,"GPBP1",NA
NA,"NACAD",NA
NA,"RHOU",NA
NA,"ZDHHC17",NA
NA,"SCARB2",NA
NA,"NCEH1",NA
NA,"ZNF767",NA
NA,"LRRC8A",NA
NA,"ZC3H11A",NA
NA,"AGAP9",NA
NA,"PLA2G4E",NA
NA,"HIST1H2AB",NA
NA,"HIST1H3I",NA
NA,"C10orf108",NA
NA,"MIS18BP1",NA
NA,"AARS2",NA
NA,"ZNF473",NA
NA,"RAI2",NA
NA,"C10orf54",NA
NA,"PAK7",NA
NA,"ZNF641",NA
NA,"LOC100287225",NA
NA,"AMMECR1L",NA
NA,"MSL2",NA
NA,"ITGA1",NA
NA,"SLC1A4",NA
NA,"S100A7L2",NA
NA,"C17orf61",NA
NA,"HIST1H3J",NA
NA,"TP53BP2",NA
NA,"LOC220594",NA
NA,"PPM1D",NA
NA,"SALL3",NA
NA,"DCAF4L1",NA
NA,"PNPLA7",NA
NA,"ZMYND8",NA
NA,"SLC31A1",NA
NA,"NCAPD2",NA
NA,"TDRD5",NA
NA,"TBX3",NA
NA,"PCDH20",NA
NA,"LNPEP",NA
NA,"RHOBTB1",NA
NA,"SLC12A1",NA
NA,"TMEM130",NA
NA,"RPL35A",NA
NA,"TMEM89",NA
NA,"LOC401164",NA
NA,"AP2A2",NA
NA,"DKFZP434A062",NA
NA,"C17orf103",NA
NA,"CYTH2",NA
NA,"ZFP41",NA
NA,"HEXIM1",NA
NA,"PXDNL",NA
NA,"TXLNA",NA
NA,"PLEKHA7",NA
NA,"WDTC1",NA
NA,"C20orf203",NA
NA,"TSG1",NA
NA,"NPC1",NA
NA,"MFSD6",NA
NA,"LOC646938",NA
NA,"TMSB10",NA
NA,"KIAA0319L",NA
NA,"POP1",NA
NA,"C4orf40",NA
NA,"ZNF395",NA
NA,"CNNM4",NA
NA,"GRIK2",NA
NA,"PIK3AP1",NA
NA,"LNX2",NA
NA,"C20orf26",NA
NA,"LOC100507178",NA
NA,"ACVR1B",NA
NA,"CGGBP1",NA
NA,"FAM203A",NA
NA,"CDH1",NA
NA,"AGFG2",NA
NA,"MIR548AJ2",NA
NA,"MIR548F3",NA
NA,"HIST3H3",NA
NA,"RPS17L",NA
NA,"RPS17",NA
NA,"SYCN",NA
NA,"WFDC10A",NA
NA,"HIST1H2BJ",NA
NA,"TMCO7",NA
NA,"DHX57",NA
NA,"JUB",NA
NA,"KIF15",NA
NA,"NUS1",NA
NA,"UBTF",NA
NA,"PTPRN2",NA
NA,"CUL2",NA
NA,"SLC35C1",NA
NA,"B4GALT6",NA
NA,"XPO1",NA
NA,"UNC119B",NA
NA,"KAT2B",NA
NA,"VPS39",NA
NA,"PCDHGB4",NA
NA,"ASB4",NA
NA,"TTYH3",NA
NA,"ZNF423",NA
NA,"MAP3K3",NA
NA,"SGOL2",NA
NA,"PTPDC1",NA
NA,"ICMT",NA
NA,"PIK3C2G",NA
NA,"WDR62",NA
NA,"HRH1",NA
NA,"DMTF1",NA
NA,"PTAFR",NA
NA,"PLCH2",NA
NA,"LOC100507053",NA
NA,"FLJ14186",NA
NA,"REV1",NA
NA,"SPOCK1",NA
NA,"PCDHB16",NA
NA,"SLC30A5",NA
NA,"TMEM64",NA
NA,"C17orf57",NA
NA,"LARS",NA
NA,"VWA1",NA
NA,"LEMD3",NA
NA,"PCDHA13",NA
NA,"OST4",NA
NA,"KRTAP13-4",NA
NA,"F11R",NA
NA,"TNK2",NA
NA,"DPY19L2P2",NA
NA,"USP6NL",NA
NA,"LMAN1",NA
NA,"VAV2",NA
NA,"APOLD1",NA
NA,"NNT",NA
NA,"DDX3Y",NA
NA,"WASF3",NA
NA,"EPN2",NA
NA,"PPP2R3B",NA
NA,"NOL6",NA
NA,"C19orf12",NA
NA,"SPRY1",NA
NA,"AK3",NA
NA,"FAM75D1",NA
NA,"PLA2G2E",NA
NA,"HULC",NA
NA,"NDUFA1",NA
NA,"TMTC2",NA
NA,"TTF2",NA
NA,"C16orf57",NA
NA,"CSF2RB",NA
NA,"MAU2",NA
NA,"C1QTNF7",NA
NA,"SWAP70",NA
NA,"ZKSCAN3",NA
NA,"XPO7",NA
NA,"CTPS2",NA
NA,"MNT",NA
NA,"OSBPL1A",NA
NA,"THAP2",NA
NA,"LOC283761",NA
NA,"FBLN1",NA
NA,"PCDHA8",NA
NA,"GSTCD",NA
NA,"LOC100128542",NA
NA,"TMEM50B",NA
NA,"PCDHGB1",NA
NA,"DLG4",NA
NA,"ST7L",NA
NA,"BRPF1",NA
NA,"TPD52L3",NA
NA,"PEAR1",NA
NA,"SLC41A1",NA
NA,"DPY19L1",NA
NA,"PNMA2",NA
NA,"MTMR2",NA
NA,"KIAA1328",NA
NA,"PIGN",NA
NA,"FSTL5",NA
NA,"SLC35F1",NA
NA,"HPS4",NA
NA,"GPR12",NA
NA,"MAMLD1",NA
NA,"LIN7C",NA
NA,"CPNE3",NA
NA,"ERP44",NA
NA,"MUCL1",NA
NA,"LOC731223",NA
NA,"RPL27",NA
NA,"LGALS7B",NA
NA,"ATOX1",NA
NA,"TRIM37",NA
NA,"MYRIP",NA
NA,"PCDHGB5",NA
NA,"ARHGEF37",NA
NA,"POMT2",NA
NA,"PCDHGB2",NA
NA,"GBP6",NA
NA,"VEZT",NA
NA,"SNAP91",NA
NA,"PRRT4",NA
NA,"PCDHGB3",NA
NA,"N6AMT1",NA
NA,"PJA2",NA
NA,"GOLGA1",NA
NA,"BMI1",NA
NA,"WFDC6",NA
NA,"HIST1H2AM",NA
NA,"TXNDC8",NA
NA,"FAM75D5",NA
NA,"TMEM48",NA
NA,"CTDSPL2",NA
NA,"PCDHGA5",NA
NA,"ATMIN",NA
NA,"GPR64",NA
NA,"FBXO38",NA
NA,"RBL2",NA
NA,"SYTL5",NA
NA,"VAV3",NA
NA,"TSR1",NA
NA,"CLSTN2",NA
NA,"VPS41",NA
NA,"MED22",NA
NA,"PRKCI",NA
NA,"RAB8B",NA
NA,"TTC21B",NA
NA,"PCDHA3",NA
NA,"SLC38A2",NA
NA,"NFE2L1",NA
NA,"HERC3",NA
NA,"PNMAL1",NA
NA,"RPS25",NA
NA,"DEFB122",NA
NA,"FLJ45445",NA
NA,"NMT1",NA
NA,"RNF157",NA
NA,"SEC31A",NA
NA,"SCAND3",NA
NA,"LMBR1",NA
NA,"CSGALNACT1",NA
NA,"RPL27A",NA
NA,"KIAA1430",NA
NA,"ZNF594",NA
NA,"LHFPL4",NA
NA,"ZNF248",NA
NA,"SOX4",NA
NA,"ZNF438",NA
NA,"ITGB3",NA
NA,"PCDHGA6",NA
NA,"PCDHGB6",NA
NA,"RPLP2",NA
NA,"PAGE4",NA
NA,"PAGE2B",NA
NA,"TRIM36",NA
NA,"ZFAT",NA
NA,"PATZ1",NA
NA,"GNAT1",NA
NA,"XKR5",NA
NA,"COASY",NA
NA,"LRAT",NA
NA,"CAMK2A",NA
NA,"BEND2",NA
NA,"ABTB2",NA
NA,"RAD1",NA
NA,"PTK2B",NA
NA,"PPIE",NA
NA,"NCKAP5L",NA
NA,"ZNF322",NA
NA,"ZNF185",NA
NA,"HSP90AB2P",NA
NA,"COX19",NA
NA,"KIAA0040",NA
NA,"CG030",NA
NA,"HAS3",NA
NA,"TFF1",NA
NA,"LOC400927",NA
NA,"UGGT2",NA
NA,"KDM3A",NA
NA,"PCDHGA1",NA
NA,"HFM1",NA
NA,"NUDT4",NA
NA,"CCDC88B",NA
NA,"TAF1C",NA
NA,"LOC619207",NA
NA,"ZNF709",NA
NA,"IL1R1",NA
NA,"FAM124A",NA
NA,"MAST1",NA
NA,"EFCAB6",NA
NA,"FAM193B",NA
NA,"SLC28A3",NA
NA,"HPS5",NA
NA,"AOX1",NA
NA,"NAALADL2",NA
NA,"TATDN2",NA
NA,"NAT1",NA
NA,"MIR320C2",NA
NA,"MIR1539",NA
NA,"MIR548T",NA
NA,"TMEM88B",NA
NA,"LOC100240734",NA
NA,"LGALS7",NA
NA,"LOC388789",NA
NA,"XAGE1D",NA
NA,"ZNF276",NA
NA,"GPSM1",NA
NA,"FRMPD1",NA
NA,"ZC3H12D",NA
NA,"PPARD",NA
NA,"ZNF436",NA
NA,"CDC42BPG",NA
NA,"LRCH2",NA
NA,"NDUFA10",NA
NA,"SEPT7",NA
NA,"COBLL1",NA
NA,"NCRNA00261",NA
NA,"SLC26A4",NA
NA,"ZNF680",NA
NA,"CNNM3",NA
NA,"SENP7",NA
NA,"PCDHGA9",NA
NA,"MSMB",NA
NA,"OMP",NA
NA,"NDUFB2",NA
NA,"SALL2",NA
NA,"CNTNAP4",NA
NA,"TSHZ3",NA
NA,"DGCR2",NA
NA,"NLGN1",NA
NA,"NUDCD3",NA
NA,"PCDHGA3",NA
NA,"UCK2",NA
NA,"RAB3GAP1",NA
NA,"SLIT2",NA
NA,"FYB",NA
NA,"MTAP",NA
NA,"DISP1",NA
NA,"MEX3D",NA
NA,"EPHB2",NA
NA,"FHOD3",NA
NA,"SCN2B",NA
NA,"ALDH7A1",NA
NA,"PDE2A",NA
NA,"STK36",NA
NA,"RRAGD",NA
NA,"FAM75D4",NA
NA,"LOC100130417",NA
NA,"PRG1",NA
NA,"CORIN",NA
NA,"LOC648987",NA
NA,"COL6A2",NA
NA,"FAM75D3",NA
NA,"UBFD1",NA
NA,"ITGAM",NA
NA,"SLC10A7",NA
NA,"STK24",NA
NA,"ZCCHC24",NA
NA,"DKFZp451B082",NA
NA,"RTN1",NA
NA,"CPLX2",NA
NA,"KIAA0649",NA
NA,"HSFY1",NA
NA,"DYNLRB2",NA
NA,"NCRNA00285",NA
NA,"KRTAP19-3",NA
NA,"ZNF536",NA
NA,"C3orf17",NA
NA,"ADAMTS12",NA
NA,"C10orf105",NA
NA,"METTL21A",NA
NA,"TCEB3",NA
NA,"PRKD2",NA
NA,"ZRANB1",NA
NA,"SLC4A1",NA
NA,"ZDHHC9",NA
NA,"TMEM132C",NA
NA,"ABCC8",NA
NA,"RFWD3",NA
NA,"CDK14",NA
NA,"FAM120A",NA
NA,"COMMD3",NA
NA,"MEG8",NA
NA,"C8orf56",NA
NA,"CDH8",NA
NA,"TMEM127",NA
NA,"PLAA",NA
NA,"GLUL",NA
NA,"LIMK2",NA
NA,"PABPC4L",NA
NA,"SUN1",NA
NA,"PPP1R13B",NA
NA,"PRAMEF8",NA
NA,"USP25",NA
NA,"MTMR10",NA
NA,"GAB3",NA
NA,"CD28",NA
NA,"MYO19",NA
NA,"ZNF865",NA
NA,"NINL",NA
NA,"MGC45800",NA
NA,"HIST3H2A",NA
NA,"SHFM1",NA
NA,"DEFA1",NA
NA,"SLC30A6",NA
NA,"ADAMTS16",NA
NA,"RBM8A",NA
NA,"MFI2",NA
NA,"ZNF654",NA
NA,"FCHO2",NA
NA,"OPRK1",NA
NA,"ITIH5L",NA
NA,"LMTK3",NA
NA,"NOTCH2NL",NA
NA,"FAM161A",NA
NA,"ZNF229",NA
NA,"PIP4K2C",NA
NA,"CCDC40",NA
NA,"PHF16",NA
NA,"ZNF471",NA
NA,"MMRN1",NA
NA,"LOC339524",NA
NA,"MTSS1L",NA
NA,"ZNF521",NA
NA,"PRICKLE1",NA
NA,"HPSE",NA
NA,"TSHZ1",NA
NA,"PKNOX1",NA
NA,"DTWD2",NA
NA,"SNTB1",NA
NA,"BCL2L15",NA
NA,"ATP8A2",NA
NA,"STYX",NA
NA,"RPS12",NA
NA,"HIST1H2AG",NA
NA,"C9orf84",NA
NA,"WARS2",NA
NA,"PTPN7",NA
NA,"PSMB2",NA
NA,"ZNF323",NA
NA,"C22orf46",NA
NA,"RABGAP1",NA
NA,"MANEAL",NA
NA,"NPHP4",NA
NA,"AMOTL2",NA
NA,"CCDC129",NA
NA,"MYOM2",NA
NA,"CAMTA2",NA
NA,"GGA1",NA
NA,"CNTN3",NA
NA,"ENPEP",NA
NA,"LCA5",NA
NA,"TTLL4",NA
NA,"SIDT1",NA
NA,"LOC100130872",NA
NA,"INPP5D",NA
NA,"ITGA11",NA
NA,"RIC8B",NA
NA,"FDPSL2A",NA
NA,"UNC5B",NA
NA,"LOC641298",NA
NA,"SREBF1",NA
NA,"CALCRL",NA
NA,"XRRA1",NA
NA,"PCDHA4",NA
NA,"EPRS",NA
NA,"NOX4",NA
NA,"RFC1",NA
NA,"TCF12",NA
NA,"NCAM2",NA
NA,"SCAF8",NA
NA,"DNAJC27",NA
NA,"IP6K1",NA
NA,"PCDHGA10",NA
NA,"SBK1",NA
NA,"SNPH",NA
NA,"TNN",NA
NA,"SPRY4",NA
NA,"TLR7",NA
NA,"SCGB2A2",NA
NA,"HIST1H2AA",NA
NA,"SPATA6",NA
NA,"NMT2",NA
NA,"HYMAI",NA
NA,"ZFP3",NA
NA,"MTSS1",NA
NA,"CRB1",NA
NA,"GANAB",NA
NA,"VSIG10",NA
NA,"ABCC11",NA
NA,"TAF2",NA
NA,"NPHS1",NA
NA,"OGDH",NA
NA,"TAL1",NA
NA,"PCDHA12",NA
NA,"MIR4718",NA
NA,"C11orf67",NA
NA,"CXorf27",NA
NA,"KMO",NA
NA,"SUSD5",NA
NA,"TPCN2",NA
NA,"KL",NA
NA,"SCAPER",NA
NA,"ITGA3",NA
NA,"NCS1",NA
NA,"L1CAM",NA
NA,"RTF1",NA
NA,"MPZL1",NA
NA,"AMBRA1",NA
NA,"ARHGAP27",NA
NA,"KCTD20",NA
NA,"RASGRP1",NA
NA,"WIPI2",NA
NA,"C1orf227",NA
NA,"COX5B",NA
NA,"SNHG5",NA
NA,"LOC285965",NA
NA,"CTDSP2",NA
NA,"GSG1L",NA
NA,"MALT1",NA
NA,"SEC14L2",NA
NA,"CD164",NA
NA,"SYBU",NA
NA,"DPYSL2",NA
NA,"DIAPH3",NA
NA,"LPPR4",NA
NA,"C18orf54",NA
NA,"GART",NA
NA,"SLC38A10",NA
NA,"ATP1B4",NA
NA,"SUGP2",NA
NA,"ABCC2",NA
NA,"DDX17",NA
NA,"PIK3R4",NA
NA,"TMEM200A",NA
NA,"LOC100130452",NA
NA,"C6orf125",NA
NA,"TMEFF1",NA
NA,"PSD4",NA
NA,"CLCC1",NA
NA,"LOC100271836",NA
NA,"KIAA1609",NA
NA,"ATCAY",NA
NA,"APOBEC3F",NA
NA,"C6orf35",NA
NA,"ARNT",NA
NA,"NID2",NA
NA,"DISP2",NA
NA,"LOC146880",NA
NA,"TRPC4",NA
NA,"RUNX3",NA
NA,"UNK",NA
NA,"NPC1L1",NA
NA,"PPFIA4",NA
NA,"JAK1",NA
NA,"SFMBT1",NA
NA,"RNF144B",NA
NA,"CD52",NA
NA,"LACRT",NA
NA,"AHSP",NA
NA,"MT1E",NA
NA,"TXN",NA
NA,"PEX5",NA
NA,"PRG4",NA
NA,"EIF4E",NA
NA,"ATG7",NA
NA,"COL2A1",NA
NA,"SYNPO2L",NA
NA,"GTPBP1",NA
NA,"NR5A2",NA
NA,"GRIP1",NA
NA,"TRO",NA
NA,"ERO1LB",NA
NA,"GLCE",NA
NA,"TMEM211",NA
NA,"ABHD14A-ACY1",NA
NA,"SPINK13",NA
NA,"LHFPL2",NA
NA,"PILRB",NA
NA,"GGA3",NA
NA,"NCRNA00201",NA
NA,"TEX14",NA
NA,"FBXW8",NA
NA,"AQR",NA
NA,"DVL3",NA
NA,"KCNH8",NA
NA,"P2RY2",NA
NA,"PPHLN1",NA
NA,"KCNG3",NA
NA,"SGOL1",NA
NA,"COX8A",NA
NA,"PARM1",NA
NA,"JAG2",NA
NA,"C18orf63",NA
NA,"SH3KBP1",NA
NA,"BAIAP3",NA
NA,"FBXO9",NA
NA,"CANX",NA
NA,"TRIL",NA
NA,"KLHDC7A",NA
NA,"KIF11",NA
NA,"CPSF2",NA
NA,"PCDHGC4",NA
NA,"FHAD1",NA
NA,"HIST2H3A",NA
NA,"HIST2H3C",NA
NA,"C5orf58",NA
NA,"SCN4B",NA
NA,"C3",NA
NA,"ARGFX",NA
NA,"UBXN2B",NA
NA,"MYO1C",NA
NA,"LEPROT",NA
NA,"PIP5K1C",NA
NA,"CD209",NA
NA,"PKD2",NA
NA,"ADAMTS19",NA
NA,"OSBP",NA
NA,"LOC729059",NA
NA,"MTHFS",NA
NA,"HBM",NA
NA,"IL18BP",NA
NA,"KLHL29",NA
NA,"RRP1B",NA
NA,"GLDN",NA
NA,"RTEL1",NA
NA,"SGSM2",NA
NA,"PDP1",NA
NA,"DENND5A",NA
NA,"STAT5B",NA
NA,"PTP4A1",NA
NA,"ZNF697",NA
NA,"SBNO2",NA
NA,"KIAA0922",NA
NA,"TEX2",NA
NA,"RPLP1",NA
NA,"S100P",NA
NA,"CGN",NA
NA,"GRIN2D",NA
NA,"STK38L",NA
NA,"XK",NA
NA,"IL21R",NA
NA,"RBMXL1",NA
NA,"EPB41L2",NA
NA,"RFT1",NA
NA,"SLC35E1",NA
NA,"MACROD2",NA
NA,"RNF180",NA
NA,"ITPK1",NA
NA,"PPP2R5C",NA
NA,"ABLIM2",NA
NA,"FLJ42351",NA
NA,"OXT",NA
NA,"SLC9A6",NA
NA,"FOXRED2",NA
NA,"SCUBE3",NA
NA,"RGL1",NA
NA,"DNAJC18",NA
NA,"PCDHGC5",NA
NA,"EXOC8",NA
NA,"ERBB2",NA
NA,"CBX2",NA
NA,"LRRC2",NA
NA,"RBM12B",NA
NA,"MIR1976",NA
NA,"MIR4454",NA
NA,"SCT",NA
NA,"FGF22",NA
NA,"TARBP1",NA
NA,"C6orf170",NA
NA,"DIAPH2",NA
NA,"SLC8A2",NA
NA,"USP42",NA
NA,"LOC100132891",NA
NA,"F8A1",NA
NA,"SSC5D",NA
NA,"C1orf226",NA
NA,"LRP5",NA
NA,"KCNJ12",NA
NA,"FAM182A",NA
NA,"MAN2A1",NA
NA,"FLYWCH1",NA
NA,"EVC2",NA
NA,"ZBTB11",NA
NA,"TIMELESS",NA
NA,"SIN3B",NA
NA,"LOC100130298",NA
NA,"CASKIN2",NA
NA,"PCDHA2",NA
NA,"KIAA1009",NA
NA,"EFCAB2",NA
NA,"SLC12A4",NA
NA,"LMF1",NA
NA,"AMACR",NA
NA,"GNS",NA
NA,"RFPL1-AS1",NA
NA,"GPR111",NA
NA,"SDC3",NA
NA,"C1orf96",NA
NA,"SLC35A2",NA
NA,"STARD8",NA
NA,"RSF1",NA
NA,"DCD",NA
NA,"ZBED5",NA
NA,"BIVM-ERCC5",NA
NA,"SMPD4",NA
NA,"PRKAA1",NA
NA,"ZNF527",NA
NA,"QKI",NA
NA,"NDOR1",NA
NA,"MEPCE",NA
NA,"ZMIZ2",NA
NA,"DHRSX",NA
NA,"RSL1D1",NA
NA,"PWRN2",NA
NA,"NECAB1",NA
NA,"ZMYM6",NA
NA,"LOC400891",NA
NA,"SLC1A3",NA
NA,"LOC494141",NA
NA,"TSHR",NA
NA,"HIST2H2BA",NA
NA,"FAM183A",NA
NA,"ERCC5",NA
NA,"RDH14",NA
NA,"TTTY14",NA
NA,"ARHGAP39",NA
NA,"OCRL",NA
NA,"ZNF271",NA
NA,"STAG1",NA
NA,"HNRNPUL2",NA
NA,"RPL13",NA
NA,"ZNF764",NA
NA,"SLC5A7",NA
NA,"FERMT1",NA
NA,"IFT80",NA
NA,"TTC7A",NA
NA,"KIAA1143",NA
NA,"C5orf24",NA
NA,"ABCC12",NA
NA,"MRPL33",NA
NA,"ITGA10",NA
NA,"N4BP2L2",NA
NA,"TK2",NA
NA,"PCDHGA7",NA
NA,"TBC1D9B",NA
NA,"FBXO33",NA
NA,"AGAP2",NA
NA,"MYO1B",NA
NA,"GFOD1",NA
NA,"RHBDD1",NA
NA,"ZNF510",NA
NA,"TMEM26",NA
NA,"CD4",NA
NA,"BMF",NA
NA,"MYBBP1A",NA
NA,"SCGB3A2",NA
NA,"TRIM58",NA
NA,"CYP1B1",NA
NA,"EPAS1",NA
NA,"LRP2BP",NA
NA,"YTHDF3",NA
NA,"SYT13",NA
NA,"UVRAG",NA
NA,"A2ML1",NA
NA,"TBRG1",NA
NA,"TOP2B",NA
NA,"CENPJ",NA
NA,"NBR1",NA
NA,"SEMA3C",NA
NA,"FRMD6",NA
NA,"UBE3C",NA
NA,"ARPP19",NA
NA,"ALDH5A1",NA
NA,"LSM7",NA
NA,"CXorf61",NA
NA,"MYO1D",NA
NA,"SLC6A19",NA
NA,"C9orf3",NA
NA,"EHBP1L1",NA
NA,"PHC1",NA
NA,"RNF17",NA
NA,"LRRC37A2",NA
NA,"SYS1",NA
NA,"LRRC37A",NA
NA,"TRPA1",NA
NA,"THEM4",NA
NA,"PKD1L3",NA
NA,"LCLAT1",NA
NA,"ZNF721",NA
NA,"MAP3K5",NA
NA,"ARHGEF26",NA
NA,"TNR",NA
NA,"TENC1",NA
NA,"GLT25D2",NA
NA,"ZFYVE9",NA
NA,"FMO2",NA
NA,"MTMR12",NA
NA,"MYBL1",NA
NA,"CLSTN1",NA
NA,"C6orf138",NA
NA,"ARSD",NA
NA,"EMP2",NA
NA,"SH3BP4",NA
NA,"PPM1F",NA
NA,"VPS8",NA
NA,"PCDH12",NA
NA,"DHTKD1",NA
NA,"KCTD16",NA
NA,"SCGB2A1",NA
NA,"LCN9",NA
NA,"MTL5",NA
NA,"SCRIB",NA
NA,"RPS6KL1",NA
NA,"PLB1",NA
NA,"TACR1",NA
NA,"WISP1",NA
NA,"KLHL13",NA
NA,"SLITRK1",NA
NA,"USP38",NA
NA,"E2F2",NA
NA,"MGEA5",NA
NA,"EFCAB1",NA
NA,"MPP7",NA
NA,"KDSR",NA
NA,"PPP1CB",NA
NA,"MIER3",NA
NA,"SCML2",NA
NA,"KRTAP13-3",NA
NA,"ING5",NA
NA,"PCSK2",NA
NA,"RTN4",NA
NA,"FBXL17",NA
NA,"PTCHD2",NA
NA,"ACE",NA
NA,"TMEM87B",NA
NA,"SFTPB",NA
NA,"ULK1",NA
NA,"ZNF483",NA
NA,"PROSER1",NA
NA,"DPP6",NA
NA,"RRM2B",NA
NA,"DPYSL5",NA
NA,"SPAST",NA
NA,"HGSNAT",NA
NA,"REEP3",NA
NA,"LOC100130691",NA
NA,"KIAA0664",NA
NA,"RIOK2",NA
NA,"DCDC2",NA
NA,"HBII-52-45",NA
NA,"MIR320E",NA
NA,"MIR4434",NA
NA,"S100A8",NA
NA,"OR5E1P",NA
NA,"PRHOXNB",NA
NA,"RPL36AL",NA
NA,"LOC644246",NA
NA,"LHB",NA
NA,"NCRNA00113",NA
NA,"MTMR6",NA
NA,"GJA3",NA
NA,"ZXDA",NA
NA,"CNTNAP3",NA
NA,"GNAL",NA
NA,"ZNF716",NA
NA,"KLF9",NA
NA,"USP22",NA
NA,"ZFP64",NA
NA,"CASC2",NA
NA,"MINK1",NA
NA,"SNRK",NA
NA,"CABLES1",NA
NA,"C1orf54",NA
NA,"LELP1",NA
NA,"NCRNA00112",NA
NA,"STIL",NA
NA,"KCNMB3",NA
NA,"ATP10A",NA
NA,"ZNF43",NA
NA,"GRHL2",NA
NA,"TTC9",NA
NA,"USP36",NA
NA,"C9orf47",NA
NA,"SLC5A1",NA
NA,"UBE2H",NA
NA,"NTRK3",NA
NA,"UGT3A1",NA
NA,"C5orf51",NA
NA,"MAPKAPK2",NA
NA,"POM121L9P",NA
NA,"CNP",NA
NA,"NISCH",NA
NA,"TFCP2",NA
NA,"UQCRH",NA
NA,"GYPB",NA
NA,"C6orf57",NA
NA,"RPL23P8",NA
NA,"C2orf3",NA
NA,"PCDHGA12",NA
NA,"AIM1L",NA
NA,"MARK4",NA
NA,"ZNF451",NA
NA,"KBTBD6",NA
NA,"YPEL2",NA
NA,"ARSA",NA
NA,"DACH1",NA
NA,"GAS8",NA
NA,"DSC2",NA
NA,"ZBTB46",NA
NA,"ZIC1",NA
NA,"LGR4",NA
NA,"AFTPH",NA
NA,"ARAP3",NA
NA,"RPS13",NA
NA,"LOC100506393",NA
NA,"VDR",NA
NA,"ITGAL",NA
NA,"SMC6",NA
NA,"PLA2G12A",NA
NA,"COL15A1",NA
NA,"TNFRSF19",NA
NA,"LOC151162",NA
NA,"STIM2",NA
NA,"E2F3",NA
NA,"ACVR2A",NA
NA,"CYFIP1",NA
NA,"UBE2K",NA
NA,"WHAMMP2",NA
NA,"ARIH1",NA
NA,"IFT140",NA
NA,"ERG",NA
NA,"PTPN23",NA
NA,"FRMD4B",NA
NA,"HEATR7B2",NA
NA,"TTTY15",NA
NA,"CNFN",NA
NA,"LOC100128573",NA
NA,"LGALS2",NA
NA,"DEFB109P1B",NA
NA,"PPP6R2",NA
NA,"RBM47",NA
NA,"FAM22G",NA
NA,"EXOC7",NA
NA,"AP3M1",NA
NA,"NLRP12",NA
NA,"TBC1D14",NA
NA,"SEZ6",NA
NA,"ProSAPiP1",NA
NA,"FP588",NA
NA,"LOC399744",NA
NA,"LUZP2",NA
NA,"BTBD3",NA
NA,"LSS",NA
NA,"LOC100129316",NA
NA,"CACHD1",NA
NA,"FAM73A",NA
NA,"ARHGEF6",NA
NA,"TRPV1",NA
NA,"AQP7P3",NA
NA,"MAFG",NA
NA,"CTAGE4",NA
NA,"INS-IGF2",NA
NA,"GOLGA8E",NA
NA,"ZNF829",NA
NA,"PPIP5K2",NA
NA,"MFHAS1",NA
NA,"FOXK2",NA
NA,"FAM198B",NA
NA,"SH3RF1",NA
NA,"C6orf103",NA
NA,"FSD1L",NA
NA,"CASR",NA
NA,"GABBR1",NA
NA,"CCDC113",NA
NA,"ABCA6",NA
NA,"GRB10",NA
NA,"PTGS1",NA
NA,"MARK1",NA
NA,"EBF1",NA
NA,"TSPYL1",NA
NA,"CNTNAP5",NA
NA,"PYDC1",NA
NA,"LOC390858",NA
NA,"MTRNR2L9",NA
NA,"MATL2963",NA
NA,"SMPD3",NA
NA,"JAK2",NA
NA,"FAR1",NA
NA,"KBTBD12",NA
NA,"GOLGA8C",NA
NA,"PCDHGA2",NA
NA,"RNF165",NA
NA,"LTBP3",NA
NA,"RPS15",NA
NA,"RCOR3",NA
NA,"MYB",NA
NA,"C6orf97",NA
NA,"PPP1R15B",NA
NA,"MTMR7",NA
NA,"SSFA2",NA
NA,"SYT11",NA
NA,"TRMT5",NA
NA,"C17orf109",NA
NA,"DKFZp566F0947",NA
NA,"SLC12A7",NA
NA,"GRIA3",NA
NA,"PMEPA1",NA
NA,"EIF3A",NA
NA,"DPCR1",NA
NA,"MSL3",NA
NA,"LILRP2",NA
NA,"PLEKHM1",NA
NA,"DNAJC5",NA
NA,"SLC39A14",NA
NA,"PTCHD1",NA
NA,"ZNF776",NA
NA,"APOC3",NA
NA,"COX8C",NA
NA,"TMED11P",NA
NA,"PFN3",NA
NA,"SOS2",NA
NA,"FGA",NA
NA,"RANBP10",NA
NA,"PCSK1",NA
NA,"PHKA2",NA
NA,"GABPA",NA
NA,"PURA",NA
NA,"CENPN",NA
NA,"SYK",NA
NA,"COBL",NA
NA,"STK17B",NA
NA,"SNORD78",NA
NA,"MIR4747",NA
NA,"ZNF321P",NA
NA,"MIR1281",NA
NA,"MIR378D1",NA
NA,"MIR4634",NA
NA,"MIR4466",NA
NA,"PISRT1",NA
NA,"LOC572558",NA
NA,"ABHD13",NA
NA,"KCNAB1",NA
NA,"FAM91A1",NA
NA,"MOBP",NA
NA,"RPS6KB1",NA
NA,"KCNJ10",NA
NA,"MFSD11",NA
NA,"LOC283174",NA
NA,"CACNA2D4",NA
NA,"PDE4B",NA
NA,"GNG4",NA
NA,"UBE3A",NA
NA,"MRE11A",NA
NA,"GAS2L1",NA
NA,"HTN1",NA
NA,"LYPD2",NA
NA,"USP48",NA
NA,"IFT172",NA
NA,"C3orf77",NA
NA,"ZC3H14",NA
NA,"C15orf52",NA
NA,"RNF103",NA
NA,"TOPBP1",NA
NA,"SLCO4C1",NA
NA,"SRG7",NA
NA,"NOP16",NA
NA,"TPCN1",NA
NA,"DEPDC1",NA
NA,"GOLGA8DP",NA
NA,"KANK2",NA
NA,"UPF1",NA
NA,"CRKL",NA
NA,"LDOC1L",NA
NA,"ZNF286B",NA
NA,"TFRC",NA
NA,"PPRC1",NA
NA,"SMARCAD1",NA
NA,"MRO",NA
NA,"ERMP1",NA
NA,"WDR96",NA
NA,"NEURL4",NA
NA,"KCND2",NA
NA,"PHF2",NA
NA,"ZDHHC20",NA
NA,"SSTR5",NA
NA,"FAM102B",NA
NA,"D4S234E",NA
NA,"NOP10",NA
NA,"C4orf7",NA
NA,"EFNA5",NA
NA,"ABCD2",NA
NA,"C17orf91",NA
NA,"XPO5",NA
NA,"SUFU",NA
NA,"CD47",NA
NA,"STL",NA
NA,"LPIN1",NA
NA,"KIT",NA
NA,"IL9R",NA
NA,"MARK2",NA
NA,"UBE2O",NA
NA,"RNF168",NA
NA,"DCLK3",NA
NA,"STC2",NA
NA,"SLURP1",NA
NA,"QRICH2",NA
NA,"DENND1A",NA
NA,"PDCD2",NA
NA,"NT5C2",NA
NA,"MPP5",NA
NA,"LOC647979",NA
NA,"RIMS4",NA
NA,"CTNNB1",NA
NA,"AATK",NA
NA,"VANGL2",NA
NA,"SLIT3",NA
NA,"KTN1",NA
NA,"ABHD5",NA
NA,"NUP160",NA
NA,"LRRC14",NA
NA,"LOC285033",NA
NA,"MLXIP",NA
NA,"SYNGR1",NA
NA,"CROCCP3",NA
NA,"SALL1",NA
NA,"SIM2",NA
NA,"ZNF192",NA
NA,"PFAS",NA
NA,"PLCG1",NA
NA,"NCBP1",NA
NA,"GPR133",NA
NA,"DNMT1",NA
NA,"COL1A2",NA
NA,"RPS18",NA
NA,"CLPS",NA
NA,"GOLGA6C",NA
NA,"ZNF668",NA
NA,"DUSP19",NA
NA,"HCN1",NA
NA,"MBTD1",NA
NA,"CYP3A5",NA
NA,"FSTL4",NA
NA,"SPON1",NA
NA,"EHMT1",NA
NA,"ACIN1",NA
NA,"PIK3CG",NA
NA,"UQCRHL",NA
NA,"NDUFA13",NA
NA,"HDAC5",NA
NA,"EHBP1",NA
NA,"PCYOX1",NA
NA,"NPHP3",NA
NA,"LOC220906",NA
NA,"SF3A1",NA
NA,"PREX2",NA
NA,"LPCAT2",NA
NA,"PDE7B",NA
NA,"MAN1A2",NA
NA,"DGCR14",NA
NA,"ISLR2",NA
NA,"GEMIN5",NA
NA,"TMEM63C",NA
NA,"AKT2",NA
NA,"C5orf46",NA
NA,"TMEM181",NA
NA,"USP7",NA
NA,"TMEM215",NA
NA,"BAI2",NA
NA,"ARHGAP19",NA
NA,"NR1D2",NA
NA,"RABEP1",NA
NA,"ADNP2",NA
NA,"EXD2",NA
NA,"KCNJ2",NA
NA,"RASGRP3",NA
NA,"ANGPT2",NA
NA,"MYEF2",NA
NA,"FGF5",NA
NA,"HMGXB3",NA
NA,"LOC100293534",NA
NA,"C4B",NA
NA,"PIK3CD",NA
NA,"KIAA0247",NA
NA,"TRPM1",NA
NA,"ADCY10",NA
NA,"OXR1",NA
NA,"CCL1",NA
NA,"DAPL1",NA
NA,"DEFA4",NA
NA,"MEIS2",NA
NA,"CD2AP",NA
NA,"EFR3A",NA
NA,"ADAMTS14",NA
NA,"ZNF91",NA
NA,"ARMCX4",NA
NA,"GALNT4",NA
NA,"SLC39A9",NA
NA,"POLR1B",NA
NA,"C2orf67",NA
NA,"MFAP3",NA
NA,"ANKRD20A2",NA
NA,"SH2B3",NA
NA,"GOSR1",NA
NA,"STOM",NA
NA,"FAM168B",NA
NA,"MIR4727",NA
NA,"MIR4266",NA
NA,"MIR3193",NA
NA,"RNU86",NA
NA,"MIR2052",NA
NA,"MIR4540",NA
NA,"C12orf57",NA
NA,"SMCR9",NA
NA,"COX7B2",NA
NA,"C6orf191",NA
NA,"LMO4",NA
NA,"KANK1",NA
NA,"POLA1",NA
NA,"SLCO5A1",NA
NA,"C2orf63",NA
NA,"LRRC55",NA
NA,"GCOM1",NA
NA,"CACNA2D2",NA
NA,"FNBP1",NA
NA,"BGLAP",NA
NA,"LOC728643",NA
NA,"SAA2-SAA4",NA
NA,"JAK3",NA
NA,"GRIN1",NA
NA,"NIPAL3",NA
NA,"ZNF772",NA
NA,"CTNND2",NA
NA,"PRKAB2",NA
NA,"UHRF1BP1L",NA
NA,"KRAS",NA
NA,"PDE8A",NA
NA,"LRRIQ1",NA
NA,"TLK2",NA
NA,"KRTCAP2",NA
NA,"LOC388588",NA
NA,"COX6A1",NA
NA,"FUS",NA
NA,"DENND3",NA
NA,"DGCR5",NA
NA,"SLC6A20",NA
NA,"ANKRD34C",NA
NA,"RGAG1",NA
NA,"MAML2",NA
NA,"KIF3C",NA
NA,"C5",NA
NA,"SYT1",NA
NA,"KIAA0317",NA
NA,"TC2N",NA
NA,"KIAA1468",NA
NA,"ZNF252",NA
NA,"PTGFR",NA
NA,"MATR3",NA
NA,"ADAMTS13",NA
NA,"NDUFB7",NA
NA,"CNTNAP1",NA
NA,"SLC9A2",NA
NA,"SPICE1",NA
NA,"BRD2",NA
NA,"FCRL5",NA
NA,"METTL9",NA
NA,"DSG1",NA
NA,"MTERFD2",NA
NA,"PKP1",NA
NA,"KIAA0195",NA
NA,"NPTX1",NA
NA,"KITLG",NA
NA,"ATP1A2",NA
NA,"ARHGEF40",NA
NA,"KIAA1310",NA
NA,"SETDB1",NA
NA,"PARP4",NA
NA,"LOC653061",NA
NA,"SYCP2",NA
NA,"ZNF484",NA
NA,"COL3A1",NA
NA,"GPCPD1",NA
NA,"ARL2",NA
NA,"NDUFS6",NA
NA,"GAGE10",NA
NA,"RAB43",NA
NA,"SGTB",NA
NA,"IKZF4",NA
NA,"FBXO28",NA
NA,"ZNF770",NA
NA,"CTBP2",NA
NA,"RRP7A",NA
NA,"LETM1",NA
NA,"M1",NA
NA,"NBEAP1",NA
NA,"SPINK7",NA
NA,"LOC728012",NA
NA,"HIST1H2AC",NA
NA,"ZNF566",NA
NA,"CIC",NA
NA,"KIAA1383",NA
NA,"NFRKB",NA
NA,"STAT3",NA
NA,"FOXN2",NA
NA,"EGFLAM",NA
NA,"LZTS1",NA
NA,"MAP3K4",NA
NA,"C3orf23",NA
NA,"IRF4",NA
NA,"SEC61G",NA
NA,"TMC5",NA
NA,"C18orf25",NA
NA,"DROSHA",NA
NA,"SCD",NA
NA,"ALX4",NA
NA,"CCDC90A",NA
NA,"GNE",NA
NA,"VCL",NA
NA,"CPT1A",NA
NA,"TMEM237",NA
NA,"ARPP21",NA
NA,"TBC1D9",NA
NA,"NRAP",NA
NA,"ADAMTS7",NA
NA,"CCNG2",NA
NA,"KANK4",NA
NA,"BAG5",NA
NA,"CENPW",NA
NA,"FOXJ2",NA
NA,"EIF2AK4",NA
NA,"ARHGEF5",NA
NA,"BRF1",NA
NA,"FAM84B",NA
NA,"MSR1",NA
NA,"CAST",NA
NA,"VAMP7",NA
NA,"CHRNA4",NA
NA,"CLTCL1",NA
NA,"TIMP3",NA
NA,"PCDHGC3",NA
NA,"STRC",NA
NA,"TMEM67",NA
NA,"ZKSCAN1",NA
NA,"PTPRE",NA
NA,"ZSWIM6",NA
NA,"NKX6-3",NA
NA,"RPL30",NA
NA,"LOC441461",NA
NA,"C11orf30",NA
NA,"SHOX2",NA
NA,"PUM1",NA
NA,"NUP50",NA
NA,"ZADH2",NA
NA,"KIAA1841",NA
NA,"C11orf92",NA
NA,"TYW5",NA
NA,"PTCD1",NA
NA,"HR",NA
NA,"C1orf116",NA
NA,"LIMS1",NA
NA,"ZNF107",NA
NA,"BAI1",NA
NA,"TNPO2",NA
NA,"MINA",NA
NA,"CNOT4",NA
NA,"MIR921",NA
NA,"MIR4710",NA
NA,"MIR4530",NA
NA,"MIR4328",NA
NA,"APITD1",NA
NA,"BOLA3",NA
NA,"CST11",NA
NA,"WDR90",NA
NA,"LOX",NA
NA,"LIN28B",NA
NA,"SLC15A2",NA
NA,"ZBTB47",NA
NA,"TTC33",NA
NA,"LOC399708",NA
NA,"STX11",NA
NA,"KIAA0415",NA
NA,"LRTOMT",NA
NA,"PHRF1",NA
NA,"PRKCE",NA
NA,"TP73",NA
NA,"CNDP2",NA
NA,"SMC4",NA
NA,"RCOR1",NA
NA,"ABCC3",NA
NA,"SPIRE1",NA
NA,"DZIP3",NA
NA,"PI3",NA
NA,"C6orf226",NA
NA,"PACSIN1",NA
NA,"AGPAT5",NA
NA,"MYT1",NA
NA,"RXRA",NA
NA,"COL16A1",NA
NA,"SEMA4G",NA
NA,"TRIM7",NA
NA,"MDFIC",NA
NA,"RBM14",NA
NA,"ARHGAP28",NA
NA,"SLC39A10",NA
NA,"ENC1",NA
NA,"ISPD",NA
NA,"LPAR6",NA
NA,"C8orf34",NA
NA,"DDX3X",NA
NA,"WIPF2",NA
NA,"UGT2B10",NA
NA,"LOC100505678",NA
NA,"LOC100306951",NA
NA,"RPS26P11",NA
NA,"CES2",NA
NA,"NEK9",NA
NA,"COL27A1",NA
NA,"RNF111",NA
NA,"BTN2A1",NA
NA,"KLF6",NA
NA,"ODF2",NA
NA,"EML4",NA
NA,"UTP14C",NA
NA,"ZCCHC2",NA
NA,"PCP4",NA
NA,"EPS15",NA
NA,"ETS1",NA
NA,"ZBTB33",NA
NA,"PRRG4",NA
NA,"EIF5A2",NA
NA,"TRHDE",NA
NA,"LATS2",NA
NA,"NAA15",NA
NA,"DSG3",NA
NA,"CYCS",NA
NA,"SYT14",NA
NA,"FAM22D",NA
NA,"ATAD2",NA
NA,"CNTN4",NA
NA,"PTEN",NA
NA,"TRIM10",NA
NA,"LOC100128098",NA
NA,"LGALS1",NA
NA,"C4orf48",NA
NA,"SCRN1",NA
NA,"POU6F1",NA
NA,"SEPT11",NA
NA,"LTBP4",NA
NA,"ARHGEF4",NA
NA,"SERTAD2",NA
NA,"CLIP2",NA
NA,"RNF38",NA
NA,"PPFIA1",NA
NA,"BMPR1B",NA
NA,"TLE3",NA
NA,"FMNL2",NA
NA,"DCTN1",NA
NA,"KRTAP8-1",NA
NA,"NXPH3",NA
NA,"RAB6B",NA
NA,"NES",NA
NA,"KDM5D",NA
NA,"COL17A1",NA
NA,"BET1L",NA
NA,"TSPAN11",NA
NA,"RHOBTB3",NA
NA,"VWDE",NA
NA,"ACSL4",NA
NA,"WWTR1",NA
NA,"GPR85",NA
NA,"EGF",NA
NA,"RPL21P28",NA
NA,"RPL24",NA
NA,"NPY",NA
NA,"FIGF",NA
NA,"KIAA0586",NA
NA,"LOC400550",NA
NA,"VEPH1",NA
NA,"ARHGEF10",NA
NA,"PLD1",NA
NA,"ALPK1",NA
NA,"PAM",NA
NA,"G2E3",NA
NA,"NFIX",NA
NA,"PTPRM",NA
NA,"PAQR5",NA
NA,"C17orf89",NA
NA,"TMEM110-MUSTN1",NA
NA,"TSPAN14",NA
NA,"NCAPD3",NA
NA,"HYAL1",NA
NA,"CCP110",NA
NA,"THOC2",NA
NA,"GALNTL1",NA
NA,"NEDD9",NA
NA,"C11orf95",NA
NA,"DLEC1",NA
NA,"SPG20",NA
NA,"DNAJC3",NA
NA,"INF2",NA
NA,"CCL26",NA
NA,"SEC61B",NA
NA,"KDM4B",NA
NA,"SLFN11",NA
NA,"C7orf58",NA
NA,"SMAD9",NA
NA,"RASA4",NA
NA,"USP40",NA
NA,"SLK",NA
NA,"MAP3K9",NA
NA,"LRRC16A",NA
NA,"FABP1",NA
NA,"LOC100130849",NA
NA,"GAGE12J",NA
NA,"GAGE12H",NA
NA,"ZNF701",NA
NA,"DPYD",NA
NA,"FAM83H",NA
NA,"PHF12",NA
NA,"PTGIS",NA
NA,"CRIM1",NA
NA,"SLC2A12",NA
NA,"CEP164",NA
NA,"HLF",NA
NA,"TRPM8",NA
NA,"HAUS3",NA
NA,"FAM13B",NA
NA,"KIAA1522",NA
NA,"SH3RF3",NA
NA,"NFAM1",NA
NA,"C9orf174",NA
NA,"MIR4514",NA
NA,"KRTAP5-6",NA
NA,"NCRNA00235",NA
NA,"PPT2-EGFL8",NA
NA,"PNPLA6",NA
NA,"ZSCAN29",NA
NA,"URB2",NA
NA,"PAFAH1B1",NA
NA,"MBD2",NA
NA,"CADPS",NA
NA,"BAI3",NA
NA,"LRRTM3",NA
NA,"DHX33",NA
NA,"ZFY",NA
NA,"GNPTAB",NA
NA,"CMKLR1",NA
NA,"KLF3",NA
NA,"FAM46A",NA
NA,"PLA2G1B",NA
NA,"LOC391322",NA
NA,"ARAP1",NA
NA,"TTBK2",NA
NA,"CEP152",NA
NA,"OGT",NA
NA,"MTPAP",NA
NA,"PAN3",NA
NA,"SLC22A3",NA
NA,"DPYSL3",NA
NA,"LOC100506023",NA
NA,"HECA",NA
NA,"CECR2",NA
NA,"BMP8A",NA
NA,"PLEKHG5",NA
NA,"PLCB4",NA
NA,"XCL2",NA
NA,"RPS15A",NA
NA,"LOC595101",NA
NA,"HOXB13-AS1",NA
NA,"OTOS",NA
NA,"WFDC2",NA
NA,"C4A",NA
NA,"XAGE3",NA
NA,"ST8SIA2",NA
NA,"PDE6A",NA
NA,"LARP4B",NA
NA,"RNF8",NA
NA,"BRD3",NA
NA,"GPR56",NA
NA,"AQP4",NA
NA,"LRRTM2",NA
NA,"CRB2",NA
NA,"EHF",NA
NA,"KIAA0895",NA
NA,"PLEKHA2",NA
NA,"C17orf98",NA
NA,"HIST1H2AE",NA
NA,"CC2D1B",NA
NA,"ZNF217",NA
NA,"SEPSECS",NA
NA,"ZNF608",NA
NA,"DSG2",NA
NA,"FUT8",NA
NA,"CDRT15",NA
NA,"TXNDC5",NA
NA,"PMS2P4",NA
NA,"AMPD3",NA
NA,"ATP8B3",NA
NA,"ZXDB",NA
NA,"DUOX1",NA
NA,"USP19",NA
NA,"SEMA3A",NA
NA,"CEP135",NA
NA,"HRH2",NA
NA,"NUP188",NA
NA,"FAM202A",NA
NA,"TP53INP1",NA
NA,"AHRR",NA
NA,"ATP8B4",NA
NA,"ZNF577",NA
NA,"LOC728716",NA
NA,"LOC100287944",NA
NA,"MT1DP",NA
NA,"DGKZ",NA
NA,"LRRC37A3",NA
NA,"GALNT13",NA
NA,"PLAGL2",NA
NA,"ANKRD13C",NA
NA,"PCGF3",NA
NA,"ZNF331",NA
NA,"DDX46",NA
NA,"LOC283440",NA
NA,"CTSL1P8",NA
NA,"DENND4B",NA
NA,"GATAD2A",NA
NA,"PHKB",NA
NA,"TTC37",NA
NA,"WASF2",NA
NA,"NEGR1",NA
NA,"LIMS3L",NA
NA,"SIK2",NA
NA,"AGSK1",NA
NA,"IPO8",NA
NA,"CCDC85C",NA
NA,"ZNF559",NA
NA,"ENAM",NA
NA,"GABRA1",NA
NA,"NUP153",NA
NA,"ADAMTS15",NA
NA,"SEC23B",NA
NA,"TBC1D1",NA
NA,"ATAT1",NA
NA,"ZHX1",NA
NA,"HCG22",NA
NA,"FAM24B",NA
NA,"PVALB",NA
NA,"ARHGAP24",NA
NA,"RBFA",NA
NA,"CASKIN1",NA
NA,"HCG11",NA
NA,"DCAF8",NA
NA,"CDRT15L1",NA
NA,"C20orf144",NA
NA,"DBF4B",NA
NA,"TMEM194A",NA
NA,"XDH",NA
NA,"MED23",NA
NA,"LOC100288181",NA
NA,"YAP1",NA
NA,"ABCA8",NA
NA,"LPHN2",NA
NA,"STAM2",NA
NA,"ASAP2",NA
NA,"PRO0611",NA
NA,"IGFL4",NA
NA,"PMCHL1",NA
NA,"PELI2",NA
NA,"IRF2BP2",NA
NA,"PCDHAC1",NA
NA,"PDGFRB",NA
NA,"ATP6V1C1",NA
NA,"PRNP",NA
NA,"SMCR7L",NA
NA,"KY",NA
NA,"ADAMTS20",NA
NA,"GSTA7P",NA
NA,"DHDDS",NA
NA,"LOC100130231",NA
NA,"MIR4519",NA
NA,"MIR4726",NA
NA,"MIR4261",NA
NA,"MIR3928",NA
NA,"MIR4279",NA
NA,"MIR4462",NA
NA,"FAU",NA
NA,"LOC144481",NA
NA,"PTRHD1",NA
NA,"RETNLB",NA
NA,"LOC347411",NA
NA,"SKI",NA
NA,"RNF138P1",NA
NA,"KCNH2",NA
NA,"TMEM164",NA
NA,"CDC27",NA
NA,"KIAA1267",NA
NA,"SF1",NA
NA,"MAST2",NA
NA,"EEF1DP3",NA
NA,"HSPA12A",NA
NA,"WRN",NA
NA,"LOC100129034",NA
NA,"CHRNB2",NA
NA,"FARP1",NA
NA,"KCP",NA
NA,"RUNDC2C",NA
NA,"SYN2",NA
NA,"FAM46C",NA
NA,"TOP2A",NA
NA,"FBXO40",NA
NA,"MAML1",NA
NA,"GUCA2A",NA
NA,"RPL23",NA
NA,"HTN3",NA
NA,"PIP",NA
NA,"HCFC2",NA
NA,"PXMP4",NA
NA,"PIP4K2B",NA
NA,"SMARCA2",NA
NA,"ZMYND11",NA
NA,"SPOPL",NA
NA,"GLTSCR1",NA
NA,"ZNF280B",NA
NA,"RAD18",NA
NA,"EPHA8",NA
NA,"SPTY2D1",NA
NA,"E2F7",NA
NA,"DLG1",NA
NA,"CDC14B",NA
NA,"ASB7",NA
NA,"SMARCC1",NA
NA,"TAF13",NA
NA,"LOC643339",NA
NA,"HBA1",NA
NA,"LOC284009",NA
NA,"LOC647859",NA
NA,"SORCS3",NA
NA,"RNF41",NA
NA,"ABCC6",NA
NA,"RNF144A",NA
NA,"FBXO45",NA
NA,"DNAJC6",NA
NA,"BMP3",NA
NA,"NCRNA00094",NA
NA,"RNF170",NA
NA,"CAPRIN2",NA
NA,"IQGAP2",NA
NA,"MAP7",NA
NA,"C1orf124",NA
NA,"SLC12A3",NA
NA,"FAM53B",NA
NA,"FOXO1",NA
NA,"TRIM25",NA
NA,"SIKE1",NA
NA,"MYPN",NA
NA,"TBC1D12",NA
NA,"ARMC8",NA
NA,"DAGLA",NA
NA,"JARID2",NA
NA,"S100A9",NA
NA,"C1orf100",NA
NA,"KRT19P2",NA
NA,"C14orf19",NA
NA,"KLHL31",NA
NA,"AP2B1",NA
NA,"KDM6A",NA
NA,"METTL16",NA
NA,"SLC26A7",NA
NA,"IBTK",NA
NA,"TRIM14",NA
NA,"CORO2A",NA
NA,"MYLK4",NA
NA,"SLC4A2",NA
NA,"MYO3A",NA
NA,"TSHB",NA
NA,"HCRT",NA
NA,"SNRPG",NA
NA,"NCRNA00313",NA
NA,"PTTG2",NA
NA,"TSC2",NA
NA,"KIAA1715",NA
NA,"VEGFA",NA
NA,"NMNAT2",NA
NA,"SGPL1",NA
NA,"KIAA0494",NA
NA,"CLEC2D",NA
NA,"SYT15",NA
NA,"SLC24A1",NA
NA,"ZCCHC6",NA
NA,"LIMS3",NA
NA,"ALS2CL",NA
NA,"CLYBL",NA
NA,"DTX3L",NA
NA,"DIAPH1",NA
NA,"SLC36A1",NA
NA,"MYOM3",NA
NA,"TFAP2B",NA
NA,"FAM117B",NA
NA,"TLR4",NA
NA,"TMEM132D",NA
NA,"THBS1",NA
NA,"FNIP2",NA
NA,"GABBR2",NA
NA,"TRMT112",NA
NA,"C12orf39",NA
NA,"C3orf79",NA
NA,"ZNF286A",NA
NA,"COPA",NA
NA,"KIAA1033",NA
NA,"SLC4A10",NA
NA,"EYA4",NA
NA,"ZNF260",NA
NA,"LAMB2",NA
NA,"DGKG",NA
NA,"BVES",NA
NA,"MAPK8IP3",NA
NA,"CLOCK",NA
NA,"PHLDB1",NA
NA,"RPL26",NA
NA,"CXCR5",NA
NA,"LOC646762",NA
NA,"CD36",NA
NA,"VAX1",NA
NA,"PLCB3",NA
NA,"ZNF398",NA
NA,"ITGA6",NA
NA,"RPL23AP53",NA
NA,"STRA6",NA
NA,"DTX4",NA
NA,"THBS2",NA
NA,"RUSC2",NA
NA,"MAP6",NA
NA,"LOC100130197",NA
NA,"PAM16",NA
NA,"MT3",NA
NA,"ATP5J2",NA
NA,"HEATR7A",NA
NA,"CLDN19",NA
NA,"ARID4A",NA
NA,"RIMBP3",NA
NA,"BCAR1",NA
NA,"TOM1L2",NA
NA,"PDE4C",NA
NA,"MCM4",NA
NA,"SP4",NA
NA,"NAA25",NA
NA,"HNRNPA3",NA
NA,"EDN3",NA
NA,"KIAA1804",NA
NA,"NCRNA00256A",NA
NA,"MIR761",NA
NA,"MIR4326",NA
NA,"MIR4535",NA
NA,"MIR1206",NA
NA,"MIR4673",NA
NA,"HBG2",NA
NA,"SMARCC2",NA
NA,"MIR17HG",NA
NA,"UNC45B",NA
NA,"ADAMTS3",NA
NA,"SPIN3",NA
NA,"EDA",NA
NA,"NCRNA00256B",NA
NA,"MARCH1",NA
NA,"PRKACB",NA
NA,"KCNAB2",NA
NA,"SMOC1",NA
NA,"PAPLN",NA
NA,"TNKS1BP1",NA
NA,"NLGN4X",NA
NA,"MYOM1",NA
NA,"RHOBTB2",NA
NA,"HIST2H2BC",NA
NA,"HBG1",NA
NA,"NDUFA7",NA
NA,"MSGN1",NA
NA,"ASIP",NA
NA,"NCRNA00314",NA
NA,"LOC100288842",NA
NA,"CCDC144A",NA
NA,"MTMR4",NA
NA,"NPTXR",NA
NA,"FEM1C",NA
NA,"C7orf41",NA
NA,"WSCD1",NA
NA,"LAMB1",NA
NA,"RALGPS2",NA
NA,"DCAF17",NA
NA,"APLNR",NA
NA,"CCDC6",NA
NA,"PAN2",NA
NA,"THSD7B",NA
NA,"SMURF1",NA
NA,"MRPS17",NA
NA,"ERAP2",NA
NA,"ZSWIM5",NA
NA,"RIMKLB",NA
NA,"PCDHAC2",NA
NA,"LAMB4",NA
NA,"IFFO2",NA
NA,"LYRM2",NA
NA,"GRIA1",NA
NA,"TRPC5",NA
NA,"NCRNA00028",NA
NA,"VPREB3",NA
NA,"OCM2",NA
NA,"MDGA2",NA
NA,"UBE3B",NA
NA,"GRID1",NA
NA,"JMJD6",NA
NA,"WNT5A",NA
NA,"RAI14",NA
NA,"HOOK1",NA
NA,"AKAP1",NA
NA,"DUX4L2",NA
NA,"C8orf45",NA
NA,"KIAA1045",NA
NA,"IQCF2",NA
NA,"SUPT6H",NA
NA,"NUP210L",NA
NA,"SOCS6",NA
NA,"ZC3H7B",NA
NA,"AHCYL1",NA
NA,"PTPRU",NA
NA,"SCN10A",NA
NA,"AASS",NA
NA,"PDE4A",NA
NA,"SATB1",NA
NA,"ZFYVE28",NA
NA,"POM121C",NA
NA,"ALDH3A2",NA
NA,"RPGR",NA
NA,"RPS16",NA
NA,"LOC389676",NA
NA,"RGPD3",NA
NA,"HEMK1",NA
NA,"UBE4B",NA
NA,"HEPH",NA
NA,"CLIP1",NA
NA,"CEP68",NA
NA,"PPP1R3B",NA
NA,"TMCC3",NA
NA,"FCER1G",NA
NA,"HBZ",NA
NA,"COX6B1",NA
NA,"IL9",NA
NA,"PPP2R1B",NA
NA,"ATOH8",NA
NA,"NID1",NA
NA,"MEF2D",NA
NA,"KIF5B",NA
NA,"IFI44L",NA
NA,"MAST3",NA
NA,"AHCYL2",NA
NA,"CDC14A",NA
NA,"NAT8L",NA
NA,"AHI1",NA
NA,"TBC1D15",NA
NA,"KRTAP12-1",NA
NA,"SPINK2",NA
NA,"GAGE12I",NA
NA,"LOC100288637",NA
NA,"PHF20",NA
NA,"COL1A1",NA
NA,"FGD5",NA
NA,"RPP30",NA
NA,"ANO1",NA
NA,"ZNF562",NA
NA,"DNMT3A",NA
NA,"TMEM190",NA
NA,"SLC6A2",NA
NA,"TTC28-AS1",NA
NA,"KCNT2",NA
NA,"CREM",NA
NA,"ARHGAP23",NA
NA,"RNF125",NA
NA,"PRKD3",NA
NA,"TLR6",NA
NA,"SIRT5",NA
NA,"FAM40B",NA
NA,"DDHD2",NA
NA,"VPRBP",NA
NA,"CISD2",NA
NA,"NR3C2",NA
NA,"NPFF",NA
NA,"OR1D4",NA
NA,"NCRNA00290",NA
NA,"NLRP3",NA
NA,"ADAMTS18",NA
NA,"DLGAP4",NA
NA,"MEGF11",NA
NA,"BTBD11",NA
NA,"CAND1",NA
NA,"CTTNBP2NL",NA
NA,"DCAF11",NA
NA,"DAB2IP",NA
NA,"PCF11",NA
NA,"TLCD2",NA
NA,"C3orf70",NA
NA,"SNORD75",NA
NA,"MIR4690",NA
NA,"MIR3677",NA
NA,"MIR4722",NA
NA,"MIR4521",NA
NA,"MIR4437",NA
NA,"MIR4534",NA
NA,"MIR3650",NA
NA,"LCE2A",NA
NA,"IL28B",NA
NA,"PSORS1C3",NA
NA,"MYL7",NA
NA,"ABR",NA
NA,"PCDH18",NA
NA,"MYH6",NA
NA,"ZNF512B",NA
NA,"LOC100129550",NA
NA,"HECTD2",NA
NA,"MEF2A",NA
NA,"KLF8",NA
NA,"IGF2",NA
NA,"ANO3",NA
NA,"ATP8B1",NA
NA,"GRIA2",NA
NA,"S100A11",NA
NA,"S100A1",NA
NA,"LGALS13",NA
NA,"C21orf54",NA
NA,"PHLDA1",NA
NA,"API5",NA
NA,"ABAT",NA
NA,"ZNF142",NA
NA,"DAPK1",NA
NA,"ZIC4",NA
NA,"ZNF83",NA
NA,"FOXJ3",NA
NA,"NPAT",NA
NA,"LOC650623",NA
NA,"TTC39C",NA
NA,"KRTAP3-1",NA
NA,"RETN",NA
NA,"SPANXN3",NA
NA,"CDC73",NA
NA,"GNRHR",NA
NA,"GRIN2B",NA
NA,"FLVCR1",NA
NA,"FAM169A",NA
NA,"FAM24A",NA
NA,"NCRNA00226",NA
NA,"ACADSB",NA
NA,"HEPHL1",NA
NA,"LOC100506123",NA
NA,"NDST3",NA
NA,"ATP5G3",NA
NA,"JPH2",NA
NA,"C11orf87",NA
NA,"ESYT2",NA
NA,"MMAA",NA
NA,"TMEM185B",NA
NA,"LRRC15",NA
NA,"FAM20B",NA
NA,"GUCA2B",NA
NA,"SLPI",NA
NA,"STATH",NA
NA,"UMODL1",NA
NA,"SMC5",NA
NA,"FLJ10038",NA
NA,"ANKRD36B",NA
NA,"GALNT10",NA
NA,"ECE1",NA
NA,"TGFB2",NA
NA,"CPAMD8",NA
NA,"CTTNBP2",NA
NA,"KCNQ1OT1",NA
NA,"NTN1",NA
NA,"IGSF1",NA
NA,"CNNM1",NA
NA,"LOC100287814",NA
NA,"HSPB11",NA
NA,"NDUFA12",NA
NA,"TNP2",NA
NA,"LOC100134317",NA
NA,"SMR3A",NA
NA,"KCNC4",NA
NA,"C1orf9",NA
NA,"RIC3",NA
NA,"MYH13",NA
NA,"ABL1",NA
NA,"MRC2",NA
NA,"NRP1",NA
NA,"ZNF33B",NA
NA,"CDHR1",NA
NA,"GGA2",NA
NA,"SLC8A3",NA
NA,"FLJ21408",NA
NA,"LGALS16",NA
NA,"IDE",NA
NA,"USP8",NA
NA,"JAG1",NA
NA,"SI",NA
NA,"RGS5",NA
NA,"TRPM2",NA
NA,"ZBTB43",NA
NA,"LCE1F",NA
NA,"LOC100130700",NA
NA,"GHRH",NA
NA,"LOC100505893",NA
NA,"ETV6",NA
NA,"CALD1",NA
NA,"YY1AP1",NA
NA,"IPO5",NA
NA,"MYH4",NA
NA,"PODXL",NA
NA,"KCNA6",NA
NA,"DCAF5",NA
NA,"MYH3",NA
NA,"PDF",NA
NA,"PDCD5",NA
NA,"LOC389493",NA
NA,"MYH1",NA
NA,"ALS2CR8",NA
NA,"PPP6R3",NA
NA,"N4BP3",NA
NA,"POM121",NA
NA,"SIPA1L1",NA
NA,"NCRNA00287",NA
NA,"TNFRSF9",NA
NA,"ZDHHC8",NA
NA,"PRELP",NA
NA,"BAZ1A",NA
NA,"VSTM5",NA
NA,"C12orf62",NA
NA,"LOC643719",NA
NA,"LOC100302640",NA
NA,"ABHD14A",NA
NA,"MYH7",NA
NA,"SYNGAP1",NA
NA,"COL4A3BP",NA
NA,"SLCO3A1",NA
NA,"ARHGEF18",NA
NA,"SLC35E2B",NA
NA,"ZNF644",NA
NA,"TUBGCP6",NA
NA,"ZNF662",NA
NA,"C20orf112",NA
NA,"MYH8",NA
NA,"FANCD2",NA
NA,"TBL1X",NA
NA,"SNORD44",NA
NA,"SNORD77",NA
NA,"MIR1537",NA
NA,"MIR4251",NA
NA,"MIR380",NA
NA,"MIR1538",NA
NA,"MIR1470",NA
NA,"MIR3687",NA
NA,"MIR3141",NA
NA,"LOC643037",NA
NA,"STK10",NA
NA,"PBMUCL1",NA
NA,"GPR116",NA
NA,"MBD5",NA
NA,"DCP1A",NA
NA,"SLAIN2",NA
NA,"COL18A1",NA
NA,"WDHD1",NA
NA,"EYA3",NA
NA,"ARHGAP11A",NA
NA,"TLK1",NA
NA,"LOC100131234",NA
NA,"LOC654342",NA
NA,"DNAJC16",NA
NA,"SUV420H1",NA
NA,"BRPF3",NA
NA,"FER1L6",NA
NA,"ANKRD31",NA
NA,"FAM123A",NA
NA,"MME",NA
NA,"ASAP1",NA
NA,"CLCN6",NA
NA,"IQGAP3",NA
NA,"ADD2",NA
NA,"GPR124",NA
NA,"SHB",NA
NA,"CACNB2",NA
NA,"TIAM2",NA
NA,"ZFAND5",NA
NA,"TPPP",NA
NA,"GREB1L",NA
NA,"FAM182B",NA
NA,"SULF1",NA
NA,"HBA2",NA
NA,"MRPL41",NA
NA,"CACNA1F",NA
NA,"VASH1",NA
NA,"CA5B",NA
NA,"KDR",NA
NA,"PIK3R3",NA
NA,"SORCS2",NA
NA,"AK2",NA
NA,"STXBP4",NA
NA,"CORT",NA
NA,"PGCP1",NA
NA,"ECRP",NA
NA,"CRYGA",NA
NA,"RPS6KA2",NA
NA,"SHISA7",NA
NA,"LMX1B",NA
NA,"ELL2",NA
NA,"DDX60",NA
NA,"VAMP1",NA
NA,"AFG3L1P",NA
NA,"WAC",NA
NA,"APPL1",NA
NA,"RPS11",NA
NA,"ZCCHC11",NA
NA,"HERC2P2",NA
NA,"GOSR2",NA
NA,"AP3S2",NA
NA,"PDLIM2",NA
NA,"SIK3",NA
NA,"DOCK2",NA
NA,"FUT4",NA
NA,"NPAS3",NA
NA,"POLI",NA
NA,"ITGA4",NA
NA,"TCOF1",NA
NA,"KIAA1797",NA
NA,"TOMM20L",NA
NA,"AA06",NA
NA,"FXYD1",NA
NA,"ELAVL1",NA
NA,"AMY1A",NA
NA,"ATG13",NA
NA,"RAB11FIP2",NA
NA,"TNIK",NA
NA,"SEPT3",NA
NA,"CST6",NA
NA,"UBL5",NA
NA,"HSPE1-PHOCN",NA
NA,"ANKIB1",NA
NA,"GUSBP1",NA
NA,"EIF5",NA
NA,"NOM1",NA
NA,"SNX19",NA
NA,"LCE2D",NA
NA,"FKSG29",NA
NA,"FAM27L",NA
NA,"RUFY2",NA
NA,"LAMC3",NA
NA,"SLC4A8",NA
NA,"C1orf183",NA
NA,"PDE3B",NA
NA,"KLB",NA
NA,"CCDC165",NA
NA,"PRKX",NA
NA,"DCBLD2",NA
NA,"IKBKAP",NA
NA,"LCE3D",NA
NA,"C7orf59",NA
NA,"PTTG3P",NA
NA,"PKN2",NA
NA,"SPOCK2",NA
NA,"IFNAR1",NA
NA,"ZNF629",NA
NA,"FAM65B",NA
NA,"ZNF655",NA
NA,"L2HGDH",NA
NA,"MCM3AP",NA
NA,"ATP11C",NA
NA,"BCAP29",NA
NA,"LCE3E",NA
NA,"NCRNA00317",NA
NA,"HIGD2A",NA
NA,"ZNF525",NA
NA,"PUM2",NA
NA,"ZNF490",NA
NA,"BAZ1B",NA
NA,"RNF40",NA
NA,"LOC731789",NA
NA,"MIR4483",NA
NA,"MIR4488",NA
NA,"MIR4489",NA
NA,"MIR4304",NA
NA,"MIR3685",NA
NA,"SNORD43",NA
NA,"MIR548O2",NA
NA,"MIR4669",NA
NA,"WFDC11",NA
NA,"NCRNA00244",NA
NA,"LY96",NA
NA,"CKS2",NA
NA,"ZC3H4",NA
NA,"LPHN3",NA
NA,"PVRL1",NA
NA,"NR2F2",NA
NA,"KIF3B",NA
NA,"CFTR",NA
NA,"BTRC",NA
NA,"ANKRD26P1",NA
NA,"ZBTB4",NA
NA,"COL5A3",NA
NA,"FAM13A",NA
NA,"LCE2C",NA
NA,"CCL17",NA
NA,"SPANXN1",NA
NA,"MYH2",NA
NA,"KLHL4",NA
NA,"ADCY7",NA
NA,"ERC2",NA
NA,"UNKL",NA
NA,"ERLIN2",NA
NA,"LOC100192426",NA
NA,"APOC4",NA
NA,"MRPL36",NA
NA,"HCG23",NA
NA,"MEX3A",NA
NA,"ITGB4",NA
NA,"CACNA1S",NA
NA,"PAK2",NA
NA,"SBF1P1",NA
NA,"TM9SF3",NA
NA,"ARHGAP33",NA
NA,"CDK19",NA
NA,"C9orf144",NA
NA,"IPMK",NA
NA,"C11orf9",NA
NA,"POFUT1",NA
NA,"UBE2QL1",NA
NA,"FAM160B1",NA
NA,"SHROOM1",NA
NA,"NAA50",NA
NA,"PHKA1",NA
NA,"RPL18A",NA
NA,"UCN",NA
NA,"INSL4",NA
NA,"BAIAP2",NA
NA,"GRM6",NA
NA,"PAX3",NA
NA,"GBP4",NA
NA,"NCOA2",NA
NA,"TNNI1",NA
NA,"FANCA",NA
NA,"GPD2",NA
NA,"CPPED1",NA
NA,"SLC7A5P1",NA
NA,"SNX20",NA
NA,"FAM126A",NA
NA,"USP54",NA
NA,"ZNF320",NA
NA,"B3GALT5",NA
NA,"EDEM1",NA
NA,"USP20",NA
NA,"AMMECR1",NA
NA,"HSPB9",NA
NA,"NPB",NA
NA,"KRTAP6-3",NA
NA,"GSC2",NA
NA,"MIR181A2HG",NA
NA,"C9orf53",NA
NA,"SGSM1",NA
NA,"PTGFRN",NA
NA,"PRRG1",NA
NA,"TAP2",NA
NA,"ITPKB",NA
NA,"NOS3",NA
NA,"PTPRC",NA
NA,"RPGRIP1L",NA
NA,"BACE1",NA
NA,"DYRK2",NA
NA,"PROM2",NA
NA,"IDS",NA
NA,"ZBTB10",NA
NA,"LOC387895",NA
NA,"ATP5H",NA
NA,"AVP",NA
NA,"CCDC167",NA
NA,"CARD8",NA
NA,"NLRP1",NA
NA,"REPIN1",NA
NA,"MYCL1",NA
NA,"KCNJ11",NA
NA,"CNOT6",NA
NA,"EXTL3",NA
NA,"MCPH1",NA
NA,"IPO7",NA
NA,"DPY19L3",NA
NA,"SPRR1B",NA
NA,"ARHGAP30",NA
NA,"DERL3",NA
NA,"ARHGAP20",NA
NA,"PPP1R12A",NA
NA,"RMND5A",NA
NA,"SHE",NA
NA,"TMED5",NA
NA,"AAA1",NA
NA,"CNIH4",NA
NA,"C12orf45",NA
NA,"LOC645638",NA
NA,"C17orf90",NA
NA,"ZNF726",NA
NA,"ATP6V0CP3",NA
NA,"GABRB3",NA
NA,"PER3",NA
NA,"PPIP5K1",NA
NA,"GNAS",NA
NA,"ARL4A",NA
NA,"RPL23AP32",NA
NA,"PPM1H",NA
NA,"INO80",NA
NA,"RNMT",NA
NA,"ANKRD36",NA
NA,"CDK5RAP2",NA
NA,"STAU2",NA
NA,"NFX1",NA
NA,"MITF",NA
NA,"DNAJC21",NA
NA,"SSX2IP",NA
NA,"PTPN21",NA
NA,"CELF5",NA
NA,"MAPK1",NA
NA,"MIR4252",NA
NA,"MIR4486",NA
NA,"MIR4692",NA
NA,"MIR299",NA
NA,"MIR3182",NA
NA,"SNORD42A",NA
NA,"MIR4740",NA
NA,"MIR3606",NA
NA,"MIR3131",NA
NA,"SNORD95",NA
NA,"MIR3143",NA
NA,"MIR4646",NA
NA,"MIR4467",NA
NA,"MIR1205",NA
NA,"SNORD54",NA
NA,"GAS5",NA
NA,"MRPL54",NA
NA,"TAG",NA
NA,"C2orf16",NA
NA,"MYNN",NA
NA,"C1GALT1",NA
NA,"KRIT1",NA
NA,"MEGF9",NA
NA,"PSEN1",NA
NA,"ZNF646",NA
NA,"ZNF585B",NA
NA,"GPRASP1",NA
NA,"CUL4B",NA
NA,"LYRM7",NA
NA,"LPIN2",NA
NA,"TTPAL",NA
NA,"NFYA",NA
NA,"LOC728739",NA
NA,"NEDD8",NA
NA,"HMSD",NA
NA,"CMC1",NA
NA,"SSBP1",NA
NA,"CXCL12",NA
NA,"DDX6",NA
NA,"STX16",NA
NA,"ZNF268",NA
NA,"PPFIBP1",NA
NA,"KIF24",NA
NA,"COL4A2",NA
NA,"DPY19L4",NA
NA,"TAF1L",NA
NA,"PPL",NA
NA,"FOXD4L2",NA
NA,"INTS2",NA
NA,"ATAD5",NA
NA,"KIF16B",NA
NA,"SLC30A8",NA
NA,"MEIG1",NA
NA,"LOC100289361",NA
NA,"PAGE3",NA
NA,"LRRC7",NA
NA,"ABCC4",NA
NA,"PCDH9",NA
NA,"NUP205",NA
NA,"MCART6",NA
NA,"FAM179B",NA
NA,"ICK",NA
NA,"ARHGEF38",NA
NA,"GAB2",NA
NA,"TRAPPC8",NA
NA,"LARP1B",NA
NA,"SOBP",NA
NA,"C12orf35",NA
NA,"SLC12A5",NA
NA,"HBB",NA
NA,"RPL13P5",NA
NA,"HIGD1B",NA
NA,"CRYGB",NA
NA,"ANKHD1-EIF4EBP3",NA
NA,"CPEB3",NA
NA,"ZNF280D",NA
NA,"SLC8A1",NA
NA,"YTHDC1",NA
NA,"RAP2B",NA
NA,"FAN1",NA
NA,"IGFBP5",NA
NA,"ADCY5",NA
NA,"SCAMP1",NA
NA,"ZBTB39",NA
NA,"KCTD12",NA
NA,"ALK",NA
NA,"AHR",NA
NA,"SLC5A12",NA
NA,"PLXDC1",NA
NA,"SLC9A8",NA
NA,"TRAPPC2L",NA
NA,"RAB9BP1",NA
NA,"FGF10",NA
NA,"PPP1R16B",NA
NA,"KIF3A",NA
NA,"SEMA3D",NA
NA,"RLF",NA
NA,"CAMKK2",NA
NA,"ARHGAP6",NA
NA,"TNKS2",NA
NA,"MAN2A2",NA
NA,"ADAT2",NA
NA,"RECQL5",NA
NA,"GHR",NA
NA,"CCBE1",NA
NA,"CERS6",NA
NA,"LOC100192204",NA
NA,"LOC100144603",NA
NA,"TMEM30C",NA
NA,"GNGT1",NA
NA,"NEK1",NA
NA,"DNM3OS",NA
NA,"C2CD3",NA
NA,"FAM115A",NA
NA,"MCM9",NA
NA,"GNRHR2",NA
NA,"LCT",NA
NA,"ASAH2B",NA
NA,"MILR1",NA
NA,"CLC",NA
NA,"CRYGC",NA
NA,"CETN4P",NA
NA,"TMSB4X",NA
NA,"LOC729609",NA
NA,"C10orf118",NA
NA,"LIN54",NA
NA,"ABCA9",NA
NA,"ANAPC1",NA
NA,"YOD1",NA
NA,"PKD1P1",NA
NA,"CPS1",NA
NA,"BCL9",NA
NA,"UBE4A",NA
NA,"PTPN11",NA
NA,"TMEM184A",NA
NA,"DEFB121",NA
NA,"PVR",NA
NA,"SIX4",NA
NA,"KLHL15",NA
NA,"YIPF6",NA
NA,"LIMD1",NA
NA,"KIF20B",NA
NA,"TBC1D8B",NA
NA,"MLLT10",NA
NA,"YTHDC2",NA
NA,"WFDC10B",NA
NA,"LOC100129515",NA
NA,"ZNF814",NA
NA,"COL22A1",NA
NA,"WAPAL",NA
NA,"NFATC1",NA
NA,"RAPGEF1",NA
NA,"DEPDC5",NA
NA,"ZNF619",NA
NA,"IKZF1",NA
NA,"CLEC4M",NA
NA,"KHNYN",NA
NA,"ANKRD6",NA
NA,"LOC730159",NA
NA,"DNAJB12",NA
NA,"ABCA10",NA
NA,"CTIF",NA
NA,"FBXO34",NA
NA,"PAIP2B",NA
NA,"DDX54",NA
NA,"SENP5",NA
NA,"AGPAT6",NA
NA,"CECR1",NA
NA,"PLXNB2",NA
NA,"MFAP3L",NA
NA,"MIR4256",NA
NA,"MIR548AE2",NA
NA,"MIR375",NA
NA,"MIR4268",NA
NA,"MIR3196",NA
NA,"MIR4272",NA
NA,"RNU5E-1",NA
NA,"SNORD48",NA
NA,"SNORD52",NA
NA,"MIR29A",NA
NA,"MIR362",NA
NA,"NRN1L",NA
NA,"SST",NA
NA,"EARS2",NA
NA,"KAL1",NA
NA,"RIMBP2",NA
NA,"CNGB1",NA
NA,"ST18",NA
NA,"HAUS6",NA
NA,"DUSP16",NA
NA,"PPARGC1A",NA
NA,"GIGYF1",NA
NA,"GNA13",NA
NA,"ZNF24",NA
NA,"EPB41L1",NA
NA,"ADAMTS17",NA
NA,"KHDC1L",NA
NA,"DUOX2",NA
NA,"ASMTL-AS1",NA
NA,"EFCAB5",NA
NA,"KLHL6",NA
NA,"RGNEF",NA
NA,"LOC730101",NA
NA,"ZNF275",NA
NA,"C5orf63",NA
NA,"LYNX1",NA
NA,"PER2",NA
NA,"STK4",NA
NA,"RPL23AP64",NA
NA,"CKLF-CMTM1",NA
NA,"NCRNA00346",NA
NA,"SAMD5",NA
NA,"SATB2",NA
NA,"AP3D1",NA
NA,"RUNX2",NA
NA,"HDX",NA
NA,"RBM19",NA
NA,"MMP16",NA
NA,"ANKS1A",NA
NA,"CLECL1",NA
NA,"ZNF826P",NA
NA,"EPHA4",NA
NA,"LGI2",NA
NA,"UNC13B",NA
NA,"ATG2A",NA
NA,"SPDYE7P",NA
NA,"DOCK6",NA
NA,"RPL18",NA
NA,"PLXNB3",NA
NA,"ZNF605",NA
NA,"TBC1D4",NA
NA,"MLEC",NA
NA,"STARD13",NA
NA,"SLC7A6",NA
NA,"CXADR",NA
NA,"IREB2",NA
NA,"SNX13",NA
NA,"PLIN4",NA
NA,"SAP30L",NA
NA,"DCAF7",NA
NA,"CLIC5",NA
NA,"GPAM",NA
NA,"BANF2",NA
NA,"C6orf99",NA
NA,"GPRIN3",NA
NA,"FAM84A",NA
NA,"FNDC3A",NA
NA,"ITCH",NA
NA,"KDM5B",NA
NA,"CALU",NA
NA,"CNTNAP3B",NA
NA,"LRRTM4",NA
NA,"FLT4",NA
NA,"FAM115C",NA
NA,"PARD3",NA
NA,"DIXDC1",NA
NA,"ZNF557",NA
NA,"SLC4A5",NA
NA,"SEC24A",NA
NA,"CHST11",NA
NA,"STS",NA
NA,"CUL5",NA
NA,"ROCK2",NA
NA,"USP45",NA
NA,"CASP10",NA
NA,"ARID4B",NA
NA,"MIPOL1",NA
NA,"CC2D2A",NA
NA,"ZNF493",NA
NA,"B7H6",NA
NA,"NLRC3",NA
NA,"PFDN2",NA
NA,"NCRNA00239",NA
NA,"SNX12",NA
NA,"PDCD11",NA
NA,"NHLRC2",NA
NA,"ARMC5",NA
NA,"DNMBP",NA
NA,"PHLPP1",NA
NA,"STAG2",NA
NA,"FOXP1",NA
NA,"TRIP12",NA
NA,"KIAA0913",NA
NA,"SAA3P",NA
NA,"BTF3P11",NA
NA,"VPREB1",NA
NA,"LOC644100",NA
NA,"FERD3L",NA
NA,"SLC6A17",NA
NA,"NCAN",NA
NA,"CUL7",NA
NA,"ZC3H13",NA
NA,"FOXP4",NA
NA,"MYO3B",NA
NA,"KIAA1755",NA
NA,"SNORD29",NA
NA,"MIR1252",NA
NA,"SNORD58A",NA
NA,"MIR4320",NA
NA,"MIR4317",NA
NA,"SNORD73A",NA
NA,"MIR4450",NA
NA,"MIR4658",NA
NA,"MIR4291",NA
NA,"LCE6A",NA
NA,"FAM18B2-CDRT4",NA
NA,"CD300LD",NA
NA,"OTUD7B",NA
NA,"ZNF117",NA
NA,"NEURL1B",NA
NA,"THADA",NA
NA,"KIAA0930",NA
NA,"STK35",NA
NA,"OSMR",NA
NA,"EVC",NA
NA,"CPSF4L",NA
NA,"C8orf76",NA
NA,"GEN1",NA
NA,"FMN2",NA
NA,"KRT80",NA
NA,"COL14A1",NA
NA,"AMIGO2",NA
NA,"LIMCH1",NA
NA,"UBA6",NA
NA,"HIF3A",NA
NA,"ATXN2L",NA
NA,"GNB4",NA
NA,"RBM12",NA
NA,"NCRNA00168",NA
NA,"TMEM114",NA
NA,"ARL13B",NA
NA,"CHD1",NA
NA,"BCL2L11",NA
NA,"FER1L5",NA
NA,"FGF12",NA
NA,"SETD1A",NA
NA,"KLHDC10",NA
NA,"C1orf212",NA
NA,"C14orf178",NA
NA,"IL5RA",NA
NA,"HEATR8-TTC4",NA
NA,"WWC3",NA
NA,"PEX19",NA
NA,"DAAM2",NA
NA,"CEP104",NA
NA,"KIAA1949",NA
NA,"MGAM",NA
NA,"ZEB1",NA
NA,"OR2M1P",NA
NA,"LOC100288814",NA
NA,"COL24A1",NA
NA,"SEC14L5",NA
NA,"FMR1-AS1",NA
NA,"TECTA",NA
NA,"RGS6",NA
NA,"SLC35D1",NA
NA,"LPA",NA
NA,"LOC728978",NA
NA,"C11orf71",NA
NA,"DPRX",NA
NA,"LOC100128496",NA
NA,"POLR2J4",NA
NA,"C2CD2",NA
NA,"PHF15",NA
NA,"LOC387646",NA
NA,"ZNF532",NA
NA,"CADPS2",NA
NA,"SMG6",NA
NA,"APPBP2",NA
NA,"NUCKS1",NA
NA,"CHD4",NA
NA,"ADAM19",NA
NA,"SMARCA4",NA
NA,"APOOL",NA
NA,"ZNF593",NA
NA,"EDNRB",NA
NA,"OPA1",NA
NA,"PRR11",NA
NA,"JAKMIP3",NA
NA,"STX3",NA
NA,"MAPK1IP1L",NA
NA,"IGDCC4",NA
NA,"TGFBR1",NA
NA,"KLHDC5",NA
NA,"SMC2",NA
NA,"SIPA1L2",NA
NA,"FHDC1",NA
NA,"LENEP",NA
NA,"DKFZp779M0652",NA
NA,"HCG9",NA
NA,"TAL2",NA
NA,"HINT2",NA
NA,"ATP8B2",NA
NA,"ABI2",NA
NA,"OBFC1",NA
NA,"TPTE2P1",NA
NA,"MYH7B",NA
NA,"SCN11A",NA
NA,"NR4A3",NA
NA,"YEATS2",NA
NA,"LOC100130992",NA
NA,"PPIL2",NA
NA,"PHACTR4",NA
NA,"DGKD",NA
NA,"SEC63",NA
NA,"SPRR2G",NA
NA,"ASCL3",NA
NA,"MYLPF",NA
NA,"LOC100506713",NA
NA,"RPL29P2",NA
NA,"BSPH1",NA
NA,"COL4A1",NA
NA,"ZNF746",NA
NA,"CDHR3",NA
NA,"CXorf23",NA
NA,"ZNF250",NA
NA,"AKAP5",NA
NA,"SLC46A1",NA
NA,"EIF4G1",NA
NA,"PCDHA6",NA
NA,"SRSF10",NA
NA,"AHDC1",NA
NA,"SPC24",NA
NA,"ZNF681",NA
NA,"GIT2",NA
NA,"TMEM2",NA
NA,"MIR4491",NA
NA,"MIR4301",NA
NA,"MIR1827",NA
NA,"MIR4498",NA
NA,"MIR3649",NA
NA,"MIR376C",NA
NA,"MIR668",NA
NA,"MIR4708",NA
NA,"SNORD37",NA
NA,"SNORD34",NA
NA,"MIR371B",NA
NA,"MIR3128",NA
NA,"MIR4264",NA
NA,"MIR1292",NA
NA,"MIR1249",NA
NA,"MIR4449",NA
NA,"MIR4451",NA
NA,"MIR3147",NA
NA,"MIR3134",NA
NA,"MIR3689F",NA
NA,"C11orf40",NA
NA,"SSSCA1",NA
NA,"RNASE10",NA
NA,"HBQ1",NA
NA,"GMFG",NA
NA,"LOC650293",NA
NA,"TTC14",NA
NA,"KIAA0240",NA
NA,"ZFR2",NA
NA,"RNF216",NA
NA,"TMEM106B",NA
NA,"OTUD3",NA
NA,"TP63",NA
NA,"RBP7",NA
NA,"HCST",NA
NA,"PLEKHH1",NA
NA,"TRAK2",NA
NA,"PLCH1",NA
NA,"NFATC3",NA
NA,"SH3GLB1",NA
NA,"MAP7D3",NA
NA,"TSC22D1",NA
NA,"CCND2",NA
NA,"GPR113",NA
NA,"PCDHA10",NA
NA,"RBM27",NA
NA,"RPL13AP6",NA
NA,"HSPB2",NA
NA,"TMEM160",NA
NA,"LOC100505681",NA
NA,"MRPL53",NA
NA,"LOC100507096",NA
NA,"HOXA9",NA
NA,"CTSL3",NA
NA,"SCN3B",NA
NA,"RBM41",NA
NA,"ATP6V0A2",NA
NA,"MOBKL2B",NA
NA,"CHST15",NA
NA,"RET",NA
NA,"ATP10D",NA
NA,"ADCY2",NA
NA,"FNDC1",NA
NA,"LOC728276",NA
NA,"RPL12",NA
NA,"TTTY13",NA
NA,"PPM1E",NA
NA,"C11orf57",NA
NA,"PCNXL3",NA
NA,"ABCC1",NA
NA,"OLFML2A",NA
NA,"SEC62",NA
NA,"TBL1XR1",NA
NA,"NAIP",NA
NA,"ANKRD44",NA
NA,"TP53BP1",NA
NA,"C22orf29",NA
NA,"FER1L4",NA
NA,"PCDHA11",NA
NA,"ARNT2",NA
NA,"SPRR2F",NA
NA,"WFDC9",NA
NA,"MYL5",NA
NA,"UPF2",NA
NA,"PTPRK",NA
NA,"SLC22A23",NA
NA,"PCDH8",NA
NA,"KLHL28",NA
NA,"LTBP1",NA
NA,"PPY2",NA
NA,"CCL4L2",NA
NA,"CCL4L1",NA
NA,"CIB3",NA
NA,"CSTB",NA
NA,"GDA",NA
NA,"PDGFRA",NA
NA,"LOC100506866",NA
NA,"ATP2B3",NA
NA,"IL6R",NA
NA,"EIF4E3",NA
NA,"GIMAP6",NA
NA,"SEPT9",NA
NA,"SEL1L",NA
NA,"HBBP1",NA
NA,"MS4A6E",NA
NA,"SLC39A8",NA
NA,"FGFR1",NA
NA,"ZBTB34",NA
NA,"SETDB2",NA
NA,"FZD5",NA
NA,"PCDHA1",NA
NA,"EVPL",NA
NA,"NUP214",NA
NA,"OCLN",NA
NA,"FAM122B",NA
NA,"WDR36",NA
NA,"CARD18",NA
NA,"STARD6",NA
NA,"DPPA5",NA
NA,"APBA1",NA
NA,"RAD50",NA
NA,"LARP1",NA
NA,"CAMK2D",NA
NA,"PAX2",NA
NA,"SH2B1",NA
NA,"USP53",NA
NA,"RAG1",NA
NA,"CEP44",NA
NA,"LAMC2",NA
NA,"SPRR2B",NA
NA,"BCL2L2-PABPN1",NA
NA,"IGFL3",NA
NA,"PAGE1",NA
NA,"LRPPRC",NA
NA,"PAPD7",NA
NA,"NIPA1",NA
NA,"DOCK11",NA
NA,"RSBN1",NA
NA,"ZNF638",NA
NA,"TBC1D24",NA
NA,"TUB",NA
NA,"RPL13AP20",NA
NA,"LOC389634",NA
NA,"NCRNA00254",NA
NA,"LOC100133985",NA
NA,"ABCA3",NA
NA,"ANKRD28",NA
NA,"CXorf36",NA
NA,"C10orf140",NA
NA,"ESPL1",NA
NA,"PREX1",NA
NA,"KIAA0556",NA
NA,"FNIP1",NA
NA,"RAPGEF5",NA
NA,"AGPAT3",NA
NA,"MIR4260",NA
NA,"MIR3124",NA
NA,"SNORD98",NA
NA,"MIR611",NA
NA,"SNORD25",NA
NA,"MIR4472-2",NA
NA,"MIR379",NA
NA,"SNORD109A",NA
NA,"SNORD109B",NA
NA,"SNORD18C",NA
NA,"SNORD42B",NA
NA,"MIR4750",NA
NA,"MIR517B",NA
NA,"MIR371",NA
NA,"MIR372",NA
NA,"MIR4446",NA
NA,"MIR4442",NA
NA,"MIR4271",NA
NA,"MIR4282",NA
NA,"MIR1204",NA
NA,"MIR4288",NA
NA,"SNORD36C",NA
NA,"MIR4292",NA
NA,"MIR676",NA
NA,"DUPD1",NA
NA,"LOC388564",NA
NA,"NCRNA00189",NA
NA,"RIPPLY2",NA
NA,"C7orf69",NA
NA,"CDCP1",NA
NA,"GATS",NA
NA,"TMEM131",NA
NA,"PLCL1",NA
NA,"KIF21A",NA
NA,"POLR1A",NA
NA,"PHLDB2",NA
NA,"POLR3A",NA
NA,"ZNF200",NA
NA,"PPM1B",NA
NA,"CPSF6",NA
NA,"C17orf87",NA
NA,"PSENEN",NA
NA,"WWP2",NA
NA,"CD99P1",NA
NA,"OAS3",NA
NA,"SMAD3",NA
NA,"EDEM3",NA
NA,"HDLBP",NA
NA,"EGFR",NA
NA,"ODF2L",NA
NA,"ROCK1",NA
NA,"FREM3",NA
NA,"PTPRG",NA
NA,"SENP6",NA
NA,"CROCC",NA
NA,"LOC100288079",NA
NA,"FXYD2",NA
NA,"NDUFAB1",NA
NA,"SEBOX",NA
NA,"VAMP5",NA
NA,"CLDN24",NA
NA,"LTC4S",NA
NA,"SHANK1",NA
NA,"OPCML",NA
NA,"TFEC",NA
NA,"KCNQ5",NA
NA,"ERBB3",NA
NA,"EPHA7",NA
NA,"LDB3",NA
NA,"PPFIA2",NA
NA,"RTKN2",NA
NA,"TBC1D29",NA
NA,"TMSB15A",NA
NA,"TMSB15B",NA
NA,"FLJ43390",NA
NA,"ZDHHC15",NA
NA,"SYNJ2BP",NA
NA,"RBM15B",NA
NA,"RAP1GAP2",NA
NA,"ADCYAP1R1",NA
NA,"ISG15",NA
NA,"DPRXP4",NA
NA,"CCL4",NA
NA,"NSFP1",NA
NA,"XAGE2B",NA
NA,"TTLL3",NA
NA,"SKIL",NA
NA,"SAR1B",NA
NA,"CRTAP",NA
NA,"C15orf42",NA
NA,"MADD",NA
NA,"LOC154872",NA
NA,"C7orf55",NA
NA,"GPR158",NA
NA,"NRCAM",NA
NA,"SGMS2",NA
NA,"CKAP5",NA
NA,"POTEM",NA
NA,"BEND3",NA
NA,"MCF2L",NA
NA,"LOC441666",NA
NA,"FLJ42709",NA
NA,"IFITM3",NA
NA,"MRPL42P5",NA
NA,"AP4E1",NA
NA,"CDC42BPB",NA
NA,"ZFYVE20",NA
NA,"MYO7B",NA
NA,"KIAA0355",NA
NA,"ZSCAN18",NA
NA,"HDAC2",NA
NA,"SEPT7L",NA
NA,"C19orf71",NA
NA,"PAX7",NA
NA,"PRH1",NA
NA,"RTN3",NA
NA,"KDM6B",NA
NA,"OSBPL3",NA
NA,"ANO5",NA
NA,"CD44",NA
NA,"CRY2",NA
NA,"PLAC9",NA
NA,"C10orf116",NA
NA,"LOC283553",NA
NA,"LEUTX",NA
NA,"CHCHD5",NA
NA,"ALCAM",NA
NA,"ZBTB24",NA
NA,"DOCK1",NA
NA,"CD93",NA
NA,"SIGLEC1",NA
NA,"COL4A5",NA
NA,"MIR553",NA
NA,"MIR4253",NA
NA,"MIR3115",NA
NA,"MIR4427",NA
NA,"SNORD31",NA
NA,"MIR139",NA
NA,"MIR200C",NA
NA,"MIR376A1",NA
NA,"MIR3173",NA
NA,"MIR4510",NA
NA,"MIR3679",NA
NA,"MIR1245B",NA
NA,"MIR367",NA
NA,"MIR302D",NA
NA,"MIR302C",NA
NA,"MIR4457",NA
NA,"SNORD63",NA
NA,"MIR4638",NA
NA,"MIR148A",NA
NA,"MIR486",NA
NA,"LOC100506233",NA
NA,"MACROD2-AS1",NA
NA,"NOL9",NA
NA,"ARHGEF9",NA
NA,"POLR2A",NA
NA,"NDUFS5",NA
NA,"TIMM10",NA
NA,"NDUFS4",NA
NA,"CXorf28",NA
NA,"PTCD3",NA
NA,"SARS",NA
NA,"PITPNM2",NA
NA,"SEMA3E",NA
NA,"PHKG2",NA
NA,"C4orf21",NA
NA,"PLXNA3",NA
NA,"NOTCH4",NA
NA,"KBTBD11",NA
NA,"DDX60L",NA
NA,"IGLL3P",NA
NA,"SPATA24",NA
NA,"BACH1",NA
NA,"CLLU1",NA
NA,"NCRNA00176",NA
NA,"CEP63",NA
NA,"PI15",NA
NA,"ATP6V1G3",NA
NA,"LOC100270679",NA
NA,"C10orf46",NA
NA,"PWWP2A",NA
NA,"COL11A2",NA
NA,"TMEM201",NA
NA,"KDM4C",NA
NA,"ZNF578",NA
NA,"KIAA1644",NA
NA,"C6orf132",NA
NA,"MED14",NA
NA,"KIAA1024",NA
NA,"UCHL5",NA
NA,"TAOK2",NA
NA,"RPL41",NA
NA,"MRPL51",NA
NA,"TCTEX1D2",NA
NA,"OOEP",NA
NA,"MSMP",NA
NA,"KIF26A",NA
NA,"KNDC1",NA
NA,"HLTF",NA
NA,"C6orf89",NA
NA,"ANKRD26",NA
NA,"LGALS8",NA
NA,"SPRR2A",NA
NA,"TNNC2",NA
NA,"TBCA",NA
NA,"TLL2",NA
NA,"ERCC4",NA
NA,"GM2A",NA
NA,"MET",NA
NA,"CPM",NA
NA,"GLI2",NA
NA,"HEATR5B",NA
NA,"GBF1",NA
NA,"GABRG1",NA
NA,"DLG3",NA
NA,"SPRR2E",NA
NA,"SPRR2C",NA
NA,"TTC36",NA
NA,"C20orf106",NA
NA,"LOC100506384",NA
NA,"ZNRF3",NA
NA,"SPECC1L",NA
NA,"ELMO1",NA
NA,"CCDC120",NA
NA,"CUL3",NA
NA,"ABCC10",NA
NA,"COL4A6",NA
NA,"LAMTOR2",NA
NA,"LOC388946",NA
NA,"RB1CC1",NA
NA,"ABCA7",NA
NA,"FGF2",NA
NA,"SEMA4D",NA
NA,"NLRC5",NA
NA,"HRH4",NA
NA,"SEZ6L",NA
NA,"CLCN4",NA
NA,"TAB3",NA
NA,"CNST",NA
NA,"FRMD4A",NA
NA,"ALG9",NA
NA,"RPS26",NA
NA,"CHCHD10",NA
NA,"PCNXL2",NA
NA,"MYOF",NA
NA,"ZNF197",NA
NA,"KDM3B",NA
NA,"COX4I2",NA
NA,"LOC728228",NA
NA,"NCRNA00230A",NA
NA,"XGPY2",NA
NA,"PLCB1",NA
NA,"KLHL3",NA
NA,"CDK17",NA
NA,"AFAP1-AS1",NA
NA,"HIC2",NA
NA,"RAPGEF2",NA
NA,"POGZ",NA
NA,"KLF13",NA
NA,"PXDN",NA
NA,"MIR4735",NA
NA,"SNORD38B",NA
NA,"MIR3656",NA
NA,"MIR4499",NA
NA,"MIR548F5",NA
NA,"SNORD114-5",NA
NA,"SNORD114-16",NA
NA,"SNORD114-27",NA
NA,"SNORD114-29",NA
NA,"MIR377",NA
NA,"MIR1180",NA
NA,"MIR4523",NA
NA,"MIR2909",NA
NA,"MIR548W",NA
NA,"MIR4524",NA
NA,"MIR4323",NA
NA,"MIR373",NA
NA,"MIR1245",NA
NA,"MIR33A",NA
NA,"MIR302A",NA
NA,"MIR1229",NA
NA,"MIR4278",NA
NA,"MIR3692",NA
NA,"SPRR2D",NA
NA,"S100A6",NA
NA,"C1orf53",NA
NA,"CCL19",NA
NA,"LOC286238",NA
NA,"MAPT",NA
NA,"SNED1",NA
NA,"SETD5",NA
NA,"SLC35B4",NA
NA,"WNK2",NA
NA,"CELF3",NA
NA,"DACT1",NA
NA,"PCDHGA8",NA
NA,"PHTF2",NA
NA,"TNFSF15",NA
NA,"HCG18",NA
NA,"HECW1",NA
NA,"NDUFB8",NA
NA,"PFDN5",NA
NA,"PRM2",NA
NA,"DYNLRB1",NA
NA,"KRTAP27-1",NA
NA,"RAPGEF3",NA
NA,"NUAK1",NA
NA,"PLA2R1",NA
NA,"C20orf194",NA
NA,"ITSN2",NA
NA,"EPHA3",NA
NA,"DUSP23",NA
NA,"CLLU1OS",NA
NA,"ACYP1",NA
NA,"CYBA",NA
NA,"LOC100505622",NA
NA,"SFT2D1",NA
NA,"OBP2B",NA
NA,"OBP2A",NA
NA,"CUX2",NA
NA,"RPTOR",NA
NA,"IQCE",NA
NA,"RBAK",NA
NA,"ASB1",NA
NA,"ZNF626",NA
NA,"UMPS",NA
NA,"LOC729966",NA
NA,"LCN12",NA
NA,"PDE7A",NA
NA,"SLC12A2",NA
NA,"TAF5L",NA
NA,"PEG10",NA
NA,"NLGN4Y",NA
NA,"RBP2",NA
NA,"LOC401093",NA
NA,"SEMA6A",NA
NA,"TRPM3",NA
NA,"ARHGEF11",NA
NA,"SREK1IP1",NA
NA,"POFUT2",NA
NA,"SAMD9",NA
NA,"LOC100093631",NA
NA,"MAGI2",NA
NA,"GCNT1",NA
NA,"LOC100505540",NA
NA,"SENP3-EIF4A1",NA
NA,"SELM",NA
NA,"KRBOX1",NA
NA,"TMF1",NA
NA,"GAPVD1",NA
NA,"DSCAML1",NA
NA,"FAM125B",NA
NA,"LEPR",NA
NA,"CLEC16A",NA
NA,"MYH14",NA
NA,"SUMO4",NA
NA,"STRBP",NA
NA,"ZNHIT6",NA
NA,"TCF3",NA
NA,"COL5A2",NA
NA,"SPATS2L",NA
NA,"PRDM10",NA
NA,"NALCN",NA
NA,"RPS10P7",NA
NA,"CRYAB",NA
NA,"GNRH2",NA
NA,"NCRNA00160",NA
NA,"CHST6",NA
NA,"MRVI1",NA
NA,"ZBED4",NA
NA,"GOLGA8B",NA
NA,"UBASH3B",NA
NA,"ZNF862",NA
NA,"SFTA1P",NA
NA,"CLDN25",NA
NA,"EFCAB11",NA
NA,"LOC100506783",NA
NA,"GEMIN6",NA
NA,"ERBB2IP",NA
NA,"PAFAH1B2",NA
NA,"GOLGA8A",NA
NA,"NACC2",NA
NA,"GRSF1",NA
NA,"HECW2",NA
NA,"TCHH",NA
NA,"ZCCHC14",NA
NA,"MYH11",NA
NA,"RNU5F-1",NA
NA,"MIR4689",NA
NA,"MIR4711",NA
NA,"MIR4482",NA
NA,"SNORD30",NA
NA,"MIR4696",NA
NA,"MIR1251",NA
NA,"SNORD113-1",NA
NA,"MIR369",NA
NA,"MIR4508",NA
NA,"SNORD18B",NA
NA,"SNORD18A",NA
NA,"MIR4731",NA
NA,"MIR4734",NA
NA,"MIR196A1",NA
NA,"MIR4520A",NA
NA,"MIR3975",NA
NA,"SNORD41",NA
NA,"MIR99B",NA
NA,"SNORD51",NA
NA,"MIR4270",NA
NA,"SNORD2",NA
NA,"MIR4276",NA
NA,"MIR3977",NA
NA,"MIR4465",NA
NA,"MIR30D",NA
NA,"MIR32",NA
NA,"MIR4668",NA
NA,"MIR4476",NA
NA,"MIR718",NA
NA,"MZT2A",NA
NA,"TNNC1",NA
NA,"STX17",NA
NA,"KNTC1",NA
NA,"SPHKAP",NA
NA,"EPB41",NA
NA,"RGS3",NA
NA,"CHIC1",NA
NA,"SERBP1",NA
NA,"HIF1AN",NA
NA,"BCR",NA
NA,"CAPRIN1",NA
NA,"CCDC93",NA
NA,"KIF5C",NA
NA,"OAS2",NA
NA,"LOC440131",NA
NA,"LOC729911",NA
NA,"C2orf70",NA
NA,"CST2",NA
NA,"LSM3",NA
NA,"RPL29",NA
NA,"ST7OT3",NA
NA,"LOC550643",NA
NA,"FAM129A",NA
NA,"ATP2B1",NA
NA,"WDR26",NA
NA,"FRS2",NA
NA,"KDM2B",NA
NA,"WDR35",NA
NA,"FBXO41",NA
NA,"AP1G1",NA
NA,"POLE4",NA
NA,"C20orf107",NA
NA,"IL17B",NA
NA,"MRPS24",NA
NA,"OCM",NA
NA,"SP3",NA
NA,"PLEKHH2",NA
NA,"MED12",NA
NA,"INTS1",NA
NA,"KIAA0284",NA
NA,"PRR12",NA
NA,"GRM1",NA
NA,"CRCT1",NA
NA,"LCE1C",NA
NA,"LOC100506046",NA
NA,"HES3",NA
NA,"NDUFB10",NA
NA,"KRTAP3-2",NA
NA,"KRTAP7-1",NA
NA,"PHF3",NA
NA,"ZNF518B",NA
NA,"MYO5C",NA
NA,"GPR126",NA
NA,"PGM3",NA
NA,"PI4KA",NA
NA,"DAD1",NA
NA,"RPL36",NA
NA,"C5orf52",NA
NA,"MGC72080",NA
NA,"EMR2",NA
NA,"PLXND1",NA
NA,"FAM135B",NA
NA,"PCSK6",NA
NA,"TRAPPC10",NA
NA,"GOLGA8F",NA
NA,"TRIM5",NA
NA,"IQSEC2",NA
NA,"NPPB",NA
NA,"FAM159A",NA
NA,"HRK",NA
NA,"ATP5G1",NA
NA,"MOBKL1A",NA
NA,"SLC26A9",NA
NA,"GCC2",NA
NA,"CASP8AP2",NA
NA,"C9orf25",NA
NA,"ADAM12",NA
NA,"MECOM",NA
NA,"PALLD",NA
NA,"LOC100128071",NA
NA,"LOC100506844",NA
NA,"DEFB129",NA
NA,"NCRNA00252",NA
NA,"DSC3",NA
NA,"ZMYM4",NA
NA,"SPN",NA
NA,"STAMBP",NA
NA,"FNDC5",NA
NA,"MIXL1",NA
NA,"LAIR2",NA
NA,"PLGLA",NA
NA,"LOC100133050",NA
NA,"CHST3",NA
NA,"BCOR",NA
NA,"C1orf126",NA
NA,"IPCEF1",NA
NA,"CRTC1",NA
NA,"PDZK1P1",NA
NA,"KIAA0754",NA
NA,"LOC646498",NA
NA,"HCG25",NA
NA,"TMPO",NA
NA,"COG6",NA
NA,"ERCC6",NA
NA,"VAPA",NA
NA,"TJP2",NA
NA,"SNX29",NA
NA,"RPS8",NA
NA,"BSX",NA
NA,"MRPL27",NA
NA,"LOC100288797",NA
NA,"GTF2H2D",NA
NA,"LOC100288524",NA
NA,"IFNA5",NA
NA,"TMCC1",NA
NA,"SARM1",NA
NA,"ZMYM3",NA
NA,"USP32",NA
NA,"SLC2A13",NA
NA,"GJA9-MYCBP",NA
NA,"DENND4C",NA
NA,"IRS2",NA
NA,"RAB27B",NA
NA,"KPNA1",NA
NA,"SNORD80",NA
NA,"SNORD38A",NA
NA,"SNORD45B",NA
NA,"MIR4480",NA
NA,"SNORD6",NA
NA,"MIR1293",NA
NA,"MIR4705",NA
NA,"SNORD113-2",NA
NA,"SNORD113-9",NA
NA,"SNORD114-1",NA
NA,"SNORD114-6",NA
NA,"SNORD114-8",NA
NA,"SNORD114-9",NA
NA,"SNORD114-10",NA
NA,"SNORD114-15",NA
NA,"SNORD114-18",NA
NA,"SNORD114-20",NA
NA,"SNORD114-21",NA
NA,"SNORD114-22",NA
NA,"SNORD114-23",NA
NA,"SNORD114-24",NA
NA,"SNORD114-25",NA
NA,"SNORD114-26",NA
NA,"SNORD114-28",NA
NA,"SNORD114-30",NA
NA,"SNORD56B",NA
NA,"SNORD115-24",NA
NA,"CORO7-PAM16",NA
NA,"SNORD49A",NA
NA,"MIR4316",NA
NA,"MIR199A1",NA
NA,"MIR4746",NA
NA,"SNORD56",NA
NA,"MIR4533",NA
NA,"MIR1-1",NA
NA,"MIR4797",NA
NA,"MIR30A",NA
NA,"SNORD50B",NA
NA,"MIR1322",NA
NA,"MIR4664",NA
NA,"SNORD36B",NA
NA,"MIR4479",NA
NA,"MIR4329",NA
NA,"MIR18B",NA
NA,"MIR503",NA
NA,"RPL39L",NA
NA,"EFCAB9",NA
NA,"CGA",NA
NA,"LOC100133669",NA
NA,"MORN5",NA
NA,"BTAF1",NA
NA,"KIAA1211",NA
NA,"DOCK7",NA
NA,"PACS2",NA
NA,"SETD7",NA
NA,"SOCS4",NA
NA,"LOC100128164",NA
NA,"FAM27C",NA
NA,"FAM27A",NA
NA,"FAM27B",NA
NA,"KIAA1324",NA
NA,"H2AFJ",NA
NA,"PCP2",NA
NA,"NACAP1",NA
NA,"LOC388630",NA
NA,"WHSC1L1",NA
NA,"PDP2",NA
NA,"GPATCH8",NA
NA,"ABCC5",NA
NA,"FBXO32",NA
NA,"C13orf16",NA
NA,"KRTAP3-3",NA
NA,"TM4SF5",NA
NA,"TFF2",NA
NA,"SRCIN1",NA
NA,"KIAA1377",NA
NA,"MYH15",NA
NA,"EIF4G3",NA
NA,"TRIM9",NA
NA,"SAMD4A",NA
NA,"SLC23A2",NA
NA,"ABCC6P2",NA
NA,"CRYGD",NA
NA,"ANP32C",NA
NA,"LEAP2",NA
NA,"MRPS28",NA
NA,"LCN6",NA
NA,"IFNA13",NA
NA,"GAGE8",NA
NA,"FAM105A",NA
NA,"UG0898H09",NA
NA,"EIF2C4",NA
NA,"C2orf71",NA
NA,"RTTN",NA
NA,"UBN1",NA
NA,"TRAM2",NA
NA,"NCOA6",NA
NA,"ADAMTS2",NA
NA,"LARP4",NA
NA,"CTC1",NA
NA,"LOC400238",NA
NA,"GIP",NA
NA,"BHLHA15",NA
NA,"KIAA1199",NA
NA,"PSME4",NA
NA,"MAPK10",NA
NA,"GOLGA6L10",NA
NA,"SERINC5",NA
NA,"FNDC3B",NA
NA,"GPR107",NA
NA,"NEO1",NA
NA,"S100A5",NA
NA,"PTTG1",NA
NA,"RPL26L1",NA
NA,"TP53TG1",NA
NA,"INSL6",NA
NA,"ZNF587",NA
NA,"ST6GAL2",NA
NA,"CAD",NA
NA,"CHML",NA
NA,"CNKSR2",NA
NA,"BHLHA9",NA
NA,"FXYD7",NA
NA,"DEFB125",NA
NA,"MCCD1",NA
NA,"GTF3C1",NA
NA,"WWC1",NA
NA,"ZMAT1",NA
NA,"SNX27",NA
NA,"HK2",NA
NA,"SPAG17",NA
NA,"DSCAM",NA
NA,"TRIM2",NA
NA,"PGPEP1",NA
NA,"SMU1",NA
NA,"ZBTB8OS",NA
NA,"UCN3",NA
NA,"RPS9",NA
NA,"C8orf39",NA
NA,"CTNND1",NA
NA,"MAML3",NA
NA,"SMAD5",NA
NA,"INS",NA
NA,"LOC150185",NA
NA,"EGLN1",NA
NA,"AKAP2",NA
NA,"GPC6",NA
NA,"SETD4",NA
NA,"PRRC2A",NA
NA,"DRP2",NA
NA,"KIAA1875",NA
NA,"RP1",NA
NA,"NOS1AP",NA
NA,"N4BP1",NA
NA,"ACSL6",NA
NA,"SNORD74",NA
NA,"MIR4681",NA
NA,"MIR4676",NA
NA,"MIR4299",NA
NA,"MIRLET7A2",NA
NA,"SNORD27",NA
NA,"SNORD102",NA
NA,"MIR665",NA
NA,"MIR4717",NA
NA,"SNORD68",NA
NA,"SNORD4A",NA
NA,"MIR451",NA
NA,"MIR4729",NA
NA,"MIR21",NA
NA,"MIR4324",NA
NA,"MIR4752",NA
NA,"SNORD57",NA
NA,"MIR4755",NA
NA,"SNORD96A",NA
NA,"MIR30C2",NA
NA,"MIR4470",NA
NA,"MIR147",NA
NA,"SNORD36A",NA
NA,"MIR3689C",NA
NA,"MIR3689E",NA
NA,"SNORD96B",NA
NA,"MIR374B",NA
NA,"MIR374A",NA
NA,"LOC100288346",NA
NA,"GCHFR",NA
NA,"COMMD1",NA
NA,"CAMP",NA
NA,"LOC100287632",NA
NA,"TUG1",NA
NA,"ANTXR1",NA
NA,"FANCM",NA
NA,"CYFIP2",NA
NA,"SEC14L1",NA
NA,"GSK3B",NA
NA,"INPP4A",NA
NA,"BTN2A2",NA
NA,"KISS1",NA
NA,"RNF181",NA
NA,"CCDC162P",NA
NA,"C9orf16",NA
NA,"LOC283392",NA
NA,"MYT1L",NA
NA,"ZNF793",NA
NA,"TTBK1",NA
NA,"KIAA1324L",NA
NA,"BCORL1",NA
NA,"TGFBR3",NA
NA,"MRPL30",NA
NA,"SPEF2",NA
NA,"PCGF5",NA
NA,"ZKSCAN2",NA
NA,"KRTAP2-2",NA
NA,"SHANK3",NA
NA,"ZFC3H1",NA
NA,"PCDHGA4",NA
NA,"EML5",NA
NA,"SAMD9L",NA
NA,"ZSCAN12",NA
NA,"CCDC58",NA
NA,"RPL10A",NA
NA,"SIN3A",NA
NA,"PITPNM3",NA
NA,"ANKS6",NA
NA,"ZNF470",NA
NA,"TJP1",NA
NA,"MTHFR",NA
NA,"DAG1",NA
NA,"RNASE3",NA
NA,"PPP1R14A",NA
NA,"LOC100288911",NA
NA,"C9orf9",NA
NA,"GAGE2E",NA
NA,"ARHGAP21",NA
NA,"C1orf173",NA
NA,"FLJ42627",NA
NA,"ACAP2",NA
NA,"RGPD4",NA
NA,"IFITM1",NA
NA,"NDUFAF2",NA
NA,"NDUFB9",NA
NA,"SC5DL",NA
NA,"NUP210",NA
NA,"NUMA1",NA
NA,"CPEB2",NA
NA,"SECISBP2L",NA
NA,"GFOD2",NA
NA,"INSL5",NA
NA,"SCN7A",NA
NA,"ASXL2",NA
NA,"LOC642852",NA
NA,"PANK1",NA
NA,"CLN8",NA
NA,"KIAA1429",NA
NA,"UTY",NA
NA,"PDCD6IP",NA
NA,"TIAM1",NA
NA,"MS4A5",NA
NA,"FIGLA",NA
NA,"C20orf165",NA
NA,"GSTTP1",NA
NA,"IQGAP1",NA
NA,"ARFGEF1",NA
NA,"SNRNP200",NA
NA,"TMEM56",NA
NA,"FLRT2",NA
NA,"IL1RAP",NA
NA,"ITGAV",NA
NA,"SCN8A",NA
NA,"MTUS2",NA
NA,"RFX7",NA
NA,"TMTC3",NA
NA,"FLJ40194",NA
NA,"CRYGN",NA
NA,"GML",NA
NA,"PDE5A",NA
NA,"KIAA2026",NA
NA,"CGNL1",NA
NA,"MIR3122",NA
NA,"MIR4671",NA
NA,"MIR4417",NA
NA,"MIR146B",NA
NA,"MIR4493",NA
NA,"MIR4298",NA
NA,"SNORD5",NA
NA,"SNORD114-13",NA
NA,"MIR134",NA
NA,"MIR485",NA
NA,"MIR4505",NA
NA,"SNORD65",NA
NA,"MIR4315-2",NA
NA,"MIR4322",NA
NA,"MIR24-2",NA
NA,"MIR23A",NA
NA,"MIR3189",NA
NA,"MIR1323",NA
NA,"MIR4429",NA
NA,"MIR4785",NA
NA,"MIR3194",NA
NA,"MIR3197",NA
NA,"MIR302B",NA
NA,"MIR4804",NA
NA,"SNORD101",NA
NA,"MIR4651",NA
NA,"MIR3926-1",NA
NA,"MIR1208",NA
NA,"MIR383",NA
NA,"SNORD61",NA
NA,"SUZ12P",NA
NA,"NCRNA00266-1",NA
NA,"NT5DC3",NA
NA,"LRRC8C",NA
NA,"SEMA6D",NA
NA,"ZFYVE16",NA
NA,"SEC22C",NA
NA,"ZNF37A",NA
NA,"FAM122C",NA
NA,"PRKY",NA
NA,"LOC643733",NA
NA,"RPS7",NA
NA,"NCRNA00308",NA
NA,"PLAC8L1",NA
NA,"DNLZ",NA
NA,"TRAF3IP2-AS1",NA
NA,"KIF13A",NA
NA,"MAPKBP1",NA
NA,"RBM20",NA
NA,"LOC152578",NA
NA,"HCN4",NA
NA,"DYSF",NA
NA,"PLEKHG1",NA
NA,"RIMS3",NA
NA,"PDPK1",NA
NA,"IMPAD1",NA
NA,"NF2",NA
NA,"RASSF8",NA
NA,"FILIP1L",NA
NA,"LY6G5C",NA
NA,"NBAS",NA
NA,"KIAA1432",NA
NA,"LRRC37A4",NA
NA,"CDK13",NA
NA,"LALBA",NA
NA,"MGC44328",NA
NA,"HIST1H1T",NA
NA,"IGSF3",NA
NA,"PAX6",NA
NA,"UACA",NA
NA,"ADAMTS6",NA
NA,"MUC20",NA
NA,"KIF14",NA
NA,"SPRED1",NA
NA,"KLRF2",NA
NA,"APOC2",NA
NA,"C2orf48",NA
NA,"C20orf141",NA
NA,"TOMM7",NA
NA,"ZC3H12B",NA
NA,"PRPF8",NA
NA,"DIO2",NA
NA,"WDR7",NA
NA,"LMLN",NA
NA,"FAM186A",NA
NA,"FOXO3B",NA
NA,"CTNS",NA
NA,"C1orf194",NA
NA,"C16orf61",NA
NA,"RPL19",NA
NA,"STRA13",NA
NA,"LOC100129083",NA
NA,"IQCF1",NA
NA,"LOC100505478",NA
NA,"RBBP5",NA
NA,"ALG13",NA
NA,"PPP2R3A",NA
NA,"KIAA0319",NA
NA,"VAMP4",NA
NA,"LOC389023",NA
NA,"NCRNA00162",NA
NA,"FABP5",NA
NA,"KIF26B",NA
NA,"ATXN3",NA
NA,"ADAMTS9",NA
NA,"UNC5D",NA
NA,"RBBP6",NA
NA,"ABCA4",NA
NA,"SLX4",NA
NA,"EMX2OS",NA
NA,"RIMS2",NA
NA,"SLN",NA
NA,"IFITM2",NA
NA,"IL28A",NA
NA,"C9orf70",NA
NA,"AGRN",NA
NA,"DYRK1A",NA
NA,"ATP2C1",NA
NA,"NKTR",NA
NA,"SEC23IP",NA
NA,"ALPK2",NA
NA,"KIAA1147",NA
NA,"LOC440970",NA
NA,"SLC35E2",NA
NA,"IGSF9B",NA
NA,"WDR72",NA
NA,"MRPL20",NA
NA,"CGB2",NA
NA,"CGB1",NA
NA,"ECSCR",NA
NA,"TMEM31",NA
NA,"ATP11B",NA
NA,"MLL5",NA
NA,"RAB3GAP2",NA
NA,"NARG2",NA
NA,"ATP13A3",NA
NA,"GCNT2",NA
NA,"ETNK1",NA
NA,"DNM1P35",NA
NA,"SNORD55",NA
NA,"MIR4678",NA
NA,"MIR4699",NA
NA,"SNORD113-4",NA
NA,"SNORD113-6",NA
NA,"SNORD114-3",NA
NA,"SNORD114-11",NA
NA,"SNORD114-12",NA
NA,"SNORD114-14",NA
NA,"SNORD114-17",NA
NA,"SNORD114-19",NA
NA,"SNORD114-31",NA
NA,"HBII-52-28",NA
NA,"SNORD4B",NA
NA,"SNORD1A",NA
NA,"MIR4739",NA
NA,"MIR3126",NA
NA,"MIR885",NA
NA,"MIR4792",NA
NA,"MIR4799",NA
NA,"MIR3684",NA
NA,"MIR4461",NA
NA,"MIR4803",NA
NA,"MIR4655",NA
NA,"SNORD93",NA
NA,"MIR4660",NA
NA,"MIR3689D1",NA
NA,"MIR3152",NA
NA,"MIR4768",NA
NA,"LOC440041",NA
NA,"TRAPPC2P1",NA
NA,"CLDN17",NA
NA,"GOLGA6L5",NA
NA,"TLR10",NA
NA,"EPHA10",NA
NA,"ADAMTSL3",NA
NA,"PTPRS",NA
NA,"IFITM5",NA
NA,"LOC100507377",NA
NA,"ULBP3",NA
NA,"HIST1H1C",NA
NA,"FOXP2",NA
NA,"PLXNB1",NA
NA,"MAP9",NA
NA,"CSTL1",NA
NA,"APAF1",NA
NA,"KLHL24",NA
NA,"ROS1",NA
NA,"ZBTB8A",NA
NA,"MYOCD",NA
NA,"ARAP2",NA
NA,"SNHG12",NA
NA,"RNASE2",NA
NA,"CST4",NA
NA,"GLOD5",NA
NA,"SLC7A1",NA
NA,"KIDINS220",NA
NA,"SLC6A6",NA
NA,"ARSB",NA
NA,"ROD1",NA
NA,"SYNJ1",NA
NA,"PLAG1",NA
NA,"CAMSAP1L1",NA
NA,"DUSP4",NA
NA,"NCRNA00272",NA
NA,"KLRB1",NA
NA,"FIS1",NA
NA,"KIAA0513",NA
NA,"KIAA0368",NA
NA,"TMPPE",NA
NA,"OSBPL8",NA
NA,"FGFR2",NA
NA,"S100A3",NA
NA,"C10orf91",NA
NA,"CCL23",NA
NA,"RPS5",NA
NA,"RARRES2",NA
NA,"TRIM32",NA
NA,"MDM2",NA
NA,"HLCS",NA
NA,"MDC1",NA
NA,"ADAR",NA
NA,"HS2ST1",NA
NA,"ZNFX1",NA
NA,"KPNA6",NA
NA,"EFHC1",NA
NA,"CD3D",NA
NA,"MORN2",NA
NA,"SF3B5",NA
NA,"IFNA7",NA
NA,"AKNA",NA
NA,"PAPOLG",NA
NA,"PPIAL4G",NA
NA,"MRPL23",NA
NA,"LOC723972",NA
NA,"KRTAP4-1",NA
NA,"KRTAP10-3",NA
NA,"DDX39B",NA
NA,"PDXK",NA
NA,"AMOT",NA
NA,"HUNK",NA
NA,"DOCK10",NA
NA,"COL11A1",NA
NA,"PLEKHA6",NA
NA,"DENND4A",NA
NA,"IQSEC3",NA
NA,"LOC100288974",NA
NA,"HRASLS2",NA
NA,"CIB4",NA
NA,"KRTAP12-2",NA
NA,"PF4V1",NA
NA,"C9orf169",NA
NA,"ZNF84",NA
NA,"EVI5",NA
NA,"CNTRL",NA
NA,"TMCO2",NA
NA,"C11orf20",NA
NA,"UBE2DNL",NA
NA,"ANO6",NA
NA,"FZD4",NA
NA,"KIAA0100",NA
NA,"FECH",NA
NA,"MPDZ",NA
NA,"EEF2K",NA
NA,"MTMR9",NA
NA,"IP6K2",NA
NA,"PCDHGB7",NA
NA,"GABRB2",NA
NA,"NRXN2",NA
NA,"SBF2",NA
NA,"MIR197",NA
NA,"MIR3123",NA
NA,"SNORD85",NA
NA,"MIR4794",NA
NA,"MIR101-1",NA
NA,"MIR3156-1",NA
NA,"SNORD28",NA
NA,"SNORD26",NA
NA,"MIR3165",NA
NA,"MIR920",NA
NA,"SNORD59B",NA
NA,"SNORD59A",NA
NA,"MIR381",NA
NA,"MIR631",NA
NA,"MIR328",NA
NA,"MIR1288",NA
NA,"MIR548N",NA
NA,"MIR3130-1",NA
NA,"MIR3132",NA
NA,"SNORD82",NA
NA,"SNORD110",NA
NA,"MIR4762",NA
NA,"MIR1226",NA
NA,"MIR4798",NA
NA,"MIR583",NA
NA,"SNORD50A",NA
NA,"MIR4656",NA
NA,"SNORD24",NA
NA,"MIR4670",NA
NA,"MIR363",NA
NA,"MIR92A2",NA
NA,"MIR892A",NA
NA,"INSL3",NA
NA,"MEGF6",NA
NA,"TCF20",NA
NA,"DOT1L",NA
NA,"PHF21A",NA
NA,"SHISA6",NA
NA,"DYDC1",NA
NA,"FGF6",NA
NA,"GADD45GIP1",NA
NA,"LOC100506134",NA
NA,"ASXL1",NA
NA,"ENPP1",NA
NA,"STX10",NA
NA,"AGR3",NA
NA,"PARP8",NA
NA,"GPHA2",NA
NA,"PDE6H",NA
NA,"C19orf73",NA
NA,"LOC100289473",NA
NA,"UGT2A2",NA
NA,"TCTE3",NA
NA,"OSBPL6",NA
NA,"BRD4",NA
NA,"ZNF828",NA
NA,"EFR3B",NA
NA,"SHROOM2",NA
NA,"U2SURP",NA
NA,"EPM2AIP1",NA
NA,"LOC100169752",NA
NA,"CCL2",NA
NA,"GRXCR2",NA
NA,"AKT3",NA
NA,"CREB3L2",NA
NA,"PJA1",NA
NA,"SLC11A2",NA
NA,"DLG5",NA
NA,"GGCX",NA
NA,"MPPED2",NA
NA,"TNFSF18",NA
NA,"C1orf146",NA
NA,"MBD1",NA
NA,"ATP2A3",NA
NA,"REST",NA
NA,"SRGAP2",NA
NA,"GPR155",NA
NA,"PDLIM5",NA
NA,"DOCK8",NA
NA,"PRH2",NA
NA,"SORT1",NA
NA,"EIF2C1",NA
NA,"C1orf182",NA
NA,"HSBP1L1",NA
NA,"CST5",NA
NA,"KRTAP13-1",NA
NA,"CXXC4",NA
NA,"C6orf7",NA
NA,"PDS5B",NA
NA,"MYH9",NA
NA,"GATAD2B",NA
NA,"DZIP1",NA
NA,"CEP170",NA
NA,"PRPF4B",NA
NA,"MBD3L1",NA
NA,"TPRKB",NA
NA,"KIAA1239",NA
NA,"ESR1",NA
NA,"MID2",NA
NA,"PSMB3",NA
NA,"GXYLT1",NA
NA,"MLLT6",NA
NA,"GTF2H5",NA
NA,"KIAA0182",NA
NA,"BCL2",NA
NA,"MYO16",NA
NA,"ZFP14",NA
NA,"C14orf132",NA
NA,"FOLR4",NA
NA,"LIN7B",NA
NA,"SLED1",NA
NA,"DNAJC13",NA
NA,"RUFY3",NA
NA,"MAP3K1",NA
NA,"AK4",NA
NA,"ORC4",NA
NA,"TMEM120B",NA
NA,"MIR4654",NA
NA,"MIR4254",NA
NA,"MIR4781",NA
NA,"MIR4297",NA
NA,"MIR4294",NA
NA,"MIR483",NA
NA,"MIR4686",NA
NA,"SNORD113-7",NA
NA,"SNORD114-7",NA
NA,"MIR382",NA
NA,"HBII-52-27",NA
NA,"SNORD115-48",NA
NA,"MIR4312",NA
NA,"MIR4720",NA
NA,"MIR4732",NA
NA,"MIR4733",NA
NA,"MIR4730",NA
NA,"MIR4774",NA
NA,"MIR3129",NA
NA,"SNORD53",NA
NA,"MIR3127",NA
NA,"MIR4766",NA
NA,"SNORD66",NA
NA,"MIR711",NA
NA,"SNORD19",NA
NA,"SNORD100",NA
NA,"SNORD117",NA
NA,"MIR1200",NA
NA,"MIR875",NA
NA,"MIR3151",NA
NA,"MIR4663",NA
NA,"SNORD87",NA
NA,"FLJ39051",NA
NA,"FLJ27352",NA
NA,"C17orf37",NA
NA,"ASTN1",NA
NA,"PRPF40A",NA
NA,"DOCK5",NA
NA,"MDM1",NA
NA,"ARRB1",NA
NA,"OPHN1",NA
NA,"ZNF365",NA
NA,"PTPRQ",NA
NA,"ATF7",NA
NA,"PRMT2",NA
NA,"ATXN7",NA
NA,"DAZ4",NA
NA,"MAGOH",NA
NA,"CCDC56",NA
NA,"C7orf30",NA
NA,"CCDC88C",NA
NA,"NRXN3",NA
NA,"ATP7B",NA
NA,"C1orf97",NA
NA,"KRTAP9-1",NA
NA,"NDUFB3",NA
NA,"RHOXF1",NA
NA,"LOC100128420",NA
NA,"KIAA0564",NA
NA,"EPPK1",NA
NA,"OBSL1",NA
NA,"EIF4EBP2",NA
NA,"C20orf85",NA
NA,"DYNLT1",NA
NA,"ATF6",NA
NA,"ZMIZ1",NA
NA,"AIM1",NA
NA,"GTPBP10",NA
NA,"PCDH1",NA
NA,"CARD16",NA
NA,"PMCH",NA
NA,"ATP6AP1L",NA
NA,"ATP10B",NA
NA,"MYO18A",NA
NA,"SEPT6",NA
NA,"CABIN1",NA
NA,"OTUD4",NA
NA,"FXN",NA
NA,"KCMF1",NA
NA,"MTUS1",NA
NA,"FAM24B-CUZD1",NA
NA,"LOC100630917",NA
NA,"MYLK-AS1",NA
NA,"APOM",NA
NA,"LCN15",NA
NA,"ATP9A",NA
NA,"NRIP1",NA
NA,"RGS12",NA
NA,"MN1",NA
NA,"FASTKD2",NA
NA,"ETV1",NA
NA,"SMG7",NA
NA,"PLXNC1",NA
NA,"RASGRF1",NA
NA,"DEFB119",NA
NA,"TRERF1",NA
NA,"CHD3",NA
NA,"LOC283624",NA
NA,"IYD",NA
NA,"TMEM132B",NA
NA,"LOC100132111",NA
NA,"CST1",NA
NA,"CRYBB2",NA
NA,"OCIAD2",NA
NA,"SH3D19",NA
NA,"PIK3C2B",NA
NA,"NCKAP5",NA
NA,"NEDD4",NA
NA,"DGKB",NA
NA,"MYH10",NA
NA,"COX7A1",NA
NA,"ZBTB1",NA
NA,"SCAF11",NA
NA,"TNS3",NA
NA,"PLEKHG2",NA
NA,"KATNAL1",NA
NA,"RBFOX2",NA
NA,"MRPL21",NA
NA,"LOC100506649",NA
NA,"EFCAB10",NA
NA,"MBP",NA
NA,"FAM199X",NA
NA,"LRRK1",NA
NA,"SNX30",NA
NA,"SNORD47",NA
NA,"MIR3121",NA
NA,"MIR4420",NA
NA,"MIR4685",NA
NA,"MIR4675",NA
NA,"MIR4679-2",NA
NA,"MIR34C",NA
NA,"MIR3170",NA
NA,"MIR548AN",NA
NA,"SNORD113-5",NA
NA,"SNORD114-2",NA
NA,"MIR208B",NA
NA,"MIR3175",NA
NA,"MIR4714",NA
NA,"MIR1972-1",NA
NA,"MIR4749",NA
NA,"MIR4784",NA
NA,"MIR933",NA
NA,"MIR4757",NA
NA,"MIR26B",NA
NA,"MIR4765",NA
NA,"MIR3192",NA
NA,"MIR26A1",NA
NA,"SNORD69",NA
NA,"MIR4645",NA
NA,"SNORD32B",NA
NA,"MIR3925",NA
NA,"MIR96",NA
NA,"MIR596",NA
NA,"MIR3689A",NA
NA,"MIR890",NA
NA,"MIR892B",NA
NA,"MIR4769",NA
NA,"CCDC153",NA
NA,"AGRP",NA
NA,"LOC342918",NA
NA,"WDR17",NA
NA,"SNRPD2P2",NA
NA,"RARRES3",NA
NA,"COG5",NA
NA,"CAMSAP1",NA
NA,"KDM2A",NA
NA,"KRTAP4-2",NA
NA,"C3orf14",NA
NA,"NBLA00301",NA
NA,"CHL1",NA
NA,"DNM3",NA
NA,"SYNJ2",NA
NA,"NWD1",NA
NA,"EPB41L4B",NA
NA,"KRTAP2-4",NA
NA,"TYROBP",NA
NA,"GUSBP4",NA
NA,"NBPF16",NA
NA,"ASXL3",NA
NA,"DMBT1",NA
NA,"FLJ16779",NA
NA,"ST3GAL1",NA
NA,"SPRR4",NA
NA,"COX5A",NA
NA,"CDRT7",NA
NA,"JOSD2",NA
NA,"CSN1S2AP",NA
NA,"SUGT1P1",NA
NA,"DOPEY2",NA
NA,"PIK3R1",NA
NA,"AGPS",NA
NA,"CNTN2",NA
NA,"IGFL1",NA
NA,"NCRNA00306",NA
NA,"CRAMP1L",NA
NA,"RAI1",NA
NA,"MTDH",NA
NA,"LOC100506686",NA
NA,"CASC5",NA
NA,"TRDMT1",NA
NA,"PKDREJ",NA
NA,"MEGF10",NA
NA,"C7orf34",NA
NA,"BZRAP1",NA
NA,"PCDHA5",NA
NA,"FAM190B",NA
NA,"ZNF780A",NA
NA,"SIVA1",NA
NA,"CCL18",NA
NA,"MYCNOS",NA
NA,"SF3B14",NA
NA,"ADIG",NA
NA,"PALM2-AKAP2",NA
NA,"NPR3",NA
NA,"KIAA0141",NA
NA,"LRRC58",NA
NA,"SMCP",NA
NA,"SAA1",NA
NA,"CRABP1",NA
NA,"LOC100303749",NA
NA,"LOC340357",NA
NA,"HNRNPU",NA
NA,"RPS6KA3",NA
NA,"SASH1",NA
NA,"C1orf192",NA
NA,"LYZL2",NA
NA,"NACA2",NA
NA,"DIS3",NA
NA,"ALS2CR11",NA
NA,"SP1",NA
NA,"LOC440354",NA
NA,"PARP14",NA
NA,"AKD1",NA
NA,"UBR1",NA
NA,"PTPRF",NA
NA,"MIR4632",NA
NA,"MIR664",NA
NA,"MIR378F",NA
NA,"MIR3117",NA
NA,"SNORD45C",NA
NA,"MIR1193",NA
NA,"MIR543",NA
NA,"MIR539",NA
NA,"MIR656",NA
NA,"SNORD1C",NA
NA,"MIR4529",NA
NA,"MIR27A",NA
NA,"MIR4772",NA
NA,"MIR3125",NA
NA,"MIR4773-2",NA
NA,"MIR103A2",NA
NA,"MIR4756",NA
NA,"MIR5095",NA
NA,"MIR1286",NA
NA,"MIR301B",NA
NA,"MIR3136",NA
NA,"MIR874",NA
NA,"MIR103A1",NA
NA,"SNORD84",NA
NA,"MIR4652",NA
NA,"MIR4287",NA
NA,"MIR548Q",NA
NA,"MIR4474",NA
NA,"MIR1277",NA
NA,"MIR450B",NA
NA,"MIR4767",NA
NA,"PYCARD",NA
NA,"PFN4",NA
NA,"MRPL40",NA
NA,"FAM66A",NA
NA,"PDS5A",NA
NA,"C1orf95",NA
NA,"POM121L8P",NA
NA,"HBD",NA
NA,"WFDC12",NA
NA,"LY6G5B",NA
NA,"MRPL14",NA
NA,"MYO9B",NA
NA,"TMEM33",NA
NA,"ZNF507",NA
NA,"CLASP2",NA
NA,"ADCY9",NA
NA,"ZNF850",NA
NA,"ERAP1",NA
NA,"UTS2",NA
NA,"GAL",NA
NA,"KRTAP2-1",NA
NA,"MBD3L2",NA
NA,"CST3",NA
NA,"LCN1",NA
NA,"LCORL",NA
NA,"LTN1",NA
NA,"VAMP8",NA
NA,"PPDPF",NA
NA,"BCL9L",NA
NA,"CUL9",NA
NA,"SLC4A7",NA
NA,"ALDH1L2",NA
NA,"PLCXD3",NA
NA,"TAC4",NA
NA,"DEFB107A",NA
NA,"LOC440300",NA
NA,"LRRFIP1",NA
NA,"MYSM1",NA
NA,"SPG11",NA
NA,"RPL11",NA
NA,"SEC11C",NA
NA,"USP47",NA
NA,"AFAP1",NA
NA,"TLL1",NA
NA,"GLIS3",NA
NA,"DGKE",NA
NA,"LRP8",NA
NA,"CPEB4",NA
NA,"SPACA7",NA
NA,"HIST1H1D",NA
NA,"THRB",NA
NA,"GRIN3A",NA
NA,"TRAF3",NA
NA,"SH3PXD2B",NA
NA,"RRP15",NA
NA,"SYT2",NA
NA,"CSF2",NA
NA,"IFNA14",NA
NA,"OTOF",NA
NA,"LPGAT1",NA
NA,"KRTAP17-1",NA
NA,"NDUFS7",NA
NA,"C2orf40",NA
NA,"LOC389247",NA
NA,"SCN4A",NA
NA,"FAM38A",NA
NA,"KREMEN1",NA
NA,"ZNF674",NA
NA,"CNTN5",NA
NA,"LDLRAD1",NA
NA,"CMA1",NA
NA,"C17orf88",NA
NA,"POLE",NA
NA,"ARHGEF17",NA
NA,"DLGAP1",NA
NA,"HS6ST3",NA
NA,"MIR320B1",NA
NA,"MIR190B",NA
NA,"MIR1295",NA
NA,"MIR548F1",NA
NA,"MIR3620",NA
NA,"MIR4666",NA
NA,"MIR889",NA
NA,"MIR409",NA
NA,"MIR4715",NA
NA,"MIR548H4",NA
NA,"MIR4517",NA
NA,"MIR3065",NA
NA,"MIRLET7E",NA
NA,"MIR4782",NA
NA,"SNORD12C",NA
NA,"MIR563",NA
NA,"MIR4790",NA
NA,"MIR548G",NA
NA,"MIR4635",NA
NA,"MIR4633",NA
NA,"MIR378E",NA
NA,"MIR3607",NA
NA,"MIR3146",NA
NA,"MIR4648",NA
NA,"MIR4469",NA
NA,"MIR601",NA
NA,"MIR4667",NA
NA,"MIR101-2",NA
NA,"MIR500B",NA
NA,"HIST1H1A",NA
NA,"RPRD2",NA
NA,"HEATR5A",NA
NA,"SERP2",NA
NA,"SNAPC5",NA
NA,"HIATL2",NA
NA,"KIAA1210",NA
NA,"BCL11B",NA
NA,"EML6",NA
NA,"ABCB5",NA
NA,"TBC1D30",NA
NA,"TANC1",NA
NA,"GJC1",NA
NA,"RNF169",NA
NA,"RAMP2",NA
NA,"SMR3B",NA
NA,"LOC100131176",NA
NA,"ITIH5",NA
NA,"MRPL19",NA
NA,"CACNA1D",NA
NA,"RALGAPA1",NA
NA,"NHSL1",NA
NA,"SP100",NA
NA,"ZNF529",NA
NA,"TCF23",NA
NA,"LSM6",NA
NA,"HSPB3",NA
NA,"MGC16121",NA
NA,"SPTBN2",NA
NA,"TRIM13",NA
NA,"TAF1",NA
NA,"LPHN1",NA
NA,"ITGA2",NA
NA,"PPIAL4F",NA
NA,"PPIAL4E",NA
NA,"PPIAL4D",NA
NA,"PPIAL4C",NA
NA,"CRYBA1",NA
NA,"HIST1H1E",NA
NA,"EPHA5",NA
NA,"SLC7A2",NA
NA,"KIAA0232",NA
NA,"NYNRIN",NA
NA,"EEF1E1",NA
NA,"RAB11FIP1",NA
NA,"SPTAN1",NA
NA,"WDR81",NA
NA,"ZNF81",NA
NA,"IGF1",NA
NA,"STAB1",NA
NA,"DIP2C",NA
NA,"FLJ27354",NA
NA,"CECR5-AS1",NA
NA,"LAMC1",NA
NA,"BIRC3",NA
NA,"AGPAT4",NA
NA,"ZNF99",NA
NA,"C11orf88",NA
NA,"IMMP1L",NA
NA,"IFI27L1",NA
NA,"TMEM208",NA
NA,"RESP18",NA
NA,"LOC100498859",NA
NA,"LY6G6E",NA
NA,"LOC100505483",NA
NA,"GRIA4",NA
NA,"CCDC108",NA
NA,"MLH3",NA
NA,"FAM105B",NA
NA,"SNRPF",NA
NA,"TRAPPC6A",NA
NA,"HIST1H1B",NA
NA,"SLIT1",NA
NA,"KIF1C",NA
NA,"RALGPS1",NA
NA,"DSTYK",NA
NA,"GNL1",NA
NA,"GAB1",NA
NA,"KIAA0947",NA
NA,"MIR4677",NA
NA,"SNORD99",NA
NA,"MIR4423",NA
NA,"MIR760",NA
NA,"MIR4682",NA
NA,"MIR1915",NA
NA,"MIR100",NA
NA,"MIR4694",NA
NA,"MIR1908",NA
NA,"MIR4698",NA
NA,"MIR329-1",NA
NA,"MIR376A2",NA
NA,"MIR487A",NA
NA,"MIR410",NA
NA,"MIR548AI",NA
NA,"SNORD115-21",NA
NA,"MIR2116",NA
NA,"MIR1910",NA
NA,"MIR2117",NA
NA,"SNORD104",NA
NA,"MIR1909",NA
NA,"MIR4321",NA
NA,"MIR3190",NA
NA,"MIR4776-2",NA
NA,"MIR4439",NA
NA,"SNORD20",NA
NA,"MIR4786",NA
NA,"MIR4778",NA
NA,"MIR296",NA
NA,"MIR1914",NA
NA,"MIR4760",NA
NA,"MIR3198-1",NA
NA,"MIR4788",NA
NA,"MIR548H2",NA
NA,"MIR4802",NA
NA,"SNORD72",NA
NA,"MIR4636",NA
NA,"MIR1913",NA
NA,"MIR4641",NA
NA,"MIR4283-1",NA
NA,"MIR3609",NA
NA,"MIR93",NA
NA,"MIRLET7A1",NA
NA,"MIR1911",NA
NA,"MIR514B",NA
NA,"PPIH",NA
NA,"LOC554201",NA
NA,"LOC100507341",NA
NA,"IBA57",NA
NA,"CEP290",NA
NA,"PHLPP2",NA
NA,"SMARCA5",NA
NA,"CBFA2T2",NA
NA,"DCAF10",NA
NA,"MIR497HG",NA
NA,"FLJ20021",NA
NA,"C17orf51",NA
NA,"ITSN1",NA
NA,"FNBP1L",NA
NA,"PBRM1",NA
NA,"GNAO1",NA
NA,"USP13",NA
NA,"UBR3",NA
NA,"CHM",NA
NA,"RNF151",NA
NA,"C2orf51",NA
NA,"LOC100507537",NA
NA,"LOC731779",NA
NA,"MTX3",NA
NA,"GOLGA4",NA
NA,"DPCD",NA
NA,"TPPP2",NA
NA,"CCL3",NA
NA,"ARID5B",NA
NA,"CEP192",NA
NA,"VAPB",NA
NA,"GKN2",NA
NA,"IL2",NA
NA,"USP6",NA
NA,"PCDHGA11",NA
NA,"CCDC23",NA
NA,"BACE1-AS",NA
NA,"IFI27",NA
NA,"DPY30",NA
NA,"GRIP2",NA
NA,"ZC3HAV1",NA
NA,"LOC100500938",NA
NA,"PTRH2",NA
NA,"DYSFIP1",NA
NA,"C22orf42",NA
NA,"LOC442454",NA
NA,"AMELY",NA
NA,"BRCA1",NA
NA,"MTF1",NA
NA,"SIPA1L3",NA
NA,"FAM59B",NA
NA,"SPTA1",NA
NA,"PAPPA2",NA
NA,"SOCS7",NA
NA,"GPR179",NA
NA,"NDUFS8",NA
NA,"ERH",NA
NA,"MIA",NA
NA,"MUC6",NA
NA,"RP1L1",NA
NA,"EEA1",NA
NA,"SLCO1A2",NA
NA,"SBF1",NA
NA,"NUP98",NA
NA,"C9orf5",NA
NA,"C1orf133",NA
NA,"ATP5L2",NA
NA,"RAET1L",NA
NA,"C7orf40",NA
NA,"ZNF670",NA
NA,"PDPR",NA
NA,"KCNA1",NA
NA,"GSPT1",NA
NA,"MYLK3",NA
NA,"FLJ45244",NA
NA,"ATP5O",NA
NA,"LY6D",NA
NA,"SORBS1",NA
NA,"ZNF623",NA
NA,"KCTD15",NA
NA,"MR1",NA
NA,"ZNF318",NA
NA,"SNORD79",NA
NA,"SNORD76",NA
NA,"MIR1278",NA
NA,"MIR29B2",NA
NA,"MIR3158-2",NA
NA,"MIR378C",NA
NA,"MIR3924",NA
NA,"MIR107",NA
NA,"MIR494",NA
NA,"MIR654",NA
NA,"MIR4308",NA
NA,"SNORD115-10",NA
NA,"SNORD115-14",NA
NA,"MIR4515",NA
NA,"MIR548AA2",NA
NA,"MIR4737",NA
NA,"MIR4318",NA
NA,"MIR2467",NA
NA,"MIR99A",NA
NA,"MIR548A3",NA
NA,"MIR4796",NA
NA,"MIR16-2",NA
NA,"MIR548A2",NA
NA,"MIR29B1",NA
NA,"MIR4284",NA
NA,"MIR4659A",NA
NA,"MIR4672",NA
NA,"MIR876",NA
NA,"MIR3074",NA
NA,"MIR106A",NA
NA,"MIR3202-1",NA
NA,"REG1B",NA
NA,"CIDECP",NA
NA,"HLA-DPB2",NA
NA,"HOXA6",NA
NA,"HIP1",NA
NA,"PCDH17",NA
NA,"USP37",NA
NA,"NAP1L1",NA
NA,"SLC6A15",NA
NA,"DRGX",NA
NA,"REREP3",NA
NA,"KCNE2",NA
NA,"GAGE2A",NA
NA,"TRAF6",NA
NA,"GRM5",NA
NA,"LAMA4",NA
NA,"KIAA1731",NA
NA,"NDST1",NA
NA,"GREM1",NA
NA,"GNG5",NA
NA,"MYL6",NA
NA,"CCL7",NA
NA,"RABAC1",NA
NA,"REG1A",NA
NA,"BMS1",NA
NA,"OTOGL",NA
NA,"CDON",NA
NA,"ST8SIA4",NA
NA,"GTSF1",NA
NA,"LOC440356",NA
NA,"CSN3",NA
NA,"RBFOX1",NA
NA,"NRK",NA
NA,"VSTM4",NA
NA,"FAM63B",NA
NA,"NOTCH3",NA
NA,"ROBO1",NA
NA,"PFN1",NA
NA,"SFMBT2",NA
NA,"COL4A3",NA
NA,"LOC653501",NA
NA,"HEATR8",NA
NA,"CRYBA4",NA
NA,"IL17F",NA
NA,"PTGDS",NA
NA,"C9orf142",NA
NA,"GLYCTK",NA
NA,"ADAMTSL1",NA
NA,"LRRC8B",NA
NA,"C15orf2",NA
NA,"CACNA1H",NA
NA,"REPS2",NA
NA,"ARMS2",NA
NA,"NUDT8",NA
NA,"NMU",NA
NA,"NCOA7",NA
NA,"SLITRK2",NA
NA,"C10orf71",NA
NA,"LRCH1",NA
NA,"DOPEY1",NA
NA,"TRIP11",NA
NA,"ARHGAP31",NA
NA,"FAM190A",NA
NA,"ZNF238",NA
NA,"LDLR",NA
NA,"LYZL1",NA
NA,"IZUMO2",NA
NA,"CLIC3",NA
NA,"NRP2",NA
NA,"SLC26A2",NA
NA,"RPL10L",NA
NA,"C17orf67",NA
NA,"SIRPD",NA
NA,"CBY3",NA
NA,"MLN",NA
NA,"FOXN3",NA
NA,"ZNF236",NA
NA,"MIA3",NA
NA,"PKD1L2",NA
NA,"MIR4684",NA
NA,"MIR3155",NA
NA,"MIR3162",NA
NA,"MIR4701",NA
NA,"MIR495",NA
NA,"MIR300",NA
NA,"MIR323B",NA
NA,"MIR4706",NA
NA,"SNORD115-1",NA
NA,"SNORD115-2",NA
NA,"SNORD115-3",NA
NA,"SNORD115-4",NA
NA,"SNORD115-6",NA
NA,"SNORD115-7",NA
NA,"SNORD115-13",NA
NA,"SNORD115-16",NA
NA,"SNORD115-17",NA
NA,"SNORD115-20",NA
NA,"SNORD115-22",NA
NA,"SNORD115-25",NA
NA,"SNORD115-26",NA
NA,"SNORD115-29",NA
NA,"SNORD115-30",NA
NA,"SNORD115-31",NA
NA,"SNORD115-32",NA
NA,"SNORD115-33",NA
NA,"SNORD115-34",NA
NA,"SNORD115-35",NA
NA,"SNORD115-37",NA
NA,"SNORD115-38",NA
NA,"SNORD115-39",NA
NA,"SNORD115-40",NA
NA,"SNORD115-41",NA
NA,"SNORD115-42",NA
NA,"SNORD115-44",NA
NA,"MIR4712",NA
NA,"MIR3177",NA
NA,"MIR4744",NA
NA,"MIR4748",NA
NA,"SNORD32A",NA
NA,"MIR4267",NA
NA,"MIR4783",NA
NA,"MIR128-1",NA
NA,"MIR1301",NA
NA,"MIR4761",NA
NA,"MIR185",NA
NA,"MIR130B",NA
NA,"MIR4789",NA
NA,"MIR3138",NA
NA,"MIR4801",NA
NA,"MIR3142",NA
NA,"MIR3145",NA
NA,"MIR4642",NA
NA,"MIR106B",NA
NA,"MIR939",NA
NA,"MIR320A",NA
NA,"MIR3153",NA
NA,"GTF2IP1",NA
NA,"PTRH1",NA
NA,"DOCK9",NA
NA,"BAZ2B",NA
NA,"UNC13C",NA
NA,"PTH",NA
NA,"MTVR2",NA
NA,"HOXD12",NA
NA,"CHCHD2",NA
NA,"YLPM1",NA
NA,"ILDR2",NA
NA,"KIAA0408",NA
NA,"EPT1",NA
NA,"SLC4A4",NA
NA,"TAF10",NA
NA,"SS18L2",NA
NA,"C4orf45",NA
NA,"IL5",NA
NA,"PRSS1",NA
NA,"FTHL17",NA
NA,"VCX2",NA
NA,"METTL8",NA
NA,"SPATA5",NA
NA,"ZYG11B",NA
NA,"HBE1",NA
NA,"TMEM126A",NA
NA,"SELK",NA
NA,"CCL28",NA
NA,"MRPS33",NA
NA,"TMEM8C",NA
NA,"MED1",NA
NA,"STEAP2",NA
NA,"C11orf74",NA
NA,"CHCHD8",NA
NA,"SPACA3",NA
NA,"GKN1",NA
NA,"ATP6V1F",NA
NA,"DKK4",NA
NA,"PAPD5",NA
NA,"BRIP1",NA
NA,"RBBP4",NA
NA,"RTP3",NA
NA,"LCN2",NA
NA,"CSNK1G1",NA
NA,"PARD3B",NA
NA,"SPTLC2",NA
NA,"NETO1",NA
NA,"LOC728190",NA
NA,"TTC32",NA
NA,"POLR2H",NA
NA,"LOC643486",NA
NA,"STAB2",NA
NA,"ZNF592",NA
NA,"KCNK10",NA
NA,"LCE5A",NA
NA,"VCPIP1",NA
NA,"SETD1B",NA
NA,"C14orf43",NA
NA,"LOC100128787",NA
NA,"UCMA",NA
NA,"PSME2",NA
NA,"ATXN1L",NA
NA,"RPS6KA6",NA
NA,"AFF3",NA
NA,"LRP4",NA
NA,"COX4I1",NA
NA,"GYG2P1",NA
NA,"MIER1",NA
NA,"ANKH",NA
NA,"GLI3",NA
NA,"MIR429",NA
NA,"MIR4753",NA
NA,"MIR4422",NA
NA,"MIR4484",NA
NA,"MIR938",NA
NA,"MIR605",NA
NA,"MIR4688",NA
NA,"MIR15A",NA
NA,"MIR4309",NA
NA,"MIR4503",NA
NA,"MIR1276",NA
NA,"MIR193B",NA
NA,"SNORD60",NA
NA,"MIR4518",NA
NA,"MIR324",NA
NA,"SNORD33",NA
NA,"MIR526B",NA
NA,"MIR4263",NA
NA,"MIR4779",NA
NA,"MIR4759",NA
NA,"MIR3619",NA
NA,"MIR548AC",NA
NA,"MIR3655",NA
NA,"MIR4653",NA
NA,"MIR4649",NA
NA,"MIR504",NA
NA,"MIRLET7F2",NA
NA,"PSMB6",NA
NA,"CLRN2",NA
NA,"IL28RA",NA
NA,"ELAVL3",NA
NA,"ATR",NA
NA,"ZFX",NA
NA,"C6orf204",NA
NA,"ATAD2B",NA
NA,"SNCG",NA
NA,"POLR3K",NA
NA,"C17orf105",NA
NA,"NCRNA00229",NA
NA,"LOC100505894",NA
NA,"ANTXR2",NA
NA,"C12orf5",NA
NA,"MYL2",NA
NA,"RPS29",NA
NA,"NKG7",NA
NA,"RUNX1",NA
NA,"FBXL18",NA
NA,"LOC646214",NA
NA,"PARP9",NA
NA,"TPT1",NA
NA,"SLX1A",NA
NA,"AP1B1P1",NA
NA,"MZB1",NA
NA,"RPS6",NA
NA,"FAM135A",NA
NA,"ZG16B",NA
NA,"EMP3",NA
NA,"BOK-AS1",NA
NA,"C21orf119",NA
NA,"CSTA",NA
NA,"SPAG9",NA
NA,"C10orf99",NA
NA,"C11orf85",NA
NA,"LOC100131289",NA
NA,"USP46",NA
NA,"KCTD7",NA
NA,"TRAK1",NA
NA,"PIK3C2A",NA
NA,"C17orf110",NA
NA,"PLCE1",NA
NA,"ATF3",NA
NA,"MED11",NA
NA,"FOXO3",NA
NA,"TACC1",NA
NA,"ABLIM1",NA
NA,"FGD4",NA
NA,"MDP1",NA
NA,"AMELX",NA
NA,"PAGE5",NA
NA,"CSPG4",NA
NA,"ZNF462",NA
NA,"DOCK4",NA
NA,"ZNF518A",NA
NA,"CEP250",NA
NA,"POLR2G",NA
NA,"FAM158A",NA
NA,"RTEL1-TNFRSF6B",NA
NA,"SAP25",NA
NA,"PDE10A",NA
NA,"SOS1",NA
NA,"RERE",NA
NA,"SNORD45A",NA
NA,"MIR34B",NA
NA,"MIR1343",NA
NA,"MIR3922",NA
NA,"MIR26A2",NA
NA,"MIRLET7I",NA
NA,"MIR329-2",NA
NA,"MIR487B",NA
NA,"MIR154",NA
NA,"MIR541",NA
NA,"MIR4716",NA
NA,"MIR1266",NA
NA,"MIR184",NA
NA,"MIR3179-1",NA
NA,"MIR3178",NA
NA,"MIR138-2",NA
NA,"MIR4723",NA
NA,"MIR3064",NA
NA,"MIR3183",NA
NA,"MIR150",NA
NA,"SNORD11",NA
NA,"MIR4269",NA
NA,"MIR3682",NA
NA,"MIR4432",NA
NA,"MIR3646",NA
NA,"MIRLET7C",NA
NA,"MIR4791",NA
NA,"MIR4787",NA
NA,"MIRLET7G",NA
NA,"MIR4637",NA
NA,"MIR4277",NA
NA,"MIR4639",NA
NA,"MIR4644",NA
NA,"MIR196B",NA
NA,"MIR25",NA
NA,"MIR3154",NA
NA,"MIR491",NA
NA,"MIR505",NA
NA,"MIR500A",NA
NA,"MIR501",NA
NA,"MAP1LC3B2",NA
NA,"RPL7",NA
NA,"LOC100129662",NA
NA,"BCLAF1",NA
NA,"ATP8A1",NA
NA,"SMCR8",NA
NA,"LOC255411",NA
NA,"NANOS3",NA
NA,"NAT8B",NA
NA,"PRICKLE2",NA
NA,"NR2C2",NA
NA,"ABCA2",NA
NA,"FGF1",NA
NA,"TRIM33",NA
NA,"LOC646268",NA
NA,"IL37",NA
NA,"ARL9",NA
NA,"MYO7A",NA
NA,"IRAK3",NA
NA,"FAM162A",NA
NA,"ORM1",NA
NA,"LOC100507321",NA
NA,"IMPG2",NA
NA,"SLC25A36",NA
NA,"PRDM1",NA
NA,"RPS3",NA
NA,"UCHL3",NA
NA,"C16orf13",NA
NA,"TNNI3",NA
NA,"PSIMCT-1",NA
NA,"FABP4",NA
NA,"NRG1",NA
NA,"CHD8",NA
NA,"CACNB4",NA
NA,"CASK",NA
NA,"LOC100130301",NA
NA,"SYTL2",NA
NA,"RANBP6",NA
NA,"LOXHD1",NA
NA,"ELFN2",NA
NA,"TMEM170B",NA
NA,"TMEM136",NA
NA,"FDX1L",NA
NA,"LOC100505624",NA
NA,"HIST1H2BK",NA
NA,"C6orf48",NA
NA,"GSTA5",NA
NA,"KIAA1217",NA
NA,"COL5A1",NA
NA,"ACOX1",NA
NA,"GIGYF2",NA
NA,"ZBTB38",NA
NA,"TLN1",NA
NA,"PRDM15",NA
NA,"LOC100128977",NA
NA,"ORM2",NA
NA,"SURF2",NA
NA,"ZNF621",NA
NA,"ZNF737",NA
NA,"CLASP1",NA
NA,"TNNI2",NA
NA,"CRYGS",NA
NA,"SNHG8",NA
NA,"C4orf51",NA
NA,"COX7A2",NA
NA,"NDUFA8",NA
NA,"IFNB1",NA
NA,"CD84",NA
NA,"TNRC6A",NA
NA,"MIR194-1",NA
NA,"MIR4742",NA
NA,"MIR4295",NA
NA,"MIR3157",NA
NA,"MIR3167",NA
NA,"MIR3160-1",NA
NA,"MIR194-2",NA
NA,"MIR4691",NA
NA,"MIR1185-1",NA
NA,"MIR1185-2",NA
NA,"SNORD116-29",NA
NA,"MIR190",NA
NA,"MIR1203",NA
NA,"MIR3186",NA
NA,"MIR3676",NA
NA,"MIR1-2",NA
NA,"MIR4319",NA
NA,"MIR122",NA
NA,"SNORD105",NA
NA,"MIR3188",NA
NA,"MIR525",NA
NA,"MIR526A1",NA
NA,"MIR519A1",NA
NA,"MIR4436A",NA
NA,"MIR4327",NA
NA,"MIR3200",NA
NA,"MIR3921",NA
NA,"MIR4285",NA
NA,"MIR124-1",NA
NA,"MIR126",NA
NA,"MIR452",NA
NA,"MIR421",NA
NA,"FOLR3",NA
NA,"TTC9B",NA
NA,"HCFC1",NA
NA,"POLH",NA
NA,"CD59",NA
NA,"TG",NA
NA,"MYLK",NA
NA,"CHCHD1",NA
NA,"C9orf106",NA
NA,"SETD2",NA
NA,"FASN",NA
NA,"ADARB2",NA
NA,"C18orf56",NA
NA,"LOC149950",NA
NA,"BAGE",NA
NA,"C6orf115",NA
NA,"KIAA1409",NA
NA,"ABCC9",NA
NA,"FAM120C",NA
NA,"RPS19",NA
NA,"GGTLC2",NA
NA,"EPGN",NA
NA,"MLL4",NA
NA,"COL6A6",NA
NA,"HEATR1",NA
NA,"HBXIP",NA
NA,"NCRNA00301",NA
NA,"ZCCHC13",NA
NA,"PREPL",NA
NA,"FAM123B",NA
NA,"SEPT8",NA
NA,"SPATA13",NA
NA,"ARID2",NA
NA,"KLHL5",NA
NA,"FRMPD4",NA
NA,"TBC1D5",NA
NA,"GSX1",NA
NA,"C9orf135",NA
NA,"TGIF2LX",NA
NA,"MAP4K4",NA
NA,"SRGAP1",NA
NA,"PHF6",NA
NA,"CLSPN",NA
NA,"LOC100130987",NA
NA,"INADL",NA
NA,"FLNA",NA
NA,"SLFN13",NA
NA,"ZBTB41",NA
NA,"SRRM4",NA
NA,"P2RY8",NA
NA,"ATP7A",NA
NA,"POP5",NA
NA,"HOXC12",NA
NA,"CRYBB3",NA
NA,"RBMS2",NA
NA,"DIEXF",NA
NA,"SFT2D2",NA
NA,"LSM10",NA
NA,"CCL13",NA
NA,"USE1",NA
NA,"LOC729234",NA
NA,"KRTAP13-2",NA
NA,"XPR1",NA
NA,"LUZP1",NA
NA,"ILF3",NA
NA,"KCNH1",NA
NA,"PGM2L1",NA
NA,"FYCO1",NA
NA,"ATPAF1-AS1",NA
NA,"CXCL17",NA
NA,"CLEC3B",NA
NA,"PAEP",NA
NA,"GOLGA8G",NA
NA,"EXOC5",NA
NA,"MIR942",NA
NA,"MIR4257",NA
NA,"MIR4424",NA
NA,"MIR186",NA
NA,"MIR1265",NA
NA,"MIR3920",NA
NA,"MIR323",NA
NA,"MIR4513",NA
NA,"MIR4516",NA
NA,"SNORD71",NA
NA,"SNORD91B",NA
NA,"MIR144",NA
NA,"MIR301A",NA
NA,"SNORD1B",NA
NA,"SNORD35A",NA
NA,"MIR125A",NA
NA,"MIR4777",NA
NA,"MIR1305",NA
NA,"MIR4460",NA
NA,"MIR877",NA
NA,"MIR206",NA
NA,"MIR937",NA
NA,"MIR3150B",NA
NA,"MIR4478",NA
NA,"SNORD62B",NA
NA,"SNORD62A",NA
NA,"MIR188",NA
NA,"MIR502",NA
NA,"MIR1468",NA
NA,"TPSD1",NA
NA,"LOC440900",NA
NA,"NHP2",NA
NA,"NCAM1",NA
NA,"SVIL",NA
NA,"NPPA",NA
NA,"LOC730755",NA
NA,"U2AF1L4",NA
NA,"IL29",NA
NA,"BLVRB",NA
NA,"DDT",NA
NA,"TOMM6",NA
NA,"C7orf44",NA
NA,"WBSCR28",NA
NA,"TRIM67",NA
NA,"LTBP2",NA
NA,"C1orf31",NA
NA,"BCL7C",NA
NA,"KIAA0114",NA
NA,"LSM2",NA
NA,"MYO18B",NA
NA,"ENOSF1",NA
NA,"FAM173A",NA
NA,"FABP5P3",NA
NA,"TMEM141",NA
NA,"EDF1",NA
NA,"KAT6B",NA
NA,"XIAP",NA
NA,"UGT1A7",NA
NA,"PGAM2",NA
NA,"ENTPD7",NA
NA,"CLTC",NA
NA,"ANKHD1",NA
NA,"BOLA1",NA
NA,"GP9",NA
NA,"PDCL2",NA
NA,"CDH6",NA
NA,"FKTN",NA
NA,"KDM5C",NA
NA,"CYB5A",NA
NA,"EIF4EBP1",NA
NA,"DNAL1",NA
NA,"CENPE",NA
NA,"CRTC3",NA
NA,"KIAA0430",NA
NA,"C19orf56",NA
NA,"DSCR10",NA
NA,"TRY6",NA
NA,"NDUFB6",NA
NA,"TNC",NA
NA,"MUC2",NA
NA,"PLEKHG4",NA
NA,"LOC646096",NA
NA,"CKLF",NA
NA,"C22orf15",NA
NA,"LMO7",NA
NA,"SPATA19",NA
NA,"LOC100505978",NA
NA,"BEX1",NA
NA,"TGIF2LY",NA
NA,"TRPM6",NA
NA,"IL16",NA
NA,"IL17RA",NA
NA,"FAM21B",NA
NA,"AHCTF1",NA
NA,"MIR511-2",NA
NA,"MIR511-1",NA
NA,"MIR3612",NA
NA,"MIR1291",NA
NA,"MIR3613",NA
NA,"MIR4511",NA
NA,"MIR365-1",NA
NA,"MIR4522",NA
NA,"MIR152",NA
NA,"MIR142",NA
NA,"MIR195",NA
NA,"MIR3615",NA
NA,"MIR4738",NA
NA,"MIR4526",NA
NA,"SNORD35B",NA
NA,"MIR520E",NA
NA,"MIR520F",NA
NA,"MIR523",NA
NA,"MIR518F",NA
NA,"MIR520C",NA
NA,"MIR521-2",NA
NA,"MIR520D",NA
NA,"MIR518D",NA
NA,"MIR518A2",NA
NA,"MIR2355",NA
NA,"MIR124-3",NA
NA,"MIR4793",NA
NA,"MIR425",NA
NA,"MIR153-2",NA
NA,"MIR1207",NA
NA,"MIR4674",NA
NA,"MIRLET7F1",NA
NA,"MIRLET7D",NA
NA,"NUDT14",NA
NA,"C10orf18",NA
NA,"RALGAPB",NA
NA,"ZNF609",NA
NA,"AGL",NA
NA,"DIP2A",NA
NA,"S100A4",NA
NA,"BLID",NA
NA,"CYorf15A",NA
NA,"GCN1L1",NA
NA,"RAB11FIP4",NA
NA,"DLC1",NA
NA,"OPRM1",NA
NA,"MKL2",NA
NA,"MMS22L",NA
NA,"LOC349196",NA
NA,"LYG2",NA
NA,"TSPO",NA
NA,"HIST1H3D",NA
NA,"MEA1",NA
NA,"ZNF516",NA
NA,"GFPT1",NA
NA,"SMCHD1",NA
NA,"MYO6",NA
NA,"ANKRD52",NA
NA,"SPDYE8P",NA
NA,"INPP5F",NA
NA,"PRG3",NA
NA,"TYRO3P",NA
NA,"ANAPC10",NA
NA,"MGRN1",NA
NA,"ANKFY1",NA
NA,"MYO9A",NA
NA,"SNRPD2",NA
NA,"RAB22A",NA
NA,"RBMS3",NA
NA,"PRKCB",NA
NA,"TP53TG3B",NA
NA,"ICA1L",NA
NA,"NLN",NA
NA,"UHMK1",NA
NA,"CTRB1",NA
NA,"NCRNA00305",NA
NA,"SPATA3",NA
NA,"ANKRD20A3",NA
NA,"ZNF780B",NA
NA,"SYCE1L",NA
NA,"POLR2I",NA
NA,"UGT1A5",NA
NA,"UGT1A3",NA
NA,"C20orf201",NA
NA,"NOL7",NA
NA,"CDC26",NA
NA,"CIT",NA
NA,"PTPN13",NA
NA,"ZNF37BP",NA
NA,"MTOR",NA
NA,"LOC653513",NA
NA,"N6AMT2",NA
NA,"FTL",NA
NA,"TMEM150B",NA
NA,"MCEE",NA
NA,"LYZL4",NA
NA,"ZNF678",NA
NA,"COL19A1",NA
NA,"DIP2B",NA
NA,"PHF14",NA
NA,"CCDC144B",NA
NA,"LOC100507055",NA
NA,"PPP1R14D",NA
NA,"C19orf80",NA
NA,"C7orf36",NA
NA,"ZNF135",NA
NA,"TNPO1",NA
NA,"PHF17",NA
NA,"MRGPRG",NA
NA,"KLK1",NA
NA,"CCDC12",NA
NA,"C4orf6",NA
NA,"PPP1R2P9",NA
NA,"HSD3BP4",NA
NA,"MIR29C",NA
NA,"MIR3671",NA
NA,"MIR4296",NA
NA,"MIR125B1",NA
NA,"MIR708",NA
NA,"MIR1197",NA
NA,"MIR758",NA
NA,"MIR193A",NA
NA,"MIR4728",NA
NA,"MIR320C1",NA
NA,"MIR133A1",NA
NA,"MIR1227",NA
NA,"MIR519D",NA
NA,"MIR520H",NA
NA,"SNORD70",NA
NA,"MIR298",NA
NA,"MIR4758",NA
NA,"MIR3199-1",NA
NA,"MIR4764",NA
NA,"MIR944",NA
NA,"VTRNA1-2",NA
NA,"VTRNA1-3",NA
NA,"SNORD123",NA
NA,"MIR30B",NA
NA,"MIR384",NA
NA,"C8G",NA
NA,"CSAG1",NA
NA,"DOCK3",NA
NA,"ATRNL1",NA
NA,"PARVA",NA
NA,"MALAT1",NA
NA,"NKD1",NA
NA,"IL17RD",NA
NA,"CCDC28B",NA
NA,"NPM3",NA
NA,"FAM7A1",NA
NA,"EIF3K",NA
NA,"SDF2L1",NA
NA,"C3orf46",NA
NA,"TMEM60",NA
NA,"DPP10",NA
NA,"TSC1",NA
NA,"PHF8",NA
NA,"SLC12A6",NA
NA,"BICD2",NA
NA,"SOX11",NA
NA,"C1orf61",NA
NA,"DLEU1",NA
NA,"TMEM88",NA
NA,"CDC42EP5",NA
NA,"KRTAP10-12",NA
NA,"KIF13B",NA
NA,"GVINP1",NA
NA,"LOC100507424",NA
NA,"ICT1",NA
NA,"CES5AP1",NA
NA,"C6orf52",NA
NA,"GOLGA6L9",NA
NA,"EP300",NA
NA,"HIPK1",NA
NA,"NCOA3",NA
NA,"IRS1",NA
NA,"LOC100132287",NA
NA,"POLR2L",NA
NA,"SEPW1",NA
NA,"LY86",NA
NA,"CCL21",NA
NA,"NAA10",NA
NA,"PCM1",NA
NA,"FAM178A",NA
NA,"CACNG8",NA
NA,"CALML5",NA
NA,"SPDYC",NA
NA,"KRTAP10-8",NA
NA,"C21orf70",NA
NA,"IFNA22P",NA
NA,"IFNA1",NA
NA,"POLQ",NA
NA,"PRKCA",NA
NA,"IGF2BP1",NA
NA,"SHOX",NA
NA,"SMAD4",NA
NA,"ZAN",NA
NA,"C11orf51",NA
NA,"LRRC3C",NA
NA,"CGB",NA
NA,"ITGB8",NA
NA,"GNL3L",NA
NA,"KIF1A",NA
NA,"ARPC3",NA
NA,"EDDM3A",NA
NA,"CGB5",NA
NA,"CGB7",NA
NA,"LOC100507334",NA
NA,"PRSS42",NA
NA,"LY6G6C",NA
NA,"NBEAL2",NA
NA,"TCF7",NA
NA,"GOLT1A",NA
NA,"PRAP1",NA
NA,"UGT1A1",NA
NA,"RANBP1",NA
NA,"ATP6V0E1",NA
NA,"VWF",NA
NA,"CNOT6L",NA
NA,"AKAP12",NA
NA,"WWC2",NA
NA,"ZNF714",NA
NA,"PLEKHA8",NA
NA,"SYNRG",NA
NA,"MIR9-1",NA
NA,"MIR30C1",NA
NA,"MIR130A",NA
NA,"MIR4497",NA
NA,"MIR2276",NA
NA,"MIR16-1",NA
NA,"MIR493",NA
NA,"MIR4721",NA
NA,"MIR4754",NA
NA,"MIR149",NA
NA,"SNORD92",NA
NA,"MIR125B2",NA
NA,"MIR4795",NA
NA,"MIR661",NA
NA,"MIR181B2",NA
NA,"C12orf54",NA
NA,"FLJ35024",NA
NA,"ZC3H12C",NA
NA,"ARID1A",NA
NA,"CREB5",NA
NA,"MCTP2",NA
NA,"AGFG1",NA
NA,"NUTF2",NA
NA,"LOC100505912",NA
NA,"SMPX",NA
NA,"RPS4Y2",NA
NA,"MAPK9",NA
NA,"PHF20L1",NA
NA,"ATRN",NA
NA,"LOC100505768",NA
NA,"FGF21",NA
NA,"RPL7A",NA
NA,"LOC415056",NA
NA,"ACAN",NA
NA,"OCLM",NA
NA,"CTRB2",NA
NA,"C2orf49",NA
NA,"UBR2",NA
NA,"CASZ1",NA
NA,"CGB8",NA
NA,"LENG1",NA
NA,"ARHGEF7",NA
NA,"IGSF10",NA
NA,"BCL2L10",NA
NA,"AP2S1",NA
NA,"LOC100526820",NA
NA,"DUSP21",NA
NA,"LOC642587",NA
NA,"USMG5",NA
NA,"FRG2B",NA
NA,"C10orf11",NA
NA,"CST8",NA
NA,"C5orf38",NA
NA,"RLN2",NA
NA,"HIVEP1",NA
NA,"GPR180",NA
NA,"ZNF519",NA
NA,"APOBEC1",NA
NA,"HMGB3P1",NA
NA,"PEBP4",NA
NA,"H2BFWT",NA
NA,"LY75-CD302",NA
NA,"BBX",NA
NA,"ARHGAP35",NA
NA,"VANGL1",NA
NA,"DOK6",NA
NA,"CYLD",NA
NA,"TMEM93",NA
NA,"GABARAP",NA
NA,"SH2D6",NA
NA,"LTB",NA
NA,"MRPL32",NA
NA,"MDGA1",NA
NA,"FXR1",NA
NA,"RREB1",NA
NA,"ATP2B4",NA
NA,"MIR200A",NA
NA,"MIR1287",NA
NA,"MIR129-2",NA
NA,"MIR614",NA
NA,"MIR9-3",NA
NA,"MIR1225",NA
NA,"MIR3176",NA
NA,"MIR4725",NA
NA,"MIR4743",NA
NA,"SNORD58C",NA
NA,"MIR153-1",NA
NA,"SNORD12",NA
NA,"MIR3140",NA
NA,"MIR4640",NA
NA,"MIR3691",NA
NA,"MIR2861",NA
NA,"MIR3651",NA
NA,"PDZK1IP1",NA
NA,"RPS4Y1",NA
NA,"FBN3",NA
NA,"BAZ2A",NA
NA,"SRGAP3",NA
NA,"CTRC",NA
NA,"GH1",NA
NA,"GZMA",NA
NA,"GAS7",NA
NA,"PALM2",NA
NA,"NPC2",NA
NA,"C19orf24",NA
NA,"TARM1",NA
NA,"RQCD1",NA
NA,"LY6G6F",NA
NA,"EXOSC4",NA
NA,"KIAA0825",NA
NA,"APOA1",NA
NA,"LOC100289656",NA
NA,"C16orf74",NA
NA,"RIMS1",NA
NA,"LMTK2",NA
NA,"KIAA0889",NA
NA,"NFIB",NA
NA,"CCDC50",NA
NA,"ATP2B2",NA
NA,"FXYD4",NA
NA,"EDDM3B",NA
NA,"COPZ2",NA
NA,"ANKRD39",NA
NA,"HAR1B",NA
NA,"HSPB1",NA
NA,"WDR87",NA
NA,"UTP20",NA
NA,"HDAC4",NA
NA,"CSRP2",NA
NA,"UGT1A4",NA
NA,"NFATC4",NA
NA,"CNOT1",NA
NA,"C19orf70",NA
NA,"FAM165B",NA
NA,"ZFAND2A",NA
NA,"SRY",NA
NA,"KPNA4",NA
NA,"ARFGEF2",NA
NA,"NTPCR",NA
NA,"KRTAP5-7",NA
NA,"GZMH",NA
NA,"PCGF1",NA
NA,"IGLL1",NA
NA,"BTN3A1",NA
NA,"ZBTB40",NA
NA,"ITPR3",NA
NA,"TDRD6",NA
NA,"KRTAP5-3",NA
NA,"CECR6",NA
NA,"AMOTL1",NA
NA,"DPM3",NA
NA,"CELA3A",NA
NA,"PRDX5",NA
NA,"TAS2R19",NA
NA,"RPS3A",NA
NA,"TAS2R4",NA
NA,"ROBO2",NA
NA,"MTMR3",NA
NA,"MIR4258",NA
NA,"MIR1304",NA
NA,"MIR1178",NA
NA,"MIR4306",NA
NA,"MIR759",NA
NA,"MIR412",NA
NA,"MIR1179",NA
NA,"MIR4274",NA
NA,"MIR449A",NA
NA,"MIR3960",NA
NA,"MIR4473",NA
NA,"SNORD121A",NA
NA,"MIR450A1",NA
NA,"MIR532",NA
NA,"GNG3",NA
NA,"UGT1A10",NA
NA,"IAH1",NA
NA,"SCRG1",NA
NA,"C9orf89",NA
NA,"NBEAL1",NA
NA,"UBE2T",NA
NA,"C11orf91",NA
NA,"IL31",NA
NA,"CDKN3",NA
NA,"C16orf90",NA
NA,"RBX1",NA
NA,"SEC16A",NA
NA,"BEND4",NA
NA,"PKD1L1",NA
NA,"LOC100240735",NA
NA,"KRTAP1-1",NA
NA,"PSORS1C1",NA
NA,"PTPRJ",NA
NA,"SLC38A1",NA
NA,"NANOGNB",NA
NA,"MITD1",NA
NA,"C4orf36",NA
NA,"C8ORFK29",NA
NA,"ADRBK2",NA
NA,"NAPEPLD",NA
NA,"PLXNA1",NA
NA,"INSR",NA
NA,"IL6ST",NA
NA,"C19orf77",NA
NA,"VWC2L",NA
NA,"NKX2-6",NA
NA,"SCN5A",NA
NA,"IGF2R",NA
NA,"FAM55C",NA
NA,"RGS8",NA
NA,"RPS15AP10",NA
NA,"PTPRCAP",NA
NA,"FAM195A",NA
NA,"VN1R4",NA
NA,"RFPL4A",NA
NA,"NCRNA00207",NA
NA,"COL7A1",NA
NA,"TTC3",NA
NA,"C1orf185",NA
NA,"CCDC53",NA
NA,"C19orf53",NA
NA,"NXNL1",NA
NA,"RAMP1",NA
NA,"GSTA3",NA
NA,"TMEM135",NA
NA,"ACVR1C",NA
NA,"LOC728264",NA
NA,"PURB",NA
NA,"C10orf125",NA
NA,"C19orf43",NA
NA,"AZU1",NA
NA,"C5orf32",NA
NA,"ASTN2",NA
NA,"SULT1C3",NA
NA,"ZNF208",NA
NA,"C19orf18",NA
NA,"FLNC",NA
NA,"HECTD1",NA
NA,"ARHGAP29",NA
NA,"ZNF618",NA
NA,"MIR1231",NA
NA,"MIR30E",NA
NA,"MIR1296",NA
NA,"C15orf38-AP3S2",NA
NA,"SNORD91A",NA
NA,"MIR4314",NA
NA,"SNORD105B",NA
NA,"MIR4745",NA
NA,"MIR3616",NA
NA,"MIR191",NA
NA,"MIR449C",NA
NA,"MIR4464",NA
NA,"CD70",NA
NA,"KRTAP11-1",NA
NA,"TIMP1",NA
NA,"CCDC141",NA
NA,"PTPRZ1",NA
NA,"PLEKHA5",NA
NA,"C1orf162",NA
NA,"OR4X2",NA
NA,"OR10A2",NA
NA,"CLEC2A",NA
NA,"PRB4",NA
NA,"IL21",NA
NA,"PSMB1",NA
NA,"LCN8",NA
NA,"H6PD",NA
NA,"ABHD2",NA
NA,"JMY",NA
NA,"FLG2",NA
NA,"CELA2A",NA
NA,"DCXR",NA
NA,"CARTPT",NA
NA,"ST7-AS2",NA
NA,"PRSS58",NA
NA,"NHS",NA
NA,"PFKFB2",NA
NA,"THSD4",NA
NA,"ARHGAP26",NA
NA,"LOC728192",NA
NA,"CSH1",NA
NA,"AKIRIN2-AS1",NA
NA,"HEG1",NA
NA,"COL6A4P2",NA
NA,"OR8G2",NA
NA,"ALG1L",NA
NA,"PRDX4",NA
NA,"NCOR2",NA
NA,"CELA2B",NA
NA,"CRYBB1",NA
NA,"LSM1",NA
NA,"SSH2",NA
NA,"MACC1",NA
NA,"F5",NA
NA,"JHDM1D",NA
NA,"C14orf2",NA
NA,"ZDHHC21",NA
NA,"SCN2A",NA
NA,"OR4F5",NA
NA,"OR4X1",NA
NA,"OR4C45",NA
NA,"OR5M11",NA
NA,"OR9G1",NA
NA,"COMMD4",NA
NA,"SPDYE4",NA
NA,"UGT1A8",NA
NA,"LOC100506274",NA
NA,"KRTAP10-5",NA
NA,"IL4",NA
NA,"GPR141",NA
NA,"COX6C",NA
NA,"ZFHX2",NA
NA,"LRRK2",NA
NA,"TMTC1",NA
NA,"TMOD2",NA
NA,"F8",NA
NA,"FBXW2",NA
NA,"PSMB4",NA
NA,"C10orf122",NA
NA,"PHLDA2",NA
NA,"MS4A13",NA
NA,"IFT43",NA
NA,"LOC389705",NA
NA,"NCRNA00230B",NA
NA,"COL6A5",NA
NA,"CPD",NA
NA,"C1orf64",NA
NA,"CTSG",NA
NA,"C15orf60",NA
NA,"ELANE",NA
NA,"IL3",NA
NA,"SON",NA
NA,"WDR20",NA
NA,"TECPR2",NA
NA,"ACACB",NA
NA,"RAB11A",NA
NA,"MIR3917",NA
NA,"MIR1262",NA
NA,"MIR337",NA
NA,"SNORD116-28",NA
NA,"UBE2F-SCLY",NA
NA,"MIR663",NA
NA,"SNORD83B",NA
NA,"SNORD19B",NA
NA,"MIR3688-1",NA
NA,"SNORD121B",NA
NA,"ZNF705G",NA
NA,"GRIK3",NA
NA,"ZNF407",NA
NA,"ZNF568",NA
NA,"GZMB",NA
NA,"B9D1",NA
NA,"CACNG5",NA
NA,"LOC100287177",NA
NA,"GUCA1C",NA
NA,"ZNF12",NA
NA,"ATP2A2",NA
NA,"ZMYM6NB",NA
NA,"CCL11",NA
NA,"NDUFV2",NA
NA,"FFAR1",NA
NA,"LOC285326",NA
NA,"MYL3",NA
NA,"LOC100506462",NA
NA,"OR13G1",NA
NA,"FLJ40434",NA
NA,"RBP4",NA
NA,"OR8K5",NA
NA,"TAS2R10",NA
NA,"OR4N2",NA
NA,"OR4D2",NA
NA,"RPS19BP1",NA
NA,"NCRUPAR",NA
NA,"TAS2R41",NA
NA,"SCN1A",NA
NA,"OR2L1P",NA
NA,"KLRC4",NA
NA,"TTR",NA
NA,"WBSCR27",NA
NA,"LOC100129407",NA
NA,"SHPRH",NA
NA,"AEBP2",NA
NA,"ALS2",NA
NA,"MCC",NA
NA,"SLITRK4",NA
NA,"QSER1",NA
NA,"OR6F1",NA
NA,"OR2T6",NA
NA,"OR8D1",NA
NA,"OR5AK4P",NA
NA,"OR2D2",NA
NA,"OR4N5",NA
NA,"C14orf165",NA
NA,"CST7",NA
NA,"DGCR10",NA
NA,"C7orf47",NA
NA,"OR13H1",NA
NA,"NOTCH1",NA
NA,"FGD6",NA
NA,"OR8G1",NA
NA,"SYCE2",NA
NA,"SULT6B1",NA
NA,"TFCP2L1",NA
NA,"XPNPEP3",NA
NA,"C9orf130",NA
NA,"DSEL",NA
NA,"PTS",NA
NA,"FKBP2",NA
NA,"LOC100506049",NA
NA,"MIB1",NA
NA,"OR10J5",NA
NA,"APCS",NA
NA,"OR2G3",NA
NA,"OR14A16",NA
NA,"UPK2",NA
NA,"OR8B4",NA
NA,"OR4B1",NA
NA,"OR4A47",NA
NA,"OR4C46",NA
NA,"OR4C6",NA
NA,"OR5AK2",NA
NA,"OR5B21",NA
NA,"OR10V1",NA
NA,"TAS2R8",NA
NA,"TAS2R46",NA
NA,"OR1A1",NA
NA,"OR7A10",NA
NA,"OR7A17",NA
NA,"OR5AC2",NA
NA,"ANKRD37",NA
NA,"OR1L8",NA
NA,"ANKRD11",NA
NA,"KCNC1",NA
NA,"PCDH10",NA
NA,"KIAA1462",NA
NA,"MIR3916",NA
NA,"MIR604",NA
NA,"MIR331",NA
NA,"MIR4509-1",NA
NA,"SNORD116-11",NA
NA,"SNORD116-12",NA
NA,"SNORD116-13",NA
NA,"SNORD116-14",NA
NA,"SNORD116-15",NA
NA,"SNORD116-16",NA
NA,"SNORD116-19",NA
NA,"SNORD116-18",NA
NA,"SNORD116-17",NA
NA,"SNORD116-20",NA
NA,"SNORD116-21",NA
NA,"SNORD116-22",NA
NA,"SNORD116-23",NA
NA,"SNORD116-24",NA
NA,"SNORD116-25",NA
NA,"SNORD116-27",NA
NA,"MIR626",NA
NA,"MIR940",NA
NA,"SNORD111",NA
NA,"MIR423",NA
NA,"MIR632",NA
NA,"MIR330",NA
NA,"MIR643",NA
NA,"MIR558",NA
NA,"MIR644",NA
NA,"MIR645",NA
NA,"MIR802",NA
NA,"MIR648",NA
NA,"MIR1280",NA
NA,"MIR564",NA
NA,"MIR943",NA
NA,"MIR575",NA
NA,"MIR585",NA
NA,"MIR339",NA
NA,"MIR335",NA
NA,"MZT2B",NA
NA,"POP7",NA
NA,"KIAA1908",NA
NA,"LOC100505881",NA
NA,"METTL5",NA
NA,"TNFRSF13C",NA
NA,"YIPF7",NA
NA,"CDS2",NA
NA,"ABCA12",NA
NA,"HBS1L",NA
NA,"DLG2",NA
NA,"OR8B12",NA
NA,"SPA17",NA
NA,"OR51B4",NA
NA,"OR5W2",NA
NA,"OR5M9",NA
NA,"DKFZP434K028",NA
NA,"OR4K14",NA
NA,"OR10G2",NA
NA,"OR4D1",NA
NA,"LOC100130932",NA
NA,"GALP",NA
NA,"OR2A4",NA
NA,"OR9A2",NA
NA,"OR2A25",NA
NA,"OR2A12",NA
NA,"OR2A14",NA
NA,"OR2A7",NA
NA,"OR1L1",NA
NA,"FAM126B",NA
NA,"XYLT1",NA
NA,"STXBP5",NA
NA,"BCL11A",NA
NA,"ANKRD33B",NA
NA,"OR4N3P",NA
NA,"C17orf79",NA
NA,"MGC45922",NA
NA,"MND1",NA
NA,"ZBTB44",NA
NA,"STXBP5L",NA
NA,"SRRM2",NA
NA,"METTL11B",NA
NA,"BST2",NA
NA,"RPL9",NA
NA,"CAMTA1",NA
NA,"ANKRD17",NA
NA,"PRKAA2",NA
NA,"MYO15B",NA
NA,"SPTBN4",NA
NA,"MED13L",NA
NA,"CNTLN",NA
NA,"OR2M4",NA
NA,"OR14I1",NA
NA,"OR10G4",NA
NA,"OR10G9",NA
NA,"OR10G8",NA
NA,"OR10G7",NA
NA,"OR8D2",NA
NA,"OR8B8",NA
NA,"OR52J3",NA
NA,"OR5M8",NA
NA,"OR5AN1",NA
NA,"OR4D10",NA
NA,"OR4D11",NA
NA,"TMEM223",NA
NA,"OR5P3",NA
NA,"OR6C3",NA
NA,"RPS2",NA
NA,"ARL5C",NA
NA,"APOC4-APOC2",NA
NA,"OR7G1",NA
NA,"MANF",NA
NA,"OR2Y1",NA
NA,"OR2J3",NA
NA,"OR6B1",NA
NA,"OR2A5",NA
NA,"OR1N1",NA
NA,"OR1L4",NA
NA,"OR1L6",NA
NA,"KAT6A",NA
NA,"RBP5",NA
NA,"OSTBETA",NA
NA,"ARHGDIG",NA
NA,"TMED6",NA
NA,"NT5C",NA
NA,"INTS6",NA
NA,"BATF",NA
NA,"KRTAP4-7",NA
NA,"ZFAT-AS1",NA
NA,"DENND5B",NA
NA,"TBC1D2B",NA
NA,"ANK1",NA
NA,"PBX1",NA
NA,"OR10K2",NA
NA,"OR6N1",NA
NA,"OR2T8",NA
NA,"OR2L8",NA
NA,"OR2L3",NA
NA,"OR2M3",NA
NA,"OR2M7",NA
NA,"OR14C36",NA
NA,"OR2T10",NA
NA,"OR6X1",NA
NA,"OR51F1",NA
NA,"OR51A7",NA
NA,"OR51B6",NA
NA,"OR8H2",NA
NA,"OR52E4",NA
NA,"OR6C1",NA
NA,"OR6C75",NA
NA,"OR6C65",NA
NA,"OR6C76",NA
NA,"OR6C2",NA
NA,"OR6C70",NA
NA,"OR6C68",NA
NA,"OR4L1",NA
NA,"OR4F6",NA
NA,"OR4F15",NA
NA,"OR1F1",NA
NA,"OR1D5",NA
NA,"OR1D2",NA
NA,"OR7G3",NA
NA,"OR6B2",NA
NA,"FRG1B",NA
NA,"CHCHD6",NA
NA,"OR4F21",NA
NA,"SSNA1",NA
NA,"IFNA16",NA
NA,"OR13J1",NA
NA,"RALGAPA2",NA
NA,"SCN3A",NA
NA,"C4orf22",NA
NA,"RPF2",NA
NA,"C7orf11",NA
NA,"ZNF831",NA
NA,"MIR200B",NA
NA,"MIR556",NA
NA,"MIR551A",NA
NA,"SNORD21",NA
NA,"MIR609",NA
NA,"MIR346",NA
NA,"MIR326",NA
NA,"MIR620",NA
NA,"MIR613",NA
NA,"MIR141",NA
NA,"MIR628",NA
NA,"SNORD83A",NA
NA,"MIR568",NA
NA,"MIR572",NA
NA,"MIR340",NA
NA,"MIR3662",NA
NA,"MIR550A3",NA
NA,"MIR591",NA
NA,"MIR599",NA
NA,"MIR3622B",NA
NA,"MIR4290",NA
NA,"BCL2A1",NA
NA,"TMEM204",NA
NA,"LOC100270746",NA
NA,"PTCH1",NA
NA,"TEAD1",NA
NA,"NCOA1",NA
NA,"OR10K1",NA
NA,"OR6M1",NA
NA,"OR8B2",NA
NA,"OR8B3",NA
NA,"KRTAP5-1",NA
NA,"OR51A4",NA
NA,"OR51A2",NA
NA,"OR52E6",NA
NA,"OR56A5",NA
NA,"OR10P1",NA
NA,"OR4Q3",NA
NA,"OR4M1",NA
NA,"OR10G3",NA
NA,"OR4E2",NA
NA,"OR1G1",NA
NA,"KRTAP4-3",NA
NA,"OR1M1",NA
NA,"OR5H15",NA
NA,"OR2B6",NA
NA,"OR6V1",NA
NA,"OR1J2",NA
NA,"OR1J4",NA
NA,"LOC100216546",NA
NA,"GZMM",NA
NA,"PRSS45",NA
NA,"H2AFZ",NA
NA,"C2orf76",NA
NA,"C3orf22",NA
NA,"CXorf65",NA
NA,"JMJD1C",NA
NA,"OR10T2",NA
NA,"OR1C1",NA
NA,"OR2W3",NA
NA,"OR8D4",NA
NA,"OR51G2",NA
NA,"OR5D14",NA
NA,"OR5F1",NA
NA,"OR9I1",NA
NA,"OR5B17",NA
NA,"OR5B3",NA
NA,"OR4D6",NA
NA,"OR4D9",NA
NA,"OR10A6",NA
NA,"OR10A3",NA
NA,"TAS2R42",NA
NA,"CELA1",NA
NA,"OR4K2",NA
NA,"OR1E1",NA
NA,"C19orf69",NA
NA,"OR2Z1",NA
NA,"OR5H2",NA
NA,"NUDCD2",NA
NA,"GTF3C6",NA
NA,"OR9A4",NA
NA,"OR1Q1",NA
NA,"ULK2",NA
NA,"NENF",NA
NA,"BIK",NA
NA,"ABCA5",NA
NA,"YAF2",NA
NA,"MID1",NA
NA,"OR6K3",NA
NA,"OR2T5",NA
NA,"OR52R1",NA
NA,"OR51L1",NA
NA,"OR8J3",NA
NA,"OR5A1",NA
NA,"OR56A3",NA
NA,"TAC3",NA
NA,"OR3A1",NA
NA,"OR10H5",NA
NA,"NCRNA00152",NA
NA,"MFI2-AS1",NA
NA,"OR2V2",NA
NA,"LSAMP",NA
NA,"KAZN",NA
NA,"LOC729970",NA
NA,"ZNHIT3",NA
NA,"FONG",NA
NA,"CRIP3",NA
NA,"RAB19",NA
NA,"MYO5B",NA
NA,"MAGI1",NA
NA,"IQSEC1",NA
NA,"POLD4",NA
NA,"PGLYRP1",NA
NA,"IGFL2",NA
NA,"CCL20",NA
NA,"HRCT1",NA
NA,"RPS4X",NA
NA,"RICTOR",NA
NA,"RUNX1T1",NA
NA,"MIR554",NA
NA,"MIR92B",NA
NA,"MIR555",NA
NA,"MIR610",NA
NA,"MIR3974",NA
NA,"MIR615",NA
NA,"MIR622",NA
NA,"MIR411",NA
NA,"MIR549",NA
NA,"MIR33B",NA
NA,"MIR559",NA
NA,"SNORD119",NA
NA,"MIR647",NA
NA,"MIR650",NA
NA,"MIR551B",NA
NA,"MIR569",NA
NA,"MIR1324",NA
NA,"MIR577",NA
NA,"MIR578",NA
NA,"MIR574",NA
NA,"MIR3661",NA
NA,"MIR581",NA
NA,"MIR595",NA
NA,"MIR455",NA
NA,"MIR2278",NA
NA,"MIR19B2",NA
NA,"OR2G6",NA
NA,"OR2T11",NA
NA,"OR52A5",NA
NA,"OR5AP2",NA
NA,"CABP2",NA
NA,"OR2AG2",NA
NA,"SLX1B",NA
NA,"OR5K2",NA
NA,"OR2K2",NA
NA,"OR1K1",NA
NA,"PCDHA9",NA
NA,"RPS7P5",NA
NA,"GSTP1",NA
NA,"OR5K1",NA
NA,"LOC494558",NA
NA,"C20orf177",NA
NA,"BTBD7",NA
NA,"MGC4473",NA
NA,"NDUFS3",NA
NA,"PXMP2",NA
NA,"ISG20",NA
NA,"PRSS41",NA
NA,"LOC390940",NA
NA,"GNG11",NA
NA,"MAF",NA
NA,"GON4L",NA
NA,"OR6N2",NA
NA,"TMEM52",NA
NA,"OR2B11",NA
NA,"OR2G2",NA
NA,"OR2T27",NA
NA,"OR52M1",NA
NA,"OR52E8",NA
NA,"OR10A5",NA
NA,"TAS2R14",NA
NA,"OR10AD1",NA
NA,"FTH1P3",NA
NA,"OR2F2",NA
NA,"ZNF148",NA
NA,"FAM167B",NA
NA,"C17orf64",NA
NA,"1/2-SBSRNA4",NA
NA,"UXT",NA
NA,"XAGE2",NA
NA,"POM121L10P",NA
NA,"ADAM22",NA
NA,"LEMD1",NA
NA,"CDA",NA
NA,"CST9L",NA
NA,"FLNB",NA
NA,"USP17",NA
NA,"SORBS2",NA
NA,"AFF4",NA
NA,"OR2T3",NA
NA,"OR2T34",NA
NA,"OR4D5",NA
NA,"GLIPR1L1",NA
NA,"ETHE1",NA
NA,"FITM2",NA
NA,"GP1BB",NA
NA,"BRP44L",NA
NA,"TAS2R60",NA
NA,"OR2A2",NA
NA,"OR13C4",NA
NA,"OR13C5",NA
NA,"OR13C2",NA
NA,"OR13C9",NA
NA,"OR1B1",NA
NA,"OPA3",NA
NA,"MRPS15",NA
NA,"SAT2",NA
NA,"TET1",NA
NA,"TNKS",NA
NA,"LIPT2",NA
NA,"RAPGEF6",NA
NA,"S100A2",NA
NA,"OR8K1",NA
NA,"OR56B4",NA
NA,"TAS2R30",NA
NA,"OR7C2",NA
NA,"VENTXP7",NA
NA,"GPR31",NA
NA,"OR13F1",NA
NA,"LAMA1",NA
NA,"MIR135B",NA
NA,"MIR3663",NA
NA,"MIR603",NA
NA,"MIR548C",NA
NA,"MIR617",NA
NA,"MIR655",NA
NA,"MIR624",NA
NA,"SNORD116-1",NA
NA,"SNORD116-8",NA
NA,"MIR627",NA
NA,"MIR629",NA
NA,"MIR630",NA
NA,"SNORD7",NA
NA,"MIR634",NA
NA,"MIR642A",NA
NA,"SNORD88B",NA
NA,"SNORD88A",NA
NA,"SNORD88C",NA
NA,"MIR561",NA
NA,"MIR659",NA
NA,"MIR570",NA
NA,"MIR580",NA
NA,"MIR449B",NA
NA,"MIR548B",NA
NA,"MIR548A1",NA
NA,"MIR586",NA
NA,"MIR592",NA
NA,"MIR550A1",NA
NA,"MIR550A2",NA
NA,"MIR590",NA
NA,"MIR598",NA
NA,"MIR597",NA
NA,"MIR219-2",NA
NA,"MIR23B",NA
NA,"MIR27B",NA
NA,"MIR542",NA
NA,"MIR660",NA
NA,"MIR651",NA
NA,"UBE2MP1",NA
NA,"STX8",NA
NA,"SOD1",NA
NA,"LOC100507387",NA
NA,"ERC1",NA
NA,"CHD2",NA
NA,"KIAA0125",NA
NA,"G0S2",NA
NA,"LOC255654",NA
NA,"LOC100133445",NA
NA,"TCAP",NA
NA,"ALG1L2",NA
NA,"SPINK6",NA
NA,"LOC100616530",NA
NA,"UHRF1BP1",NA
NA,"FN1",NA
NA,"ODZ2",NA
NA,"ARID1B",NA
NA,"OR2T33",NA
NA,"OR2T12",NA
NA,"OR52H1",NA
NA,"OR52N1",NA
NA,"OR52W1",NA
NA,"OR2AT4",NA
NA,"IGFBP6",NA
NA,"OR7C1",NA
NA,"OR2W1",NA
NA,"OR13C8",NA
NA,"OR5C1",NA
NA,"IFNA10",NA
NA,"HRNR",NA
NA,"CHD5",NA
NA,"RGPD6",NA
NA,"LAMA2",NA
NA,"GRAPL",NA
NA,"ODF3B",NA
NA,"C9orf103",NA
NA,"ZFYVE26",NA
NA,"BACH2",NA
NA,"SLC7A11",NA
NA,"CLEC1B",NA
NA,"C12orf71",NA
NA,"GJD2",NA
NA,"RPL14",NA
NA,"FAM159B",NA
NA,"VCX",NA
NA,"KIAA1683",NA
NA,"N4BP2",NA
NA,"OR51G1",NA
NA,"OR51V1",NA
NA,"OR52N2",NA
NA,"MRGPRD",NA
NA,"PCOTH",NA
NA,"RPL23A",NA
NA,"OR3A3",NA
NA,"OR5K4",NA
NA,"OR14J1",NA
NA,"RLN1",NA
NA,"TPR",NA
NA,"ADAMTS5",NA
NA,"C16orf78",NA
NA,"MRPL34",NA
NA,"TMEM14B",NA
NA,"FAM38B",NA
NA,"CADM2",NA
NA,"SPIC",NA
NA,"C4orf47",NA
NA,"POLR2K",NA
NA,"PRDM2",NA
NA,"OR11L1",NA
NA,"RGS10",NA
NA,"COMTD1",NA
NA,"OR5P2",NA
NA,"IFT20",NA
NA,"LOC100128531",NA
NA,"TMEM42",NA
NA,"MED30",NA
NA,"RPL8",NA
NA,"OR1J1",NA
NA,"IRGQ",NA
NA,"NKX1-2",NA
NA,"LOC643923",NA
NA,"UBB",NA
NA,"SF3B3",NA
NA,"PCSK5",NA
NA,"A1CF",NA
NA,"MIR557",NA
NA,"SNORD46",NA
NA,"MIR936",NA
NA,"MIR670",NA
NA,"MIR618",NA
NA,"MIR623",NA
NA,"MIR345",NA
NA,"MIR770",NA
NA,"SNORD116-4",NA
NA,"SNORD116-26",NA
NA,"MIR744",NA
NA,"MIR635",NA
NA,"MIR657",NA
NA,"MIR639",NA
NA,"MIR548F2",NA
NA,"MIR4440",NA
NA,"MIR567",NA
NA,"MIR15B",NA
NA,"MIR3945",NA
NA,"VTRNA1-1",NA
NA,"MIR378D2",NA
NA,"MIR602",NA
NA,"MIR424",NA
NA,"C14orf183",NA
NA,"CIB1",NA
NA,"KRTAP1-3",NA
NA,"CLDND2",NA
NA,"PCSK1N",NA
NA,"SMC1A",NA
NA,"GOLGA3",NA
NA,"ST8SIA1",NA
NA,"OR2T35",NA
NA,"OR6T1",NA
NA,"OR51S1",NA
NA,"OR52B2",NA
NA,"OR1E2",NA
NA,"SPACA4",NA
NA,"C2orf74",NA
NA,"TAS2R40",NA
NA,"OR2AE1",NA
NA,"HIVEP2",NA
NA,"SSH1",NA
NA,"NAV3",NA
NA,"C10orf113",NA
NA,"MRPL48",NA
NA,"C11orf75",NA
NA,"TMED8",NA
NA,"TRAPPC1",NA
NA,"POLR2J",NA
NA,"LOC283033",NA
NA,"MRPL18",NA
NA,"BTBD9",NA
NA,"TRIM66",NA
NA,"SCN9A",NA
NA,"OR6K2",NA
NA,"OR2T2",NA
NA,"OR52I1",NA
NA,"OR5A2",NA
NA,"EBPL",NA
NA,"OR11H4",NA
NA,"NCRNA00240",NA
NA,"TREML1",NA
NA,"GUSBP10",NA
NA,"OR1L3",NA
NA,"ARHGAP5",NA
NA,"CACNA1B",NA
NA,"AGR2",NA
NA,"LOC541473",NA
NA,"PEG3",NA
NA,"POC1B-GALNT4",NA
NA,"RASSF2",NA
NA,"C6orf168",NA
NA,"SHC3",NA
NA,"LOC100129924",NA
NA,"LOC100131733",NA
NA,"TP53TG5",NA
NA,"CETN3",NA
NA,"PSMB7",NA
NA,"SWI5",NA
NA,"DCTN3",NA
NA,"PHACTR2",NA
NA,"PML",NA
NA,"SNTB2",NA
NA,"SOX6",NA
NA,"CALY",NA
NA,"MPZL3",NA
NA,"OR52E2",NA
NA,"OR1S2",NA
NA,"TMEM134",NA
NA,"RRAS",NA
NA,"PSMA7",NA
NA,"OR5H6",NA
NA,"CREB1",NA
NA,"SH3BP2",NA
NA,"C1orf105",NA
NA,"BATF3",NA
NA,"MXRA5",NA
NA,"ARHGEF12",NA
NA,"RPL28",NA
NA,"C11orf1",NA
NA,"SPEM1",NA
NA,"GDAP2",NA
NA,"UNC13A",NA
NA,"ADARB1",NA
NA,"PLEKHM3",NA
NA,"MIR3659",NA
NA,"MIR3664",NA
NA,"MIR148B",NA
NA,"SNORD126",NA
NA,"SNORD127",NA
NA,"MIR636",NA
NA,"MIR637",NA
NA,"MIR641",NA
NA,"MIR4265",NA
NA,"MIR138-1",NA
NA,"MIR573",NA
NA,"MIR146A",NA
NA,"MIR589",NA
NA,"MIR3914-1",NA
NA,"TECTB",NA
NA,"OR8A1",NA
NA,"KRTAP9-9",NA
NA,"OR11H1",NA
NA,"PRSS46",NA
NA,"HELT",NA
NA,"HSD17B8",NA
NA,"CELP",NA
NA,"IFNA4",NA
NA,"LOC642929",NA
NA,"TMEM85",NA
NA,"GNG13",NA
NA,"HYALP1",NA
NA,"GATSL1",NA
NA,"GATSL2",NA
NA,"HPYR1",NA
NA,"SSX6",NA
NA,"NEDD4L",NA
NA,"CDV3",NA
NA,"GNLY",NA
NA,"LOC285359",NA
NA,"PRSS48",NA
NA,"SPRR3",NA
NA,"OR9G4",NA
NA,"PPP1R14B",NA
NA,"B2M",NA
NA,"LYG1",NA
NA,"ZAK",NA
NA,"OR1F2P",NA
NA,"IGSF23",NA
NA,"C6orf94",NA
NA,"STRA8",NA
NA,"NCRNA00099",NA
NA,"NCRNA00263",NA
NA,"MMP26",NA
NA,"LOC645249",NA
NA,"SSR1",NA
NA,"OR4A16",NA
NA,"KRTAP9-8",NA
NA,"EIF3IP1",NA
NA,"NPBWR1",NA
NA,"KIF21B",NA
NA,"XPO4",NA
NA,"UNC5C",NA
NA,"CNTNAP2",NA
NA,"LOC727849",NA
NA,"APBB2",NA
NA,"FAM58BP",NA
NA,"TMEM54",NA
NA,"EXOSC5",NA
NA,"MRPS6",NA
NA,"LOC100507582",NA
NA,"AMTN",NA
NA,"PTPN3",NA
NA,"LOC100506241",NA
NA,"LOC285375",NA
NA,"GRXCR1",NA
NA,"UBD",NA
NA,"OR10J3",NA
NA,"C10orf82",NA
NA,"OR4C3",NA
NA,"LOC646862",NA
NA,"CA5BP1",NA
NA,"SHISA9",NA
NA,"MIR3605",NA
NA,"MIR608",NA
NA,"MIR612",NA
NA,"MIR135A2",NA
NA,"MIR376B",NA
NA,"MIR4311",NA
NA,"SNORD16",NA
NA,"SULT1A3",NA
NA,"MIR140",NA
NA,"MIR5047",NA
NA,"MIR638",NA
NA,"MIR4441",NA
NA,"MIR658",NA
NA,"VTRNA2-1",NA
NA,"MIR3660",NA
NA,"MIR593",NA
NA,"MIR23C",NA
NA,"FLJ35776",NA
NA,"DEFA1B",NA
NA,"PRX",NA
NA,"IKZF2",NA
NA,"MBNL1",NA
NA,"GPR112",NA
NA,"AKAP11",NA
NA,"C13orf26",NA
NA,"TNFRSF17",NA
NA,"KRTAP9-3",NA
NA,"LOC100499183",NA
NA,"C9orf46",NA
NA,"EPB41L5",NA
NA,"CYB561D1",NA
NA,"LRRC27",NA
NA,"CR1",NA
NA,"PCDH19",NA
NA,"BTG4",NA
NA,"OR2D3",NA
NA,"OR11H6",NA
NA,"GPX2",NA
NA,"LOC91450",NA
NA,"ODF1",NA
NA,"OR1N2",NA
NA,"VCX3A",NA
NA,"CCDC88A",NA
NA,"PCYT1B",NA
NA,"PDE11A",NA
NA,"PLA2G10",NA
NA,"C16orf3",NA
NA,"WFDC3",NA
NA,"GGNBP1",NA
NA,"SLC24A4",NA
NA,"OR10A4",NA
NA,"ROPN1B",NA
NA,"UCP1",NA
NA,"DCX",NA
NA,"CELA3B",NA
NA,"PIN1P1",NA
NA,"OR6S1",NA
NA,"VKORC1",NA
NA,"OR6B3",NA
NA,"FABP7",NA
NA,"UFSP1",NA
NA,"WDFY4",NA
NA,"MCTS1",NA
NA,"MRPL46",NA
NA,"PRTN3",NA
NA,"CYTL1",NA
NA,"AKAP14",NA
NA,"CACNA1I",NA
NA,"OR2AG1",NA
NA,"LOC643714",NA
NA,"CSHL1",NA
NA,"LSMD1",NA
NA,"NTF4",NA
NA,"LOC100128590",NA
NA,"FLJ46906",NA
NA,"MAP2",NA
NA,"CALN1",NA
NA,"MASP1",NA
NA,"DRAP1",NA
NA,"PRH1-PRR4",NA
NA,"PSMB10",NA
NA,"GABARAPL2",NA
NA,"METTL11A",NA
NA,"C5orf41",NA
NA,"TRPS1",NA
NA,"PART1",NA
NA,"ZHX3",NA
NA,"MRPL24",NA
NA,"LOC255512",NA
NA,"MOGAT2",NA
NA,"TAS2R50",NA
NA,"BLOC1S1",NA
NA,"C1QTNF9B",NA
NA,"TRAPPC5",NA
NA,"LOC100329109",NA
NA,"MPV17",NA
NA,"LOC100507254",NA
NA,"GFRA1",NA
NA,"USP9Y",NA
NA,"",NA
NA,".1",NA
NA,".2",NA
NA,".3",NA
NA,".4",NA
NA,".5",NA
NA,".6",NA
NA,".7",NA
NA,".8",NA
NA,".9",NA
NA,".10",NA
NA,".11",NA
NA,".12",NA
NA,".13",NA
NA,".14",NA
NA,".15",NA
NA,".16",NA
NA,".17",NA
NA,".18",NA
NA,".19",NA
NA,".20",NA
NA,".21",NA
NA,".22",NA
NA,".23",NA
NA,".24",NA
NA,".25",NA
NA,".26",NA
NA,".27",NA
NA,".28",NA
NA,".29",NA
NA,".30",NA
NA,".31",NA
NA,".32",NA
NA,".33",NA
NA,".34",NA
NA,".35",NA
NA,".36",NA
NA,".37",NA
NA,".38",NA
NA,".39",NA
NA,".40",NA
NA,".41",NA
NA,".42",NA
NA,".43",NA
NA,".44",NA
NA,".45",NA
NA,".46",NA
NA,".47",NA
NA,".48",NA
NA,".49",NA
NA,".50",NA
NA,".51",NA
NA,".52",NA
NA,".53",NA
NA,".54",NA
NA,".55",NA
NA,".56",NA
NA,".57",NA
NA,".58",NA
NA,".59",NA
NA,".60",NA
NA,".61",NA
NA,".62",NA
NA,".63",NA
NA,".64",NA
NA,".65",NA
NA,".66",NA
NA,".67",NA
NA,".68",NA
NA,".69",NA
NA,".70",NA
NA,".71",NA
NA,".72",NA
NA,".73",NA
NA,".74",NA
NA,".75",NA
NA,".76",NA
NA,".77",NA
NA,".78",NA
NA,".79",NA
NA,".80",NA
NA,".81",NA
NA,".82",NA
NA,".83",NA
NA,".84",NA
NA,".85",NA
NA,".86",NA
NA,".87",NA
NA,".88",NA
NA,".89",NA
NA,".90",NA
NA,".91",NA
NA,".92",NA
NA,".93",NA
NA,".94",NA
NA,".95",NA
NA,".96",NA
NA,".97",NA
NA,".98",NA
NA,".99",NA
NA,".100",NA
NA,".101",NA
NA,".102",NA
NA,".103",NA
NA,".104",NA
NA,".105",NA
NA,".106",NA
NA,".107",NA
NA,".108",NA
NA,".109",NA
NA,".110",NA
NA,".111",NA
NA,".112",NA
NA,".113",NA
NA,".114",NA
NA,".115",NA
NA,".116",NA
NA,".117",NA
NA,".118",NA
NA,".119",NA
NA,".120",NA
NA,".121",NA
NA,".122",NA
NA,".123",NA
NA,".124",NA
NA,".125",NA
NA,".126",NA
NA,".127",NA
NA,".128",NA
NA,".129",NA
NA,".130",NA
NA,".131",NA
NA,".132",NA
NA,".133",NA
NA,".134",NA
NA,".135",NA
NA,".136",NA
NA,".137",NA
NA,".138",NA
NA,".139",NA
NA,".140",NA
NA,".141",NA
NA,".142",NA
NA,".143",NA
NA,".144",NA
NA,".145",NA
NA,".146",NA
NA,".147",NA
NA,".148",NA
NA,".149",NA
NA,".150",NA
NA,".151",NA
NA,".152",NA
NA,".153",NA
NA,".154",NA
NA,".155",NA
NA,".156",NA
NA,".157",NA
NA,".158",NA
NA,".159",NA
NA,".160",NA
NA,".161",NA
NA,".162",NA
NA,".163",NA
NA,".164",NA
NA,".165",NA
NA,".166",NA
NA,".167",NA
NA,".168",NA
NA,".169",NA
NA,".170",NA
NA,".171",NA
NA,".172",NA
NA,".173",NA
NA,".174",NA
NA,".175",NA
NA,".176",NA
NA,".177",NA
NA,".178",NA
NA,".179",NA
NA,".180",NA
NA,".181",NA
NA,".182",NA
NA,".183",NA
NA,".184",NA
NA,".185",NA
NA,".186",NA
NA,".187",NA
NA,".188",NA
NA,".189",NA
NA,".190",NA
NA,".191",NA
NA,".192",NA
NA,".193",NA
NA,".194",NA
NA,".195",NA
NA,".196",NA
NA,".197",NA
NA,".198",NA
NA,".199",NA
NA,".200",NA
NA,".201",NA
NA,".202",NA
NA,".203",NA
NA,".204",NA
NA,".205",NA
NA,".206",NA
NA,".207",NA
NA,".208",NA
NA,".209",NA
NA,".210",NA
NA,".211",NA
NA,".212",NA
NA,".213",NA
NA,".214",NA
NA,".215",NA
NA,".216",NA
NA,".217",NA
NA,".218",NA
NA,".219",NA
NA,".220",NA
NA,".221",NA
NA,".222",NA
NA,".223",NA
NA,".224",NA
NA,".225",NA
NA,".226",NA
NA,".227",NA
NA,".228",NA
NA,".229",NA
NA,".230",NA
NA,".231",NA
NA,".232",NA
NA,".233",NA
NA,".234",NA
NA,".235",NA
NA,".236",NA
NA,".237",NA
NA,".238",NA
NA,".239",NA
NA,".240",NA
NA,".241",NA
NA,".242",NA
NA,".243",NA
NA,".244",NA
NA,".245",NA
NA,".246",NA
NA,".247",NA
NA,".248",NA
NA,".249",NA
NA,".250",NA
NA,".251",NA
NA,".252",NA
NA,".253",NA
NA,".254",NA
NA,".255",NA
NA,".256",NA
NA,".257",NA
NA,".258",NA
NA,".259",NA
NA,".260",NA
NA,".261",NA
NA,".262",NA
NA,".263",NA
NA,".264",NA
NA,".265",NA
NA,".266",NA
NA,".267",NA
NA,".268",NA
NA,".269",NA
NA,".270",NA
NA,".271",NA
NA,".272",NA
NA,".273",NA
NA,".274",NA
NA,".275",NA
NA,".276",NA
NA,".277",NA
NA,".278",NA
NA,".279",NA
NA,".280",NA
NA,".281",NA
NA,".282",NA
NA,".283",NA
NA,".284",NA
NA,".285",NA
NA,".286",NA
NA,".287",NA
NA,".288",NA
NA,".289",NA
NA,".290",NA
NA,".291",NA
NA,".292",NA
NA,".293",NA
NA,".294",NA
NA,".295",NA
NA,".296",NA
NA,".297",NA
NA,".298",NA
NA,".299",NA
NA,".300",NA
NA,".301",NA
NA,".302",NA
NA,".303",NA
NA,".304",NA
NA,".305",NA
NA,".306",NA
NA,".307",NA
NA,".308",NA
NA,".309",NA
NA,".310",NA
NA,".311",NA
NA,".312",NA
NA,".313",NA
NA,".314",NA
NA,".315",NA
NA,".316",NA
NA,".317",NA
NA,".318",NA
NA,".319",NA
NA,".320",NA
NA,".321",NA
NA,".322",NA
NA,".323",NA
NA,".324",NA
NA,".325",NA
NA,".326",NA
NA,".327",NA
NA,".328",NA
NA,".329",NA
NA,".330",NA
NA,".331",NA
NA,".332",NA
NA,".333",NA
NA,".334",NA
NA,".335",NA
NA,".336",NA
NA,".337",NA
NA,".338",NA
NA,".339",NA
NA,".340",NA
NA,".341",NA
NA,".342",NA
NA,".343",NA
NA,".344",NA
NA,".345",NA
NA,".346",NA
NA,".347",NA
NA,".348",NA
NA,".349",NA
NA,".350",NA
NA,".351",NA
NA,".352",NA
NA,".353",NA
NA,".354",NA
NA,".355",NA
NA,".356",NA
NA,".357",NA
NA,".358",NA
NA,".359",NA
NA,".360",NA
NA,".361",NA
NA,".362",NA
NA,".363",NA
NA,".364",NA
NA,".365",NA
NA,".366",NA
NA,".367",NA
NA,".368",NA
NA,".369",NA
NA,".370",NA
NA,".371",NA
NA,".372",NA
NA,".373",NA
NA,".374",NA
NA,".375",NA
NA,".376",NA
NA,".377",NA
NA,".378",NA
NA,".379",NA
NA,".380",NA
NA,".381",NA
NA,".382",NA
NA,".383",NA
NA,".384",NA
NA,".385",NA
NA,".386",NA
NA,".387",NA
NA,".388",NA
NA,".389",NA
NA,".390",NA
NA,".391",NA
NA,".392",NA
NA,".393",NA
NA,".394",NA
NA,".395",NA
NA,".396",NA
NA,".397",NA
NA,".398",NA
NA,".399",NA
NA,".400",NA
NA,".401",NA
NA,".402",NA
NA,".403",NA
NA,".404",NA
NA,".405",NA
NA,".406",NA
NA,".407",NA
NA,".408",NA
NA,".409",NA
NA,".410",NA
NA,".411",NA
NA,".412",NA
NA,".413",NA
NA,".414",NA
NA,".415",NA
NA,".416",NA
NA,".417",NA
NA,".418",NA
NA,".419",NA
NA,".420",NA
NA,".421",NA
NA,".422",NA
NA,".423",NA
NA,".424",NA
NA,".425",NA
NA,".426",NA
NA,".427",NA
NA,".428",NA
NA,".429",NA
NA,".430",NA
NA,".431",NA
NA,".432",NA
NA,".433",NA
NA,".434",NA
NA,".435",NA
NA,".436",NA
NA,".437",NA
NA,".438",NA
NA,".439",NA
NA,".440",NA
NA,".441",NA
NA,".442",NA
NA,".443",NA
NA,".444",NA
NA,".445",NA
NA,".446",NA
NA,".447",NA
NA,".448",NA
NA,".449",NA
NA,".450",NA
NA,".451",NA
NA,".452",NA
NA,".453",NA
NA,".454",NA
NA,".455",NA
NA,".456",NA
NA,".457",NA
NA,".458",NA
NA,".459",NA
NA,".460",NA
NA,".461",NA
NA,".462",NA
NA,".463",NA
NA,".464",NA
NA,".465",NA
NA,".466",NA
NA,".467",NA
NA,".468",NA
NA,".469",NA
NA,".470",NA
NA,".471",NA
NA,".472",NA
NA,".473",NA
NA,".474",NA
NA,".475",NA
NA,".476",NA
NA,".477",NA
NA,".478",NA
NA,".479",NA
NA,".480",NA
NA,".481",NA
NA,".482",NA
NA,".483",NA
NA,".484",NA
NA,".485",NA
NA,".486",NA
NA,".487",NA
NA,".488",NA
NA,".489",NA
NA,".490",NA
NA,".491",NA
NA,".492",NA
NA,".493",NA
NA,".494",NA
NA,".495",NA
NA,".496",NA
NA,".497",NA
NA,".498",NA
NA,".499",NA
NA,".500",NA
NA,".501",NA
NA,".502",NA
NA,".503",NA
NA,".504",NA
NA,".505",NA
NA,".506",NA
NA,".507",NA
NA,".508",NA
NA,".509",NA
NA,".510",NA
NA,".511",NA
NA,".512",NA
NA,".513",NA
NA,".514",NA
NA,".515",NA
NA,".516",NA
NA,".517",NA
NA,".518",NA
NA,".519",NA
NA,".520",NA
NA,".521",NA
NA,".522",NA
NA,".523",NA
NA,".524",NA
NA,".525",NA
NA,".526",NA
NA,".527",NA
NA,".528",NA
NA,".529",NA
NA,".530",NA
NA,".531",NA
NA,".532",NA
NA,".533",NA
NA,".534",NA
NA,".535",NA
NA,".536",NA
NA,".537",NA
NA,".538",NA
NA,".539",NA
NA,".540",NA
NA,".541",NA
NA,".542",NA
NA,".543",NA
NA,".544",NA
NA,".545",NA
NA,".546",NA
NA,".547",NA
NA,".548",NA
NA,".549",NA
NA,".550",NA
NA,".551",NA
NA,".552",NA
NA,".553",NA
NA,".554",NA
NA,".555",NA
NA,".556",NA
NA,".557",NA
NA,".558",NA
NA,".559",NA
NA,".560",NA
NA,".561",NA
NA,".562",NA
NA,".563",NA
NA,".564",NA
NA,".565",NA
NA,".566",NA
NA,".567",NA
NA,".568",NA
NA,".569",NA
NA,".570",NA
NA,".571",NA
NA,".572",NA
NA,".573",NA
NA,".574",NA
NA,".575",NA
NA,".576",NA
NA,".577",NA
NA,".578",NA
NA,".579",NA
NA,".580",NA
NA,".581",NA
NA,".582",NA
NA,".583",NA
NA,".584",NA
NA,".585",NA
NA,".586",NA
NA,".587",NA
NA,".588",NA
NA,".589",NA
NA,".590",NA
NA,".591",NA
NA,".592",NA
NA,".593",NA
NA,".594",NA
NA,".595",NA
NA,".596",NA
NA,".597",NA
NA,".598",NA
NA,".599",NA
NA,".600",NA
NA,".601",NA
NA,".602",NA
NA,".603",NA
NA,".604",NA
NA,".605",NA
NA,".606",NA
NA,".607",NA
NA,".608",NA
NA,".609",NA
NA,".610",NA
NA,".611",NA
NA,".612",NA
NA,".613",NA
NA,".614",NA
NA,".615",NA
NA,".616",NA
NA,".617",NA
NA,".618",NA
NA,".619",NA
NA,".620",NA
NA,".621",NA
NA,".622",NA
NA,".623",NA
NA,".624",NA
NA,".625",NA
NA,".626",NA
NA,".627",NA
NA,".628",NA
NA,".629",NA
NA,".630",NA
NA,".631",NA
NA,".632",NA
NA,".633",NA
NA,".634",NA
NA,".635",NA
NA,".636",NA
NA,".637",NA
NA,".638",NA
NA,".639",NA
NA,".640",NA
NA,".641",NA
NA,".642",NA
NA,".643",NA
NA,".644",NA
NA,".645",NA
NA,".646",NA
NA,".647",NA
NA,".648",NA
NA,".649",NA
NA,".650",NA
NA,".651",NA
NA,".652",NA
NA,".653",NA
NA,".654",NA
NA,".655",NA
NA,".656",NA
NA,".657",NA
NA,".658",NA
NA,".659",NA
NA,".660",NA
NA,".661",NA
NA,".662",NA
NA,".663",NA
NA,".664",NA
NA,".665",NA
NA,".666",NA
NA,".667",NA
NA,".668",NA
NA,".669",NA
NA,".670",NA
NA,".671",NA
NA,".672",NA
NA,".673",NA
NA,".674",NA
NA,".675",NA
NA,".676",NA
NA,".677",NA
NA,".678",NA
NA,".679",NA
NA,".680",NA
NA,".681",NA
NA,".682",NA
NA,".683",NA
NA,".684",NA
NA,".685",NA
NA,".686",NA
NA,".687",NA
NA,".688",NA
NA,".689",NA
NA,".690",NA
NA,".691",NA
NA,".692",NA
NA,".693",NA
NA,".694",NA
NA,".695",NA
NA,".696",NA
NA,".697",NA
NA,".698",NA
NA,".699",NA
NA,".700",NA
NA,".701",NA
NA,".702",NA
NA,".703",NA
NA,".704",NA
NA,".705",NA
NA,".706",NA
NA,".707",NA
NA,".708",NA
NA,".709",NA
NA,".710",NA
NA,".711",NA
NA,".712",NA
NA,".713",NA
NA,".714",NA
NA,".715",NA
NA,".716",NA
NA,".717",NA
NA,".718",NA
NA,".719",NA
NA,".720",NA
NA,".721",NA
NA,".722",NA
NA,".723",NA
NA,".724",NA
NA,".725",NA
NA,".726",NA
NA,".727",NA
NA,".728",NA
NA,".729",NA
NA,".730",NA
NA,".731",NA
NA,".732",NA
NA,".733",NA
NA,".734",NA
NA,".735",NA
NA,".736",NA
NA,".737",NA
NA,".738",NA
NA,".739",NA
NA,".740",NA
NA,".741",NA
NA,".742",NA
NA,".743",NA
NA,".744",NA
NA,".745",NA
NA,".746",NA
NA,".747",NA
NA,".748",NA
NA,".749",NA
NA,".750",NA
NA,".751",NA
NA,".752",NA
NA,".753",NA
NA,".754",NA
NA,".755",NA
NA,".756",NA
NA,".757",NA
NA,".758",NA
NA,".759",NA
NA,".760",NA
NA,".761",NA
NA,".762",NA
NA,".763",NA
NA,".764",NA
NA,".765",NA
NA,".766",NA
NA,".767",NA
NA,".768",NA
NA,".769",NA
NA,".770",NA
NA,".771",NA
NA,".772",NA
NA,".773",NA
NA,".774",NA
NA,".775",NA
NA,".776",NA
NA,".777",NA
NA,".778",NA
NA,".779",NA
NA,".780",NA
NA,".781",NA
NA,".782",NA
NA,".783",NA
NA,".784",NA
NA,".785",NA
NA,".786",NA
NA,".787",NA
NA,".788",NA
NA,".789",NA
NA,".790",NA
NA,".791",NA
NA,".792",NA
NA,".793",NA
NA,".794",NA
NA,".795",NA
NA,".796",NA
NA,".797",NA
NA,".798",NA
NA,".799",NA
NA,".800",NA
NA,".801",NA
NA,".802",NA
NA,".803",NA
NA,".804",NA
NA,".805",NA
NA,".806",NA
NA,".807",NA
NA,".808",NA
NA,".809",NA
NA,".810",NA
NA,".811",NA
NA,".812",NA
NA,".813",NA
NA,".814",NA
NA,".815",NA
NA,".816",NA
NA,".817",NA
NA,".818",NA
NA,".819",NA
NA,".820",NA
NA,".821",NA
NA,".822",NA
NA,".823",NA
NA,".824",NA
NA,".825",NA
NA,".826",NA
NA,".827",NA
NA,".828",NA
NA,".829",NA
NA,".830",NA
NA,".831",NA
NA,".832",NA
NA,".833",NA
NA,".834",NA
NA,".835",NA
NA,".836",NA
NA,".837",NA
NA,".838",NA
NA,".839",NA
